timestamp,video_id,category,language,region,duration_sec,views,likes,comments,shares,sentiment_score,ads_enabled
2024-09-14 05:08:02,VID_589765,Vlogs,Japanese,PK,873,6826,396,34,31,-0.082,True
2025-08-09 12:23:26,VID_577279,Tech Reviews,Urdu,UK,2335,11371,402,26,19,-0.873,False
2024-03-04 14:39:48,VID_890301,Gaming,English,BR,1895,7509,730,45,25,-0.764,True
2025-05-04 11:05:26,VID_613444,Education,Urdu,PK,841,17361,1302,122,25,-0.788,True
2024-09-22 20:22:31,VID_602671,Gaming,Japanese,IN,1246,18494,756,63,42,0.521,False
2024-07-03 11:35:49,VID_712083,Music,Urdu,BR,3166,6432,596,67,14,-0.042,True
2024-02-26 12:47:42,VID_663532,Coding,Spanish,UK,223,32708,347,34,61,-0.306,False
2025-12-06 09:48:18,VID_441920,Education,Urdu,IN,2330,1989,183,28,4,0.55,True
2025-06-30 06:27:25,VID_443394,Vlogs,Spanish,IN,1434,47413,1223,187,169,-0.671,True
2025-04-06 23:44:44,VID_926893,Education,English,UK,1370,10573,178,16,12,-0.768,True
2024-06-20 02:09:44,VID_368509,Gaming,Japanese,US,2622,379,9,1,1,0.927,False
2025-04-22 08:40:51,VID_787403,Tech Reviews,Urdu,BR,472,6673,404,39,16,-0.974,True
2025-03-07 14:12:20,VID_627924,Tech Reviews,English,UK,775,5980,212,27,22,0.474,False
2025-04-29 03:12:43,VID_632181,Education,English,BR,1570,24734,1330,202,54,-0.552,True
2025-07-27 03:58:22,VID_524499,Gaming,Hindi,US,1048,653,28,1,1,0.973,True
2024-06-09 03:20:06,VID_691528,Tech Reviews,English,PK,1966,10982,377,66,15,0.685,False
2024-01-19 12:19:06,VID_422276,Education,Spanish,IN,2548,4647,123,23,19,-0.852,True
2025-08-31 10:26:55,VID_152929,Gaming,English,PK,923,3323,283,51,3,0.779,True
2024-04-14 23:14:50,VID_318961,Gaming,Japanese,IN,1983,1099,61,8,4,0.736,True
2024-07-14 10:38:27,VID_324597,Tech Reviews,Spanish,US,1473,2382,51,9,9,0.431,True
2025-05-15 17:00:54,VID_891334,Tech Reviews,Urdu,IN,720,4646,265,21,5,0.865,True
2024-10-19 15:17:17,VID_886011,Tech Reviews,Japanese,UK,3248,4533,147,8,9,-0.236,True
2024-12-27 03:57:47,VID_216651,Education,Spanish,BR,2246,357,27,1,1,0.778,False
2024-04-10 17:34:53,VID_527976,Tech Reviews,Spanish,UK,2662,8361,192,16,30,0.948,False
2024-01-23 18:08:57,VID_376168,Music,English,PK,191,916,54,10,1,0.003,False
2024-06-03 19:08:50,VID_937866,Vlogs,English,BR,2891,258,5,0,0,0.93,True
2024-09-29 13:39:01,VID_203731,Gaming,Hindi,US,2824,18235,1696,132,65,-0.674,True
2025-09-04 15:14:36,VID_903543,Coding,Urdu,IN,1956,3026,234,17,5,0.344,True
2024-01-30 03:57:43,VID_988409,Coding,Spanish,BR,694,6210,579,38,11,0.391,False
2024-01-06 19:57:53,VID_872137,Vlogs,Hindi,IN,2179,9465,592,36,38,0.986,False
2025-06-28 15:50:43,VID_903319,Music,Urdu,UK,885,4845,258,46,7,-0.374,True
2025-12-25 12:09:49,VID_612936,Vlogs,Spanish,US,3560,4170,103,12,6,0.454,True
2024-07-31 19:17:45,VID_549347,Vlogs,Hindi,IN,142,3557,274,22,6,0.996,True
2024-08-07 20:31:57,VID_454959,Vlogs,Urdu,US,3356,14601,1025,91,63,0.911,True
2024-11-16 10:10:38,VID_748774,Vlogs,Urdu,IN,3495,5302,528,55,25,0.115,True
2025-10-27 05:31:21,VID_586444,Music,Hindi,US,1589,3308,97,14,3,0.77,True
2025-01-05 20:21:27,VID_427541,Coding,English,UK,182,9602,219,34,43,0.029,True
2025-08-04 21:02:29,VID_110503,Education,Hindi,PK,1153,13247,1318,219,54,0.2,True
2024-02-14 21:28:33,VID_545792,Education,Urdu,IN,2081,7692,81,6,24,0.458,True
2024-03-18 05:03:13,VID_287551,Vlogs,English,US,1930,6067,526,52,9,-0.224,True
2025-11-11 14:00:00,VID_477950,Vlogs,Japanese,US,1355,10865,812,91,22,0.129,True
2025-01-10 07:41:14,VID_378019,Coding,Hindi,PK,411,1792,40,7,1,-0.324,True
2024-06-18 23:09:38,VID_251269,Tech Reviews,English,PK,746,3058,132,11,12,0.188,True
2024-09-14 00:41:00,VID_260381,Coding,Urdu,IN,3529,2550,140,7,6,0.566,False
2025-06-30 00:44:11,VID_125490,Tech Reviews,Hindi,BR,853,10313,812,118,41,-0.693,True
2024-11-30 11:09:44,VID_996870,Tech Reviews,Japanese,IN,1934,2439,83,4,10,0.813,True
2024-05-09 19:00:08,VID_254069,Education,English,PK,986,24210,891,102,55,0.023,True
2024-09-13 14:02:46,VID_784219,Gaming,Urdu,IN,3213,2780,198,12,8,-0.666,True
2024-05-20 00:53:05,VID_305455,Music,English,US,2065,35304,1980,313,92,0.481,True
2024-07-29 07:38:06,VID_738390,Tech Reviews,Spanish,UK,2207,4204,64,5,21,0.199,True
2025-05-11 18:26:40,VID_924689,Music,Japanese,PK,2097,19719,529,29,92,-0.635,True
2024-06-27 11:24:22,VID_557921,Vlogs,Spanish,UK,1521,25811,307,39,122,-0.836,True
2024-01-14 15:34:15,VID_451386,Tech Reviews,Hindi,BR,2652,10016,806,77,41,-0.815,True
2025-10-20 20:22:22,VID_424259,Vlogs,English,US,2923,20515,1001,50,65,0.127,True
2025-12-08 02:05:43,VID_415763,Gaming,Urdu,BR,109,7015,218,25,16,-0.174,True
2025-12-19 10:01:35,VID_646693,Vlogs,Urdu,IN,3440,9092,503,81,9,0.477,False
2024-06-08 11:43:59,VID_569381,Coding,English,UK,1697,1746,126,13,5,0.297,True
2024-03-10 15:26:10,VID_231567,Tech Reviews,English,IN,2115,17135,1691,312,33,-0.745,True
2024-02-01 22:44:24,VID_856571,Music,Hindi,US,2566,10111,864,73,38,0.833,True
2025-11-19 05:18:43,VID_152026,Education,Japanese,BR,3006,9501,843,105,27,0.424,True
2025-11-06 07:31:12,VID_128610,Music,English,US,2425,10987,675,125,28,-0.17,False
2024-03-08 18:43:58,VID_931894,Tech Reviews,Hindi,PK,1432,502,27,4,0,-0.371,True
2024-03-21 18:25:42,VID_670781,Education,English,PK,3480,21925,2085,354,22,0.277,True
2024-03-02 18:23:03,VID_601339,Music,Hindi,UK,2045,169,13,0,0,0.348,True
2025-06-30 14:51:22,VID_720757,Music,Hindi,US,926,137,8,0,0,0.073,False
2025-09-11 07:56:11,VID_798642,Tech Reviews,English,US,149,1999,47,2,4,0.445,True
2025-10-12 22:49:35,VID_857004,Education,Japanese,IN,1373,10749,324,60,39,-0.708,True
2024-07-26 18:17:38,VID_861925,Education,Urdu,US,2407,48194,2549,398,170,0.663,True
2024-04-21 14:34:38,VID_497708,Gaming,English,IN,2689,22435,793,140,82,0.521,True
2025-06-24 20:05:25,VID_604655,Education,English,US,2692,757,71,9,2,0.964,False
2024-12-03 14:03:11,VID_243038,Vlogs,English,IN,1101,31571,2041,339,32,0.11,True
2024-11-13 09:43:03,VID_929107,Education,English,IN,857,12448,616,75,23,0.931,True
2025-12-11 14:00:52,VID_354669,Education,Urdu,IN,1470,979,57,6,2,0.626,True
2025-05-11 17:06:14,VID_160677,Coding,Spanish,IN,498,12956,452,77,34,-0.44,True
2025-11-07 09:20:10,VID_363324,Tech Reviews,English,PK,2784,1352,31,5,6,0.232,False
2024-01-09 07:03:40,VID_156065,Coding,English,BR,3090,7819,145,28,26,-0.873,True
2025-02-13 10:52:09,VID_589538,Gaming,Japanese,BR,514,10153,650,87,45,0.66,True
2025-12-10 03:20:48,VID_642113,Music,Japanese,UK,240,6643,569,73,14,0.222,True
2024-07-28 11:21:26,VID_569034,Coding,Japanese,US,2906,22146,531,84,88,0.528,False
2025-05-30 02:17:38,VID_861268,Music,Urdu,PK,1673,1990,197,24,3,-0.117,True
2024-03-06 08:05:31,VID_886098,Gaming,Japanese,BR,3567,18886,441,55,58,0.19,False
2024-08-05 23:20:20,VID_514296,Gaming,Spanish,US,3385,3552,321,49,15,-0.546,True
2024-11-01 08:03:25,VID_481970,Music,English,PK,874,1313,89,9,6,0.235,True
2024-11-17 23:33:26,VID_568460,Music,Urdu,PK,1551,6609,124,11,8,-0.359,False
2025-05-19 05:28:43,VID_637723,Music,English,IN,1935,2495,71,7,8,0.432,True
2024-04-30 15:09:33,VID_288558,Tech Reviews,Spanish,IN,2662,4045,393,69,18,0.338,False
2025-01-18 12:23:53,VID_182523,Music,Hindi,PK,2746,12068,528,62,40,-0.457,True
2024-01-10 08:52:24,VID_980787,Education,Spanish,US,108,4001,154,24,19,0.115,True
2025-09-12 11:06:19,VID_601786,Tech Reviews,Hindi,PK,3418,12566,789,66,33,-0.691,True
2024-05-17 02:49:33,VID_611069,Coding,English,PK,1232,14603,742,119,62,-0.309,True
2025-12-29 21:49:44,VID_455833,Vlogs,English,UK,937,23283,1158,70,74,-0.466,True
2025-02-28 10:34:30,VID_914198,Music,Japanese,US,723,38401,2191,249,168,-0.21,True
2025-05-07 20:53:46,VID_946724,Gaming,Spanish,BR,2426,34208,2648,505,124,-0.545,True
2025-12-04 13:56:38,VID_806970,Gaming,English,IN,101,6014,261,38,16,-0.334,True
2024-05-18 13:13:52,VID_772672,Education,Hindi,PK,2303,364,22,1,0,0.12,True
2024-05-15 19:47:49,VID_446757,Tech Reviews,Hindi,PK,2781,12760,579,96,41,0.881,True
2024-10-15 10:24:53,VID_331029,Education,Hindi,IN,1787,747,59,9,1,0.487,True
2025-03-05 10:56:29,VID_872367,Education,Spanish,IN,3131,26233,2452,308,128,-0.83,True
2025-09-10 17:13:00,VID_946023,Tech Reviews,Japanese,IN,743,8810,638,69,42,-0.58,True
2025-05-25 02:48:11,VID_336113,Vlogs,Japanese,PK,2615,2946,162,25,7,-0.944,True
2025-12-29 01:05:20,VID_450108,Coding,Japanese,PK,1120,10125,691,125,16,0.338,False
2025-07-11 17:25:42,VID_139113,Music,Urdu,IN,1740,2301,81,15,3,0.513,True
2024-04-28 01:08:16,VID_259199,Music,English,IN,307,12850,932,58,25,0.646,True
2025-07-19 13:22:11,VID_298186,Education,Japanese,PK,3012,1630,60,9,6,0.859,True
2025-11-30 00:23:56,VID_276681,Education,Hindi,US,3259,1560,119,13,1,0.931,False
2024-06-03 23:18:52,VID_954391,Tech Reviews,Japanese,US,1319,5445,128,12,8,0.221,True
2025-02-18 22:26:29,VID_666157,Tech Reviews,English,UK,1430,25890,656,127,54,-0.595,True
2025-09-13 04:48:48,VID_159651,Tech Reviews,English,BR,1547,4435,341,39,14,-0.041,True
2025-05-02 04:24:38,VID_957209,Education,English,PK,1868,17389,1728,306,21,-0.852,True
2025-07-24 20:18:23,VID_534049,Gaming,Urdu,IN,3529,13993,539,96,19,-0.944,True
2024-07-09 22:30:34,VID_664106,Coding,Spanish,IN,1486,16528,666,57,70,0.959,True
2025-06-05 00:02:44,VID_656270,Vlogs,Urdu,PK,2939,1860,152,9,1,0.194,True
2025-09-30 19:19:55,VID_944344,Coding,Urdu,BR,850,11976,422,30,56,0.144,True
2025-05-13 12:59:08,VID_326936,Vlogs,Hindi,PK,1928,3191,92,8,4,0.436,True
2025-01-06 06:36:55,VID_609541,Gaming,Spanish,PK,3020,6727,627,64,22,0.478,True
2025-06-26 20:12:51,VID_452950,Gaming,Urdu,PK,2858,13679,1205,199,53,0.666,False
2025-01-22 03:48:54,VID_756463,Coding,Hindi,IN,2049,5960,589,112,6,-0.92,True
2024-06-18 15:32:29,VID_437035,Tech Reviews,Urdu,US,274,56322,3551,612,82,0.696,True
2025-12-13 12:58:41,VID_968139,Gaming,Urdu,BR,1379,517,50,8,0,-0.399,False
2025-11-10 14:30:34,VID_362290,Gaming,Spanish,US,658,1629,156,12,2,-0.443,True
2025-08-28 18:41:47,VID_193742,Music,Urdu,BR,2885,4959,203,13,6,-0.408,False
2024-02-07 01:52:13,VID_577269,Gaming,Japanese,BR,1156,13191,285,39,55,-0.42,True
2024-06-08 21:00:22,VID_428228,Music,Japanese,PK,635,1365,93,5,3,0.793,True
2025-11-23 00:57:34,VID_756104,Music,Japanese,UK,1433,1031,18,3,2,0.793,True
2025-09-13 05:03:11,VID_981411,Tech Reviews,English,IN,2424,3977,333,31,18,-0.794,True
2025-06-17 11:07:32,VID_371481,Education,English,UK,116,932,9,0,1,-0.072,False
2024-11-10 22:21:52,VID_703898,Vlogs,Urdu,IN,1557,21675,396,76,98,-0.325,True
2024-07-01 10:31:13,VID_773315,Music,Japanese,PK,2583,1133,49,8,1,0.582,False
2024-06-13 12:57:55,VID_922021,Music,English,PK,260,6577,255,31,7,-0.741,True
2025-11-28 09:11:48,VID_175217,Tech Reviews,Spanish,BR,2501,17653,1178,81,55,0.173,True
2024-07-20 12:57:25,VID_679724,Gaming,Spanish,BR,1704,9913,763,78,23,-0.409,True
2025-04-24 15:22:37,VID_487882,Education,English,IN,2646,888,13,1,4,0.822,False
2025-05-08 00:40:59,VID_838069,Tech Reviews,Urdu,BR,344,25970,2044,262,90,-0.061,False
2024-04-21 16:00:24,VID_328963,Gaming,Urdu,US,325,8765,528,49,34,0.52,False
2025-07-09 18:51:28,VID_728736,Music,English,PK,1178,54437,922,126,127,0.346,False
2025-06-29 14:12:05,VID_662042,Vlogs,Hindi,PK,2733,15634,223,20,17,-0.93,True
2024-09-03 17:35:57,VID_831943,Music,Spanish,US,346,6929,316,25,23,0.215,True
2025-10-09 09:54:04,VID_806821,Gaming,Japanese,PK,3442,23392,666,130,79,0.362,False
2024-12-08 19:32:22,VID_816316,Education,Urdu,US,1701,19635,1583,79,48,-0.154,True
2025-08-02 15:16:06,VID_357872,Coding,English,BR,2040,2473,69,6,4,-0.611,True
2024-03-27 05:04:13,VID_690909,Music,Hindi,US,2915,2796,209,16,5,0.077,True
2025-05-08 21:21:03,VID_451442,Music,Hindi,US,1673,203,4,0,1,0.646,True
2024-12-08 23:56:25,VID_223004,Music,Urdu,IN,688,17682,682,108,86,-0.219,True
2025-07-03 11:33:13,VID_159563,Tech Reviews,Hindi,IN,2261,586,55,8,0,0.897,True
2024-07-02 23:37:48,VID_727389,Vlogs,Japanese,BR,2584,1649,30,4,6,-0.343,True
2025-05-29 12:32:46,VID_170419,Music,Hindi,PK,714,8761,452,88,13,-0.55,True
2024-03-04 21:30:10,VID_765734,Coding,Hindi,IN,1212,8651,460,66,28,-0.929,True
2024-06-05 10:13:22,VID_809993,Gaming,Spanish,BR,154,2058,137,7,9,0.957,False
2025-05-20 04:56:23,VID_539638,Gaming,Spanish,BR,418,22562,1663,310,42,-0.985,True
2025-12-04 18:05:22,VID_895037,Music,Spanish,UK,1351,3295,316,26,8,-0.694,True
2024-02-09 11:46:30,VID_715261,Gaming,Spanish,PK,1093,30687,2918,262,119,0.131,True
2025-12-26 21:19:51,VID_651348,Music,Japanese,IN,1092,6088,242,42,13,0.443,True
2024-10-21 14:18:18,VID_243355,Coding,Hindi,UK,1540,10220,258,35,14,0.654,True
2024-12-25 13:56:16,VID_872732,Education,Spanish,BR,322,8642,829,121,12,-0.543,True
2024-03-06 11:52:40,VID_294197,Coding,Urdu,PK,2105,3899,287,50,13,-0.54,True
2025-07-19 12:17:32,VID_339162,Music,Hindi,IN,2900,17679,771,57,29,0.03,False
2024-01-20 08:18:13,VID_119733,Tech Reviews,Hindi,BR,3555,13378,604,91,28,-0.455,True
2024-10-24 07:17:08,VID_123751,Music,Hindi,IN,2187,110,10,1,0,0.7,True
2024-02-28 00:55:53,VID_161690,Tech Reviews,Urdu,UK,971,2413,128,17,10,0.161,True
2025-12-24 18:17:43,VID_541148,Gaming,Japanese,PK,3517,2930,236,17,4,0.049,True
2025-06-20 04:13:20,VID_411101,Vlogs,English,US,980,1993,161,29,9,0.075,True
2025-07-09 22:02:11,VID_830197,Gaming,Urdu,IN,3105,6289,509,47,16,0.86,False
2025-12-25 10:36:07,VID_542348,Coding,Urdu,PK,2655,2781,83,14,12,-0.011,False
2024-05-26 21:34:52,VID_347750,Music,English,US,3162,1067,53,3,3,-0.391,False
2025-04-12 20:23:26,VID_760494,Gaming,Japanese,IN,3281,7138,485,83,21,-0.887,True
2025-09-07 12:14:42,VID_730525,Vlogs,English,US,1358,12868,836,74,51,-0.039,True
2025-07-17 11:16:27,VID_439891,Vlogs,Hindi,PK,3367,2545,35,3,2,0.123,False
2025-04-17 15:47:46,VID_336663,Tech Reviews,Hindi,UK,669,21652,595,67,85,0.768,True
2025-05-22 20:02:06,VID_790783,Gaming,English,BR,3493,398,28,5,1,0.884,True
2025-02-11 13:38:53,VID_588636,Gaming,Urdu,IN,747,4918,182,26,8,-0.206,True
2025-03-11 14:09:17,VID_281793,Education,English,UK,1804,1706,61,10,3,-0.991,True
2025-04-22 00:03:44,VID_840795,Education,Spanish,IN,1280,6005,86,4,24,-0.742,True
2025-04-12 15:15:39,VID_184837,Tech Reviews,Hindi,BR,1886,2610,77,12,12,0.6,True
2025-04-25 18:49:34,VID_962043,Gaming,Spanish,US,2013,143,2,0,0,0.351,True
2025-03-04 17:23:46,VID_117908,Tech Reviews,Spanish,PK,2560,641,33,5,1,0.234,True
2025-10-27 16:14:45,VID_595899,Tech Reviews,Spanish,BR,3081,8518,519,96,40,0.935,True
2025-04-21 09:06:22,VID_121302,Education,Japanese,IN,2899,5777,230,43,11,0.529,True
2025-02-24 20:25:24,VID_194768,Gaming,Urdu,BR,1450,6371,566,64,22,-0.775,True
2025-05-29 22:25:43,VID_610381,Music,Hindi,IN,1237,5622,382,69,17,0.763,True
2025-07-20 12:13:18,VID_562139,Gaming,Urdu,UK,3021,3523,138,7,11,-0.373,False
2025-09-03 11:43:35,VID_739765,Education,Hindi,IN,2919,5327,177,22,9,0.341,False
2025-11-21 11:17:35,VID_887855,Vlogs,Hindi,PK,329,12911,1121,198,48,0.685,True
2025-05-09 12:52:03,VID_631053,Music,Japanese,UK,1355,14094,1336,229,29,-0.526,True
2025-06-13 11:05:08,VID_697999,Tech Reviews,English,BR,265,63,0,0,0,0.359,True
2024-04-16 12:11:50,VID_481918,Coding,English,US,2335,4702,364,63,11,-0.461,True
2025-08-26 14:06:01,VID_543665,Coding,English,UK,280,3375,263,23,8,-0.491,True
2024-05-31 06:28:19,VID_383373,Tech Reviews,Urdu,US,1236,1780,27,3,3,0.127,True
2025-08-30 04:13:02,VID_802510,Music,Hindi,IN,485,13163,451,79,13,-0.314,True
2024-07-28 08:35:28,VID_375699,Tech Reviews,Hindi,BR,1275,27213,2179,246,98,0.506,True
2025-03-14 05:07:48,VID_136319,Tech Reviews,Japanese,UK,1776,18239,734,41,83,0.506,True
2025-04-29 03:57:41,VID_395219,Music,English,US,346,27256,820,152,112,-0.272,True
2025-07-17 13:50:25,VID_323088,Vlogs,English,UK,3195,14390,916,59,30,0.349,True
2024-03-17 04:56:37,VID_784197,Music,Spanish,UK,3279,7172,377,25,28,0.15,True
2025-11-25 11:05:23,VID_667698,Education,English,US,2969,22,0,0,0,0.323,True
2024-07-06 17:18:19,VID_440811,Vlogs,Hindi,UK,1311,1748,155,21,8,-0.439,True
2024-07-05 04:32:45,VID_605511,Coding,Spanish,PK,2456,12279,563,33,51,-0.2,True
2025-06-12 17:57:06,VID_217829,Coding,Hindi,US,3363,9211,705,103,44,-0.552,True
2025-04-26 05:39:20,VID_386786,Coding,English,BR,3080,14531,1027,151,19,-0.527,True
2025-04-01 16:51:48,VID_409107,Vlogs,Spanish,BR,3413,3273,311,30,14,0.044,True
2024-12-06 16:17:24,VID_399109,Coding,Japanese,UK,2085,2329,228,36,9,-0.006,True
2025-02-03 06:07:20,VID_964888,Music,Hindi,UK,2105,24440,2140,203,69,0.951,True
2025-01-07 00:47:45,VID_176092,Gaming,Hindi,BR,2027,5782,289,16,13,-0.292,True
2024-05-31 00:41:18,VID_321189,Vlogs,Spanish,IN,2158,6642,625,105,22,0.275,True
2024-06-29 06:26:41,VID_878947,Vlogs,Hindi,UK,3257,9267,168,24,15,0.872,True
2025-03-15 09:32:16,VID_603791,Tech Reviews,Urdu,UK,1885,36750,367,21,119,-0.246,True
2024-10-23 06:45:12,VID_998428,Tech Reviews,English,PK,212,17573,891,44,55,-0.166,True
2025-11-04 16:26:37,VID_200037,Education,English,US,2523,8494,606,76,27,0.721,True
2025-04-24 09:31:44,VID_221181,Gaming,Hindi,IN,2314,19379,1716,322,38,-0.724,True
2025-04-21 04:51:03,VID_867420,Coding,Hindi,US,1973,18513,1343,133,41,-0.279,True
2024-11-03 05:21:41,VID_801279,Tech Reviews,English,US,2563,3629,282,44,15,-0.705,True
2025-01-27 17:28:12,VID_395865,Vlogs,Urdu,IN,410,5029,130,13,10,0.635,True
2025-03-15 07:57:56,VID_500014,Tech Reviews,Urdu,PK,1208,1627,34,2,3,-0.999,True
2025-06-29 13:24:40,VID_820219,Vlogs,Spanish,US,811,2438,150,11,8,-0.551,True
2025-07-18 04:12:36,VID_306507,Vlogs,Urdu,BR,1786,37196,2813,397,95,0.594,True
2024-10-12 04:03:12,VID_772275,Coding,Hindi,IN,580,258,21,1,1,0.778,True
2025-03-01 06:23:10,VID_334106,Vlogs,Urdu,BR,3291,5696,468,65,17,-0.318,True
2025-09-05 02:34:31,VID_541829,Tech Reviews,Urdu,US,2844,3623,152,14,11,0.85,False
2024-12-04 19:29:41,VID_926574,Tech Reviews,Japanese,US,1564,1588,82,5,6,-0.976,True
2024-08-24 10:43:39,VID_311020,Music,Spanish,UK,3403,3619,77,7,10,-0.026,True
2024-09-23 22:28:49,VID_422955,Education,English,BR,3146,7139,569,31,7,-0.105,False
2025-12-11 05:58:11,VID_496509,Coding,Hindi,PK,587,13396,870,109,53,0.079,True
2024-11-11 12:56:42,VID_331869,Tech Reviews,English,BR,3028,15741,1336,78,58,-0.271,False
2025-10-03 20:33:19,VID_694304,Education,Hindi,IN,314,1264,70,9,1,0.481,False
2025-10-18 19:49:24,VID_512440,Coding,Hindi,BR,1943,11429,1021,161,16,-0.821,True
2025-11-07 07:12:02,VID_813619,Coding,English,US,2123,11161,282,40,43,-0.72,True
2024-10-20 17:02:14,VID_953915,Vlogs,Hindi,IN,479,750,42,4,1,0.762,True
2025-07-29 09:12:25,VID_162994,Vlogs,Spanish,UK,1089,10885,1056,93,39,0.642,True
2025-12-24 20:30:07,VID_646690,Tech Reviews,Japanese,BR,2707,10531,395,33,46,-0.472,True
2025-03-27 13:06:08,VID_153878,Vlogs,English,US,2472,2941,180,31,14,-0.048,True
2025-08-21 02:06:27,VID_304031,Vlogs,Japanese,IN,707,4689,434,60,5,0.962,True
2025-05-04 20:43:58,VID_327484,Coding,English,UK,3343,6187,512,73,16,-0.659,False
2024-04-12 22:38:41,VID_381960,Education,Urdu,US,1149,1440,80,14,3,0.148,True
2025-05-25 13:55:52,VID_877411,Tech Reviews,English,BR,517,28161,708,42,135,-0.451,True
2025-11-06 04:27:04,VID_930963,Vlogs,Japanese,BR,1037,12776,679,39,34,0.738,True
2024-02-16 17:27:36,VID_901667,Coding,English,US,2180,19401,1773,351,30,-0.888,False
2025-12-20 08:36:42,VID_772438,Gaming,Hindi,PK,2991,733,68,3,3,-0.501,True
2024-11-01 00:25:08,VID_161586,Education,Japanese,BR,2936,9777,851,162,19,-0.508,True
2024-01-08 03:51:33,VID_385176,Education,Spanish,US,2670,1657,75,14,5,-0.691,True
2025-12-21 18:44:00,VID_833441,Music,Hindi,IN,303,4483,159,27,13,-0.556,True
2025-07-04 01:53:31,VID_165542,Vlogs,Urdu,BR,2905,5591,524,41,14,-0.885,True
2025-12-27 00:20:43,VID_622802,Gaming,Urdu,UK,532,3116,122,9,13,0.89,True
2025-04-28 08:03:14,VID_576721,Tech Reviews,Japanese,PK,2277,6262,228,29,15,0.154,False
2025-09-14 06:48:31,VID_655366,Tech Reviews,English,US,1045,1238,96,14,5,-0.231,True
2024-04-19 07:34:45,VID_525557,Tech Reviews,English,BR,590,1094,87,9,4,-0.209,True
2024-05-08 08:31:31,VID_631366,Tech Reviews,Spanish,US,2501,2308,134,19,5,-0.208,True
2024-03-09 20:04:33,VID_218369,Education,Urdu,UK,1883,11949,956,94,36,0.874,True
2024-07-14 22:56:47,VID_932431,Vlogs,Hindi,PK,2793,9511,360,41,39,0.775,False
2025-11-04 17:11:55,VID_231636,Music,Hindi,PK,2189,10027,401,66,40,0.182,True
2024-08-29 19:22:33,VID_421885,Music,Spanish,UK,638,43783,3734,427,75,0.814,True
2024-09-19 15:34:58,VID_589103,Education,Urdu,UK,2687,11228,590,69,22,0.23,True
2025-06-25 10:01:19,VID_527980,Gaming,English,PK,143,1274,96,10,1,0.06,True
2024-10-07 03:44:19,VID_744724,Gaming,Urdu,BR,2192,5084,295,25,19,-0.643,True
2025-08-27 23:52:16,VID_986193,Vlogs,Hindi,UK,1658,14913,666,119,73,0.138,True
2024-02-19 17:02:20,VID_568211,Vlogs,Urdu,PK,2432,14938,710,86,20,0.635,True
2024-03-30 15:07:02,VID_811953,Coding,Japanese,BR,2504,2402,44,2,7,-0.069,False
2024-02-16 18:33:26,VID_299951,Coding,Japanese,US,1398,16826,430,61,71,-0.679,True
2024-05-28 09:37:09,VID_227183,Vlogs,English,US,3162,9419,106,14,15,0.896,True
2025-05-01 09:11:33,VID_920196,Coding,Hindi,PK,1151,4723,75,14,7,0.937,True
2024-04-20 02:38:43,VID_680244,Coding,Spanish,IN,1394,8980,264,44,34,-0.786,False
2025-05-21 04:42:32,VID_859294,Coding,Urdu,US,238,10006,257,19,28,-0.678,False
2024-12-15 07:04:45,VID_210474,Music,Hindi,UK,2525,17203,728,126,35,-0.19,False
2024-01-09 19:32:06,VID_782596,Music,Urdu,PK,2705,6811,559,69,10,0.307,True
2024-01-10 09:06:56,VID_922238,Music,Japanese,IN,622,7153,226,36,9,-0.43,True
2024-10-08 00:48:17,VID_996430,Gaming,Hindi,IN,920,6839,627,31,12,0.762,True
2025-09-22 20:39:07,VID_776502,Music,Hindi,US,1619,12078,989,77,22,-0.826,True
2024-05-29 14:42:18,VID_718198,Coding,Spanish,IN,810,14267,797,113,47,-0.459,False
2025-02-05 08:12:59,VID_526271,Tech Reviews,Japanese,IN,327,3569,78,8,14,-0.227,False
2024-08-14 16:47:48,VID_688952,Education,Hindi,BR,1517,4724,398,27,22,0.985,True
2024-06-27 11:22:57,VID_509505,Vlogs,Japanese,UK,3525,24150,1562,86,88,-0.219,True
2025-09-29 05:06:33,VID_946017,Tech Reviews,Urdu,PK,1295,14689,203,13,33,0.836,True
2024-01-19 17:24:03,VID_867986,Coding,Hindi,UK,272,9082,702,38,24,-0.687,True
2025-10-11 00:53:35,VID_651169,Coding,Japanese,IN,381,1231,114,19,3,-0.539,True
2024-01-06 00:15:14,VID_480140,Education,Urdu,IN,682,1161,18,1,3,0.101,True
2025-02-06 01:54:06,VID_261211,Tech Reviews,Spanish,PK,1850,2493,75,7,8,-0.054,True
2025-06-27 19:45:21,VID_170058,Education,Hindi,IN,1029,4102,137,13,8,-0.466,True
2024-01-18 17:07:36,VID_745548,Education,Hindi,US,3344,41639,3083,221,195,-0.689,True
2025-03-17 10:47:32,VID_404241,Tech Reviews,Urdu,PK,1701,9255,328,18,43,0.913,True
2025-11-18 15:54:47,VID_230314,Coding,Hindi,IN,1051,10439,851,80,31,0.016,True
2024-03-22 12:13:15,VID_665094,Music,Japanese,UK,1667,586,40,4,2,-0.088,True
2025-09-23 04:20:10,VID_692217,Vlogs,Spanish,UK,1409,11512,409,72,46,-0.283,False
2024-05-29 07:14:14,VID_685408,Education,Hindi,UK,432,28149,1233,165,116,0.53,True
2025-07-31 17:23:57,VID_725671,Education,English,BR,3219,14233,341,17,35,0.794,True
2025-05-15 04:09:13,VID_369651,Tech Reviews,English,UK,1708,14903,153,18,30,-0.272,False
2024-02-14 21:06:13,VID_860442,Coding,English,IN,2755,775,22,2,3,-0.242,True
2025-05-30 10:44:52,VID_380761,Music,Urdu,US,2510,8720,428,25,14,-0.44,True
2025-10-06 09:17:54,VID_554292,Education,Hindi,IN,753,11594,602,106,29,0.015,True
2025-05-02 10:18:23,VID_391875,Tech Reviews,Urdu,PK,2060,1130,30,3,5,0.623,True
2025-03-21 06:41:49,VID_361938,Coding,Spanish,IN,3410,10105,155,22,45,0.954,True
2024-02-27 12:56:38,VID_119754,Gaming,Japanese,IN,1954,10988,1078,203,39,-0.994,False
2024-07-05 04:22:27,VID_113662,Tech Reviews,Spanish,PK,1704,2457,119,23,11,0.323,True
2025-06-24 04:23:55,VID_154274,Music,English,PK,3029,10146,261,38,19,-0.685,True
2025-11-20 01:05:01,VID_329393,Education,English,BR,2134,29373,2196,156,100,0.877,True
2025-01-07 00:09:14,VID_424052,Music,Spanish,IN,3350,7990,433,34,22,0.104,True
2025-06-17 16:03:34,VID_381536,Vlogs,Urdu,US,742,31322,696,128,56,0.802,True
2025-03-04 07:37:45,VID_558100,Education,Hindi,US,2106,56894,4228,795,178,-0.242,False
2024-12-13 04:07:30,VID_170324,Music,Spanish,BR,2681,6665,396,48,15,-0.34,True
2025-11-22 14:51:14,VID_629299,Education,Urdu,BR,3180,887,67,8,3,-0.109,True
2024-07-14 01:46:40,VID_298232,Education,Japanese,US,209,6460,593,102,25,-0.844,True
2024-08-30 09:50:53,VID_586605,Education,Spanish,US,1365,947,40,3,2,-0.978,False
2024-12-22 19:33:08,VID_798493,Gaming,Spanish,BR,966,16770,1302,180,32,-0.479,True
2024-09-17 19:10:39,VID_911621,Tech Reviews,Urdu,BR,638,9762,760,92,30,0.834,True
2025-07-14 09:18:15,VID_617026,Tech Reviews,English,US,1151,6100,565,78,25,-0.858,True
2024-08-31 20:12:44,VID_780852,Gaming,Urdu,BR,446,37709,2938,544,106,-0.229,True
2025-09-13 21:07:57,VID_315976,Music,English,UK,1795,9234,798,56,42,0.787,True
2024-07-17 13:14:45,VID_390652,Education,Hindi,UK,2350,1304,60,7,1,0.007,True
2025-07-04 12:16:40,VID_939733,Tech Reviews,Urdu,PK,1825,12958,755,96,15,0.996,True
2025-01-29 14:33:15,VID_838544,Tech Reviews,English,US,2555,8176,330,24,18,0.455,True
2024-07-10 11:31:54,VID_444676,Education,English,US,1129,15110,451,37,43,-0.609,True
2025-04-14 14:16:15,VID_954330,Education,Urdu,US,1575,39379,3212,272,94,-0.231,True
2024-02-13 10:07:28,VID_510098,Gaming,Urdu,US,702,6183,386,55,29,-0.623,True
2025-04-10 01:14:14,VID_372947,Education,Hindi,UK,3144,359,32,1,0,0.733,True
2024-04-15 17:02:41,VID_616015,Tech Reviews,Japanese,UK,471,9799,292,56,46,0.175,True
2024-02-13 03:25:56,VID_704352,Gaming,Hindi,BR,3028,34,1,0,0,-0.791,True
2025-01-19 15:09:10,VID_747171,Music,English,PK,1827,1337,52,7,2,-0.522,True
2025-06-09 19:23:51,VID_725614,Gaming,Urdu,IN,179,3912,345,30,11,0.63,True
2025-03-04 02:14:11,VID_766982,Coding,English,PK,3229,7742,666,88,37,0.274,True
2024-02-15 17:08:59,VID_904226,Education,Urdu,UK,193,2825,98,8,9,-0.018,True
2025-11-11 22:09:18,VID_347358,Tech Reviews,English,IN,1826,16989,691,39,38,0.568,True
2025-10-21 03:27:46,VID_780500,Gaming,Japanese,US,771,4660,366,71,18,0.162,True
2024-09-13 15:14:48,VID_212396,Vlogs,English,UK,95,1756,30,1,3,-0.457,True
2025-03-30 11:46:54,VID_666192,Tech Reviews,English,BR,1931,3473,165,22,10,-0.576,False
2024-06-12 01:44:29,VID_690680,Vlogs,Urdu,PK,2077,2951,288,26,7,-0.546,True
2024-11-17 04:54:41,VID_455309,Gaming,Japanese,IN,945,11657,1155,194,58,-0.15,True
2025-07-02 08:42:56,VID_268380,Music,English,IN,126,1980,170,32,3,-0.775,True
2025-06-03 15:17:42,VID_483274,Music,English,BR,2344,3967,309,52,9,0.047,True
2024-04-01 18:29:51,VID_144905,Tech Reviews,Spanish,PK,1426,3269,34,3,11,-0.594,True
2024-07-26 20:43:41,VID_735129,Gaming,Japanese,UK,496,8347,662,65,36,-0.387,True
2025-01-18 12:01:42,VID_647231,Coding,Hindi,BR,1524,6018,122,23,15,0.022,True
2025-02-04 10:50:34,VID_515795,Coding,Spanish,IN,2371,22539,879,77,86,0.807,True
2024-07-11 01:58:43,VID_636721,Tech Reviews,Japanese,US,2869,7040,166,30,32,-0.32,True
2024-05-26 02:44:13,VID_664422,Gaming,English,IN,382,1176,54,3,2,0.914,True
2025-10-12 01:54:47,VID_297397,Gaming,Japanese,BR,309,10580,292,38,25,0.724,True
2025-10-02 08:36:32,VID_624906,Vlogs,Spanish,PK,1894,5595,435,30,9,-0.873,False
2025-06-19 09:50:33,VID_510543,Vlogs,Japanese,UK,937,15123,996,115,36,-0.863,True
2024-02-10 07:57:14,VID_157914,Tech Reviews,Urdu,UK,349,11405,1047,94,46,0.147,True
2024-08-18 23:28:10,VID_208253,Gaming,Hindi,IN,1348,11260,732,69,41,0.216,True
2025-08-12 06:12:29,VID_295546,Gaming,Japanese,PK,2132,2838,240,27,9,0.371,False
2024-12-21 18:17:48,VID_194857,Education,Spanish,PK,1743,34960,1328,230,39,-0.356,True
2024-08-08 13:40:01,VID_491860,Vlogs,Japanese,UK,1954,6445,105,9,8,0.099,True
2025-06-02 08:42:45,VID_915170,Education,Hindi,UK,1362,51078,741,117,169,0.252,False
2025-12-15 17:05:49,VID_605592,Coding,English,IN,3064,10127,921,61,33,0.054,True
2025-09-16 18:03:45,VID_647730,Coding,Japanese,IN,2317,529,23,1,0,0.236,False
2025-12-19 16:54:18,VID_169845,Gaming,Spanish,UK,2118,9190,560,77,10,-0.135,False
2025-08-16 20:03:34,VID_143119,Tech Reviews,English,BR,2864,8379,474,93,41,0.176,True
2025-03-27 02:43:49,VID_866999,Gaming,Japanese,IN,1964,1943,65,12,6,0.559,True
2024-01-12 16:12:49,VID_179644,Coding,Japanese,IN,305,4703,269,36,6,0.114,True
2024-11-10 02:08:26,VID_126213,Gaming,English,PK,2875,2561,247,33,4,0.468,True
2025-08-15 11:50:49,VID_586376,Tech Reviews,Hindi,IN,3287,48621,2647,351,200,0.029,True
2025-11-29 20:13:42,VID_287204,Music,Hindi,UK,1126,31047,1290,254,135,-0.364,False
2025-05-21 15:24:22,VID_102586,Vlogs,English,IN,941,39194,2773,447,55,-0.691,True
2025-10-20 11:03:50,VID_854529,Education,English,PK,1786,26,2,0,0,0.398,True
2025-01-25 05:55:12,VID_661244,Education,Japanese,US,1364,6844,643,118,26,0.882,False
2024-03-28 01:47:59,VID_909498,Tech Reviews,Urdu,IN,3341,1846,68,13,7,-0.313,False
2024-06-07 00:52:52,VID_568969,Vlogs,English,IN,1251,2094,57,2,2,-0.73,True
2025-04-03 22:33:31,VID_497311,Education,Spanish,BR,1673,9178,454,42,32,-0.161,True
2024-04-24 00:24:45,VID_632197,Education,English,UK,2771,9566,286,46,27,0.813,False
2025-10-22 01:13:12,VID_792069,Music,Japanese,UK,656,7679,645,87,10,0.216,True
2025-10-13 20:49:17,VID_659690,Music,Japanese,IN,712,40476,1228,239,178,-0.003,True
2024-10-21 10:11:38,VID_823948,Education,Spanish,PK,895,4301,106,13,10,-0.827,True
2025-01-05 07:16:10,VID_336915,Gaming,Hindi,PK,1093,18926,611,89,35,-0.313,True
2025-03-11 17:53:10,VID_462414,Coding,English,PK,3015,6899,434,31,28,0.66,True
2024-01-27 14:37:56,VID_362783,Tech Reviews,English,IN,2726,10658,786,50,41,-0.823,False
2024-12-01 11:53:38,VID_271578,Tech Reviews,Hindi,US,2965,11113,740,59,53,-0.031,True
2025-06-12 01:56:48,VID_429054,Music,Hindi,BR,855,2011,51,8,8,-0.11,False
2024-11-23 14:42:45,VID_483998,Vlogs,Japanese,PK,560,22510,1452,214,69,0.7,True
2024-02-12 02:57:21,VID_593658,Music,Japanese,PK,1748,4923,422,43,7,0.28,False
2025-10-04 13:49:45,VID_130782,Education,Urdu,US,2979,6429,106,7,18,-0.881,True
2025-05-05 23:16:05,VID_603709,Gaming,Hindi,US,1608,3209,302,22,6,0.567,False
2024-08-14 21:59:27,VID_684294,Education,Urdu,PK,3090,7323,282,15,34,-0.408,True
2024-06-11 04:33:41,VID_809471,Music,Hindi,IN,1069,3149,148,23,4,0.897,True
2025-12-15 09:53:28,VID_970620,Vlogs,English,US,2305,18069,982,62,55,0.554,True
2025-05-21 20:22:48,VID_846314,Gaming,Japanese,BR,1257,22466,2222,287,67,-0.054,True
2025-05-12 03:18:12,VID_451734,Coding,Urdu,US,3461,1334,27,5,3,-0.539,False
2024-12-21 13:20:55,VID_899059,Music,English,IN,1397,3989,192,25,18,-0.803,True
2025-04-18 05:24:27,VID_424132,Tech Reviews,English,BR,344,204,12,1,0,0.351,False
2025-07-21 16:55:18,VID_528267,Coding,Spanish,UK,1734,11061,434,46,33,0.093,True
2025-12-01 18:48:14,VID_119175,Gaming,Spanish,US,532,1699,140,9,7,0.695,False
2024-01-06 02:08:15,VID_767104,Coding,Japanese,IN,3003,7633,297,21,13,-0.545,True
2024-08-30 02:16:48,VID_529428,Gaming,Japanese,US,2185,21748,1617,117,24,-0.921,True
2024-01-10 21:46:28,VID_265526,Music,Japanese,IN,2912,30662,1178,163,115,-0.943,True
2025-06-17 01:25:18,VID_142031,Tech Reviews,Urdu,BR,1977,6039,155,12,8,0.015,False
2025-10-03 08:28:19,VID_426756,Education,Hindi,PK,1712,19732,812,79,71,0.014,False
2025-07-13 13:41:07,VID_782319,Gaming,Hindi,BR,1689,1368,85,5,2,-0.972,False
2024-03-29 15:58:44,VID_413128,Vlogs,English,PK,2230,2732,156,28,10,0.243,True
2024-08-29 00:22:24,VID_948448,Music,Hindi,PK,1519,1476,64,4,5,0.087,True
2025-01-25 16:03:48,VID_228340,Music,Spanish,UK,2655,5128,469,52,9,0.609,False
2025-03-15 16:40:42,VID_647436,Coding,Urdu,BR,1693,10256,773,59,37,0.571,False
2024-04-28 20:20:51,VID_505804,Vlogs,Japanese,US,2338,10978,370,67,39,-0.321,False
2025-08-30 14:36:28,VID_480236,Music,Spanish,US,630,16833,526,75,68,0.103,True
2025-01-28 05:45:33,VID_418689,Education,Japanese,BR,2767,1990,93,11,2,0.1,False
2024-10-11 07:14:29,VID_375746,Tech Reviews,English,IN,780,8320,804,46,22,0.014,True
2024-06-07 07:11:01,VID_819486,Tech Reviews,Spanish,US,2945,1137,18,2,4,0.853,True
2025-02-05 12:33:54,VID_329847,Education,Japanese,IN,1264,1143,19,1,4,-0.368,True
2025-05-26 11:46:02,VID_823652,Coding,Hindi,IN,3346,3713,365,33,9,0.853,True
2025-05-17 23:10:38,VID_992130,Tech Reviews,Japanese,US,317,31,1,0,0,0.258,True
2024-03-01 08:19:46,VID_248732,Vlogs,English,US,1469,3838,312,24,15,-0.714,True
2024-01-10 23:50:56,VID_783289,Coding,Japanese,US,999,2731,120,14,12,0.611,True
2024-07-08 19:13:45,VID_903188,Education,Hindi,UK,2516,2651,93,14,12,0.559,True
2024-03-17 21:13:24,VID_253376,Music,Urdu,PK,1622,24756,495,95,71,-0.844,False
2025-01-16 09:11:13,VID_529281,Education,English,IN,299,2027,190,22,9,-0.138,False
2024-03-30 05:07:18,VID_113042,Vlogs,English,PK,3314,627,40,6,3,-0.191,True
2025-12-26 00:14:30,VID_213785,Education,Urdu,PK,2925,13415,525,69,50,-0.079,True
2024-03-06 03:18:42,VID_661426,Coding,Japanese,US,2972,9577,848,116,31,-0.332,True
2025-12-11 04:02:06,VID_644165,Education,Japanese,US,955,752,62,8,3,0.024,True
2024-04-07 11:11:07,VID_923694,Tech Reviews,Hindi,IN,1034,5233,74,14,15,-0.61,True
2025-09-01 18:27:10,VID_331028,Music,Urdu,BR,2574,61571,1032,69,198,-0.334,True
2024-12-07 18:22:08,VID_353898,Gaming,English,PK,2691,6743,414,56,7,0.491,False
2024-02-09 05:29:51,VID_706904,Education,Urdu,BR,2132,9756,248,47,35,0.621,True
2025-12-27 12:10:35,VID_610099,Music,Japanese,PK,2659,456,7,1,0,-0.598,True
2024-11-30 12:43:29,VID_632353,Music,Spanish,US,468,19917,882,49,41,0.833,True
2024-04-09 01:49:10,VID_906482,Music,Hindi,BR,1154,44160,3916,558,180,-0.665,True
2024-11-21 00:10:37,VID_144181,Education,Urdu,PK,924,5291,499,47,22,-0.55,True
2024-01-02 06:07:49,VID_168449,Gaming,English,BR,854,48553,656,63,180,0.101,True
2025-04-02 16:39:12,VID_769629,Coding,Hindi,UK,625,6182,195,25,29,0.117,True
2025-10-09 04:57:11,VID_750595,Coding,English,BR,1196,4612,243,36,7,-0.556,True
2025-07-12 17:45:34,VID_843266,Vlogs,Japanese,US,3547,14645,188,31,42,-0.731,False
2025-05-05 14:40:27,VID_969162,Education,Spanish,UK,1668,16527,194,15,38,0.131,True
2025-11-28 09:55:35,VID_280001,Gaming,English,IN,1581,10409,461,41,15,0.623,True
2024-06-12 18:51:36,VID_131769,Education,Japanese,PK,2363,634,33,5,3,0.346,True
2024-01-12 10:57:23,VID_706069,Music,English,BR,2017,10356,711,110,40,-0.045,True
2025-05-18 05:51:16,VID_917918,Music,English,US,204,53337,3277,173,168,-0.992,True
2025-03-03 20:48:44,VID_768543,Gaming,Spanish,IN,953,14832,344,41,38,-0.067,True
2025-08-26 16:10:18,VID_216519,Tech Reviews,Hindi,PK,1748,15310,1036,118,53,0.679,True
2025-10-23 05:26:38,VID_779476,Education,English,IN,3115,2663,84,9,7,0.089,True
2025-12-25 22:49:39,VID_981995,Gaming,Urdu,BR,487,4916,462,70,5,-0.264,True
2024-03-17 06:51:36,VID_168494,Gaming,Japanese,US,332,12261,760,117,58,0.527,False
2024-10-07 01:53:31,VID_171967,Vlogs,Japanese,BR,2862,13142,912,80,51,-0.194,True
2024-11-06 08:53:11,VID_571431,Education,English,BR,451,18385,250,40,37,-0.769,True
2025-10-05 11:55:13,VID_691419,Music,English,PK,571,8969,405,35,15,-0.415,True
2025-02-10 02:33:37,VID_333617,Education,Japanese,US,1049,5876,499,87,14,0.411,True
2024-11-23 15:48:30,VID_207881,Vlogs,Urdu,US,2036,19105,1150,111,87,0.559,True
2025-01-14 08:43:24,VID_455910,Vlogs,Japanese,PK,3251,29919,2795,242,129,-0.897,True
2024-10-31 05:19:06,VID_882600,Coding,English,IN,250,9098,111,21,11,-0.747,True
2024-12-31 02:42:55,VID_895361,Tech Reviews,Japanese,PK,2817,7467,745,73,9,0.159,False
2025-12-10 14:51:58,VID_255538,Tech Reviews,Hindi,PK,3012,8367,116,14,23,0.629,True
2025-01-17 04:59:44,VID_313221,Vlogs,Urdu,PK,2960,17798,1338,102,86,0.693,True
2024-02-03 11:13:02,VID_964394,Coding,Hindi,PK,1950,2026,63,4,7,0.504,False
2025-05-22 08:19:46,VID_818569,Music,Hindi,UK,2003,642,23,1,2,-0.678,True
2024-04-14 19:03:15,VID_754464,Music,Urdu,BR,735,14275,1263,211,58,-0.994,True
2025-10-20 04:57:43,VID_430280,Music,Urdu,BR,1525,2612,184,17,11,0.799,True
2024-07-09 03:11:03,VID_964850,Music,Urdu,BR,2029,1473,72,11,4,0.04,True
2024-02-23 05:20:11,VID_300195,Tech Reviews,Urdu,PK,2287,5973,86,10,27,-0.267,True
2024-08-01 20:09:59,VID_994570,Education,Japanese,BR,1227,10346,679,120,34,-0.199,True
2025-09-03 12:04:39,VID_178653,Education,English,US,2793,767,11,0,3,0.641,False
2025-07-17 13:36:47,VID_425106,Gaming,Japanese,PK,619,3054,172,27,6,0.129,True
2024-07-29 10:30:24,VID_295832,Tech Reviews,Urdu,IN,2343,429,22,2,1,-0.91,True
2024-12-06 17:36:53,VID_239081,Vlogs,Urdu,IN,2971,3182,104,19,6,0.183,True
2024-01-30 22:38:31,VID_565159,Tech Reviews,Japanese,UK,1239,29462,1437,128,68,-0.995,True
2025-02-22 09:47:15,VID_609401,Vlogs,Urdu,UK,2252,11611,828,42,11,-0.388,True
2025-07-05 22:00:50,VID_684742,Coding,Hindi,IN,1402,1396,20,3,3,0.475,False
2024-04-13 01:09:05,VID_564446,Tech Reviews,Japanese,US,2903,2953,79,12,3,-0.389,False
2024-05-17 08:11:39,VID_609012,Tech Reviews,Urdu,BR,438,7981,158,20,10,0.462,True
2025-07-10 20:39:10,VID_949907,Music,Hindi,IN,3459,2422,107,16,3,0.892,True
2025-11-05 11:55:00,VID_843118,Coding,Hindi,US,1269,4808,348,23,20,0.339,True
2025-04-24 22:58:36,VID_337441,Tech Reviews,Japanese,BR,2384,5011,389,67,18,0.292,True
2025-03-06 15:27:48,VID_683263,Coding,English,IN,2353,4821,199,15,22,0.733,True
2025-12-18 16:35:51,VID_282269,Music,Hindi,IN,1594,3548,188,33,7,-0.44,False
2025-09-13 15:03:32,VID_202600,Tech Reviews,Urdu,BR,638,6655,496,75,12,-0.894,True
2024-06-09 18:17:57,VID_178976,Tech Reviews,English,PK,1641,377,35,1,1,-0.025,True
2025-08-02 00:13:22,VID_225254,Education,Spanish,BR,1105,24179,726,94,70,0.503,True
2024-01-24 04:30:22,VID_313933,Music,Urdu,UK,553,23161,652,106,103,-0.411,True
2025-03-22 03:37:50,VID_364636,Coding,Hindi,BR,534,17901,1230,104,55,0.859,True
2024-12-23 00:37:35,VID_527749,Gaming,Japanese,IN,3342,337,24,1,1,0.438,True
2025-12-05 02:48:49,VID_452828,Vlogs,English,IN,3541,36127,2998,505,74,0.479,False
2024-02-10 10:56:19,VID_217522,Vlogs,Japanese,PK,3135,4263,64,10,19,-0.405,True
2025-01-16 01:38:21,VID_776773,Education,Japanese,US,499,10154,315,42,32,-0.105,True
2024-07-24 11:06:25,VID_575030,Education,Hindi,US,1416,8586,215,37,23,-0.407,True
2024-02-02 10:21:12,VID_850167,Music,English,PK,872,7551,738,110,36,-0.517,False
2025-03-19 08:47:16,VID_701362,Gaming,Japanese,UK,1071,5599,276,25,13,-0.787,True
2024-05-28 08:22:21,VID_492993,Tech Reviews,Urdu,BR,1486,5322,232,25,10,-0.532,True
2025-11-14 05:45:45,VID_328588,Vlogs,Spanish,US,2959,43978,2165,266,95,-0.314,False
2025-03-08 04:38:12,VID_655473,Gaming,Hindi,US,2488,4260,53,6,7,-0.972,True
2024-02-11 15:36:36,VID_287749,Education,Spanish,PK,1884,2125,70,12,9,0.82,True
2025-02-01 21:25:18,VID_757899,Vlogs,English,BR,918,20304,632,53,89,-0.111,True
2025-05-25 01:39:22,VID_255090,Coding,Japanese,UK,3547,12964,1141,178,33,-0.094,True
2024-10-12 12:16:17,VID_810537,Music,Urdu,US,2081,436,30,2,1,-0.283,True
2025-03-26 08:00:49,VID_435424,Tech Reviews,Urdu,PK,685,2830,102,16,12,-0.007,True
2024-11-16 13:11:30,VID_578241,Gaming,Hindi,UK,820,5536,151,17,13,0.798,True
2025-01-14 08:41:52,VID_170001,Gaming,Hindi,IN,909,3105,213,33,7,-0.752,True
2025-05-20 05:18:49,VID_579077,Tech Reviews,Hindi,IN,1303,4167,238,37,9,-0.19,False
2024-06-24 06:11:20,VID_407426,Coding,Hindi,IN,863,6754,163,14,14,0.774,True
2024-10-13 12:14:01,VID_841428,Education,Urdu,UK,1966,1061,15,2,1,0.638,False
2024-03-18 01:11:44,VID_132642,Education,Japanese,PK,1204,19417,574,50,32,0.694,True
2024-10-19 18:03:42,VID_371825,Gaming,Urdu,UK,1358,8206,803,157,17,-0.721,True
2024-04-08 00:44:22,VID_883369,Education,Urdu,IN,3245,7573,163,29,33,0.478,True
2025-11-09 06:47:31,VID_483880,Gaming,Spanish,IN,1086,3767,254,32,17,-0.501,True
2024-12-14 05:16:08,VID_564799,Gaming,English,PK,1040,3004,106,20,8,0.441,False
2025-05-11 07:31:16,VID_957678,Gaming,Japanese,UK,191,5531,69,6,17,0.395,True
2024-07-14 08:17:13,VID_262835,Education,Urdu,PK,3564,33547,2291,126,148,0.427,True
2024-01-20 16:44:01,VID_297878,Vlogs,Japanese,BR,3010,4006,273,41,8,-0.553,True
2024-03-13 20:18:09,VID_495253,Coding,Urdu,BR,3043,32022,1705,339,111,0.692,True
2025-02-11 08:35:41,VID_304355,Vlogs,Spanish,UK,705,2990,152,9,10,0.169,True
2025-05-07 03:22:03,VID_266948,Music,Urdu,US,412,5605,275,37,7,0.896,True
2025-08-25 18:27:41,VID_315262,Coding,Japanese,IN,758,24453,1583,164,100,0.147,True
2025-03-16 08:59:26,VID_509421,Education,Spanish,IN,1548,11893,1186,111,56,-0.739,True
2024-09-28 08:05:41,VID_744812,Coding,Spanish,US,1952,1997,59,11,5,0.86,True
2025-01-28 11:12:45,VID_181386,Vlogs,Urdu,UK,865,17080,481,32,28,0.184,True
2024-07-25 01:43:58,VID_434890,Tech Reviews,English,UK,2944,14946,1425,199,22,0.026,True
2025-04-06 15:46:55,VID_263651,Music,English,US,3081,5805,483,29,25,0.149,True
2024-12-27 13:35:58,VID_654354,Gaming,English,BR,2861,42371,1448,286,122,0.448,True
2024-10-08 13:13:33,VID_515771,Vlogs,Japanese,UK,2647,19578,1899,352,53,-0.497,False
2025-09-13 09:02:55,VID_973691,Education,Japanese,BR,560,7085,640,98,31,-0.787,True
2024-08-21 13:01:18,VID_544238,Music,Urdu,US,1611,6743,265,32,9,-0.054,True
2025-05-21 17:04:39,VID_522687,Gaming,Japanese,IN,240,2895,79,14,14,-0.147,True
2025-12-15 03:05:52,VID_863549,Gaming,Urdu,IN,1969,3535,230,26,16,0.009,True
2025-12-05 23:12:06,VID_484125,Music,English,UK,1969,1249,109,13,6,0.363,True
2024-11-22 10:57:05,VID_697390,Coding,Hindi,BR,1331,11201,501,64,29,-0.88,True
2024-12-02 17:50:08,VID_499483,Tech Reviews,English,BR,2117,3215,119,5,3,0.901,True
2024-03-21 10:54:45,VID_970234,Tech Reviews,Spanish,IN,2072,18794,1706,288,76,0.422,True
2024-01-09 06:30:53,VID_563515,Coding,English,PK,3228,855,26,2,3,-0.957,True
2025-08-25 14:35:16,VID_731173,Gaming,Japanese,BR,2126,8495,230,34,13,-0.11,True
2025-07-23 03:14:22,VID_428189,Education,Urdu,US,161,3767,297,16,17,0.894,True
2024-07-09 23:30:56,VID_783470,Vlogs,Urdu,US,1620,3781,108,6,4,-0.347,True
2025-01-21 21:11:18,VID_552866,Gaming,Japanese,UK,933,36,2,0,0,0.261,True
2025-09-18 12:41:23,VID_499021,Tech Reviews,Spanish,IN,2498,30438,1796,137,92,-0.504,True
2024-05-23 02:57:24,VID_513378,Education,Spanish,BR,2951,8058,565,57,19,0.718,True
2025-05-29 12:54:42,VID_123672,Vlogs,English,IN,1727,4130,382,52,6,-0.329,True
2024-04-27 13:53:11,VID_365458,Tech Reviews,Urdu,US,1212,1042,32,2,1,0.888,True
2025-05-10 02:06:47,VID_861474,Vlogs,Japanese,IN,821,1442,62,5,5,0.521,False
2024-09-23 15:40:46,VID_935106,Gaming,English,IN,587,27768,2481,135,91,0.269,True
2025-09-04 13:16:42,VID_127874,Vlogs,Spanish,US,2615,6311,163,22,23,0.727,True
2025-11-06 23:25:31,VID_136905,Music,Hindi,US,2331,25409,1748,148,67,0.91,True
2024-12-01 19:48:01,VID_416403,Coding,Hindi,IN,2142,3296,71,9,10,-0.958,False
2025-01-03 03:08:36,VID_593449,Gaming,Japanese,IN,3488,4504,389,41,14,0.407,True
2025-12-07 21:30:30,VID_793591,Tech Reviews,Japanese,US,3205,7919,331,36,21,0.841,True
2024-02-22 18:36:14,VID_317893,Education,Hindi,US,431,27599,1266,197,120,-0.194,True
2024-07-22 21:14:47,VID_490462,Music,Spanish,UK,1762,10697,628,76,38,0.578,True
2025-12-19 12:17:39,VID_427013,Gaming,Hindi,PK,2127,2600,88,12,8,0.939,True
2025-01-16 08:42:58,VID_414128,Coding,Urdu,BR,1347,27465,1528,194,58,-0.563,True
2025-08-25 10:56:15,VID_603449,Vlogs,Spanish,US,1606,480,45,4,2,0.322,False
2025-09-30 15:06:24,VID_228532,Tech Reviews,Japanese,BR,431,6926,321,31,17,0.778,True
2024-07-05 23:09:52,VID_474589,Education,Japanese,PK,2218,2021,150,27,8,-0.365,True
2025-12-25 10:17:27,VID_131741,Tech Reviews,Hindi,UK,3440,1478,133,17,3,0.046,False
2024-12-08 01:48:53,VID_733441,Music,Japanese,PK,1283,22666,659,70,95,0.191,True
2025-11-17 00:48:58,VID_128087,Education,Spanish,US,1408,14889,1340,143,74,-0.994,True
2025-08-21 21:50:52,VID_541818,Education,Spanish,UK,991,48170,653,60,170,0.058,True
2025-08-15 15:02:25,VID_676993,Music,English,BR,2402,27778,2723,148,31,0.312,True
2025-07-10 00:49:08,VID_971846,Vlogs,Hindi,UK,2178,8304,799,137,32,-0.451,True
2024-03-31 05:18:34,VID_781124,Coding,English,BR,2752,187,18,1,0,-0.999,True
2024-04-16 21:46:38,VID_625476,Coding,Hindi,IN,2059,23659,970,162,75,0.318,True
2024-07-14 09:06:38,VID_280683,Coding,Spanish,IN,1855,14493,1017,190,49,-0.569,True
2024-09-03 20:14:29,VID_373265,Gaming,Hindi,UK,445,5502,418,76,23,-0.492,False
2025-07-05 12:18:13,VID_696863,Music,Urdu,UK,167,7250,680,106,26,0.573,True
2025-02-14 21:08:11,VID_496059,Education,Urdu,IN,3032,1089,28,2,4,0.513,True
2025-04-30 14:21:04,VID_493845,Coding,Urdu,BR,688,11080,547,55,53,0.106,True
2025-07-12 19:38:18,VID_888982,Music,Hindi,BR,2072,1646,152,21,5,-0.22,True
2024-07-17 15:18:35,VID_751672,Gaming,Japanese,UK,2157,6540,642,63,30,0.941,False
2024-05-16 04:51:52,VID_244366,Tech Reviews,Japanese,IN,2089,18076,1158,85,75,0.088,True
2025-09-04 01:35:25,VID_595833,Tech Reviews,Japanese,BR,3433,16952,1473,171,17,-0.826,True
2025-07-29 15:32:31,VID_161524,Gaming,Hindi,PK,954,5860,552,90,28,-0.878,False
2025-04-08 04:07:01,VID_582133,Gaming,Spanish,BR,1434,3716,346,22,15,0.277,True
2024-11-28 14:32:27,VID_514374,Coding,English,PK,2527,13908,1177,149,48,-0.673,True
2025-04-11 03:43:45,VID_614145,Music,Urdu,IN,2555,100,7,1,0,-0.322,True
2025-05-18 01:53:16,VID_611642,Tech Reviews,Japanese,UK,149,19220,1084,204,24,-0.219,False
2025-08-13 19:21:10,VID_236871,Music,Japanese,IN,2365,2324,119,21,8,0.526,True
2024-10-11 15:06:35,VID_166585,Gaming,Japanese,IN,751,7506,585,64,25,0.087,True
2025-05-11 22:31:03,VID_854466,Coding,English,PK,2188,22135,733,106,45,-0.045,False
2025-09-18 12:51:54,VID_614712,Vlogs,Japanese,US,1318,2395,115,19,5,-0.608,True
2024-01-01 05:55:55,VID_974557,Tech Reviews,Hindi,US,931,13455,651,33,46,0.068,True
2025-12-16 02:07:24,VID_384435,Gaming,Japanese,UK,3153,1769,147,18,2,0.525,True
2024-05-13 13:03:27,VID_265794,Vlogs,English,IN,2177,5869,225,21,14,0.147,True
2025-02-02 21:09:11,VID_885486,Education,Spanish,US,1218,1011,78,5,3,0.433,True
2024-01-30 20:23:32,VID_296956,Tech Reviews,Hindi,IN,1719,2726,240,19,11,-0.314,True
2024-05-25 01:56:45,VID_100489,Music,Spanish,PK,3051,6540,284,44,25,0.527,True
2024-09-18 13:34:05,VID_826673,Education,English,US,2214,2280,149,21,10,-0.141,False
2025-06-14 18:58:45,VID_814678,Gaming,Urdu,IN,505,1737,163,28,5,0.82,True
2025-09-02 02:16:47,VID_205320,Gaming,Hindi,UK,3504,2538,56,2,6,0.573,True
2024-05-02 13:00:40,VID_561693,Education,English,IN,344,20436,1154,66,54,0.139,False
2025-02-26 11:00:39,VID_302329,Tech Reviews,Hindi,BR,2004,13948,1348,93,47,-0.427,True
2024-04-14 14:46:14,VID_979831,Music,English,UK,62,23280,1083,114,71,-0.239,True
2024-08-20 05:02:44,VID_668440,Tech Reviews,Urdu,UK,1596,16974,461,30,36,0.944,True
2025-01-22 19:58:58,VID_786307,Gaming,Urdu,US,2069,9025,139,22,26,0.939,True
2025-03-23 08:25:29,VID_536677,Music,Urdu,US,1333,14400,344,68,30,0.256,True
2024-08-16 08:28:45,VID_550510,Vlogs,Japanese,UK,1207,2447,47,8,5,0.295,False
2025-08-19 09:49:13,VID_407523,Vlogs,Japanese,US,2570,2272,132,13,5,0.153,True
2025-05-26 02:49:09,VID_613525,Coding,Urdu,IN,3106,5920,153,21,25,0.022,True
2024-01-23 12:46:02,VID_833212,Music,Japanese,BR,2167,30712,727,48,130,-0.993,True
2025-08-10 18:53:47,VID_460538,Tech Reviews,Japanese,BR,3514,6827,573,48,10,0.618,True
2025-07-26 21:39:35,VID_206621,Vlogs,Urdu,BR,1447,19824,1357,84,34,-0.854,True
2025-07-07 03:54:54,VID_583542,Music,Japanese,BR,3020,28198,1344,208,56,-0.184,True
2024-01-03 09:03:52,VID_446941,Coding,Urdu,UK,3464,8486,207,18,8,0.202,True
2025-05-04 22:25:47,VID_254983,Education,Spanish,US,1716,12197,433,68,32,-0.42,False
2024-09-12 02:46:08,VID_980946,Tech Reviews,Japanese,US,1975,10576,702,83,51,0.84,True
2025-05-16 03:20:17,VID_836588,Tech Reviews,Spanish,IN,1352,300,19,2,1,0.607,True
2025-08-07 20:25:11,VID_503588,Coding,English,US,1495,13172,594,118,33,-0.766,True
2024-06-20 05:09:05,VID_536415,Coding,English,US,655,15031,379,36,23,-0.591,False
2025-08-21 00:33:48,VID_118447,Music,Japanese,BR,741,2896,96,16,13,-0.776,True
2024-10-29 16:03:18,VID_555757,Education,English,US,3087,814,62,7,1,0.489,True
2024-07-19 03:22:10,VID_519926,Tech Reviews,Spanish,UK,815,20898,872,132,77,-0.484,True
2025-12-01 08:17:04,VID_590462,Vlogs,Spanish,PK,2198,16017,1302,169,25,-0.884,False
2024-10-21 21:43:57,VID_283269,Music,English,BR,1028,18149,1098,161,57,0.197,False
2025-10-07 08:48:35,VID_766800,Coding,Spanish,UK,604,22284,595,87,103,-0.904,True
2024-11-20 13:45:38,VID_429470,Coding,Spanish,US,3517,3131,183,23,8,0.792,True
2024-03-12 23:44:07,VID_226867,Education,Hindi,BR,1704,3549,314,47,9,0.484,True
2024-11-09 06:50:30,VID_477030,Vlogs,English,PK,488,3424,140,21,5,0.2,False
2024-02-14 22:08:59,VID_799660,Vlogs,Japanese,US,2839,803,78,6,3,-0.578,True
2024-09-06 05:31:58,VID_710119,Tech Reviews,Spanish,BR,1748,2618,57,10,5,0.82,True
2024-09-16 11:24:47,VID_207535,Gaming,English,IN,3554,6321,387,57,27,0.627,True
2025-06-21 02:41:22,VID_984722,Tech Reviews,Urdu,UK,989,1068,74,12,3,-0.496,True
2025-11-23 20:36:45,VID_417977,Tech Reviews,Urdu,UK,3075,1672,17,3,5,0.491,False
2025-10-10 22:13:15,VID_126462,Education,Hindi,US,804,8575,98,14,10,-0.054,True
2024-11-01 05:33:05,VID_211441,Gaming,Urdu,BR,1366,4714,187,17,12,-0.189,True
2024-03-23 06:19:02,VID_594017,Gaming,Hindi,UK,1562,8321,693,137,8,0.637,True
2024-05-02 11:50:34,VID_612596,Music,Hindi,US,776,10822,119,10,11,-0.266,False
2024-02-11 18:43:17,VID_449172,Coding,Japanese,IN,695,32297,1451,224,103,-0.431,True
2024-05-11 13:16:32,VID_358778,Coding,Hindi,UK,1802,2531,47,5,11,0.889,False
2025-12-02 14:41:58,VID_134553,Coding,Urdu,US,2378,9925,215,39,42,-0.887,True
2024-12-26 02:01:05,VID_534657,Music,Hindi,PK,2383,8909,393,21,30,-0.27,True
2025-07-28 02:27:48,VID_188802,Education,English,US,3359,2296,59,6,8,-0.312,True
2024-10-13 02:59:59,VID_458286,Coding,Japanese,UK,2791,16339,972,91,75,-0.524,False
2024-01-04 15:50:24,VID_107767,Education,Japanese,BR,3201,12204,230,37,25,-0.21,True
2024-12-22 13:26:55,VID_440584,Gaming,Urdu,US,3333,1486,18,3,4,-0.638,True
2025-10-28 09:52:08,VID_144263,Education,Urdu,IN,1860,12234,609,52,16,0.156,True
2025-09-04 07:22:23,VID_144212,Gaming,Spanish,BR,1574,8130,215,19,39,-0.086,True
2024-09-29 02:21:26,VID_421029,Tech Reviews,Urdu,IN,3169,16544,1134,109,33,0.071,True
2025-03-08 17:11:51,VID_114936,Music,English,UK,2306,27983,1062,169,31,0.343,True
2024-01-08 06:52:52,VID_242329,Music,Hindi,US,629,899,77,9,3,-0.55,True
2024-11-22 16:32:27,VID_487101,Tech Reviews,Japanese,US,2691,5839,556,108,10,0.485,True
2025-05-03 13:35:17,VID_333312,Coding,English,IN,3545,6892,663,49,14,0.45,True
2025-01-10 13:47:09,VID_678969,Music,English,BR,1315,17981,1037,69,23,0.932,False
2024-11-29 03:41:50,VID_586408,Music,Hindi,IN,2748,9739,915,52,35,-0.021,True
2025-01-31 04:44:16,VID_860285,Gaming,Urdu,PK,1422,2279,30,2,7,0.519,False
2025-03-30 19:07:59,VID_425337,Coding,Spanish,BR,1788,8776,281,32,37,0.537,True
2024-11-05 03:16:20,VID_543169,Education,English,IN,3112,22945,1131,153,84,-0.132,True
2024-12-30 06:58:03,VID_922219,Music,Hindi,BR,1107,15332,864,105,17,-0.344,True
2025-07-04 06:17:34,VID_554493,Vlogs,Spanish,IN,689,43226,2133,303,121,0.371,True
2024-01-01 17:33:13,VID_488342,Music,Hindi,PK,1977,15242,354,61,42,-0.285,True
2024-05-10 05:24:07,VID_549859,Gaming,Urdu,IN,2694,6022,346,34,6,-0.089,False
2024-04-25 18:28:21,VID_134919,Tech Reviews,English,BR,1770,28189,1741,234,74,0.982,True
2024-03-04 02:13:36,VID_558176,Vlogs,English,IN,1588,2353,213,37,6,0.772,True
2024-05-14 17:56:42,VID_207324,Gaming,Japanese,IN,3267,10704,993,102,45,-0.626,True
2024-07-02 06:04:24,VID_880548,Gaming,Urdu,BR,3461,3295,262,28,11,0.778,False
2024-12-20 12:48:45,VID_889609,Education,Spanish,BR,962,11283,406,38,18,0.297,True
2025-11-27 08:42:48,VID_951719,Education,Japanese,IN,852,7252,656,54,14,-0.241,True
2025-11-20 05:54:23,VID_470957,Education,Urdu,IN,349,5594,108,9,21,-0.269,True
2024-12-07 19:13:39,VID_824300,Vlogs,Japanese,US,3484,2522,147,12,4,-0.814,True
2025-02-03 20:40:27,VID_320045,Tech Reviews,Spanish,IN,3117,13315,528,78,27,0.861,True
2024-11-13 05:37:55,VID_615168,Music,English,US,3510,1983,29,4,6,0.609,True
2025-02-08 03:16:22,VID_177451,Tech Reviews,Urdu,BR,1943,2705,43,7,7,-0.514,True
2025-06-30 13:06:00,VID_146225,Tech Reviews,English,BR,1596,4523,336,25,6,-0.534,True
2025-03-01 08:59:00,VID_160811,Gaming,Japanese,US,1711,3554,287,15,16,0.955,True
2025-02-26 17:14:54,VID_370659,Coding,Hindi,PK,1847,8280,479,65,18,-0.184,True
2024-02-11 02:30:55,VID_135757,Education,English,UK,1069,1179,60,3,4,-0.61,False
2025-08-11 05:55:07,VID_103472,Music,Japanese,BR,2372,3021,180,24,10,-0.072,True
2025-07-27 03:28:54,VID_277897,Education,Spanish,US,3055,2392,215,33,10,-0.021,False
2024-04-21 13:20:51,VID_264336,Gaming,Spanish,IN,1536,9917,924,75,44,0.908,True
2025-06-05 06:49:24,VID_572285,Education,Spanish,US,99,11512,524,81,31,-0.348,True
2024-11-16 18:26:14,VID_743678,Music,Urdu,UK,995,26846,1182,164,127,-0.547,False
2024-02-08 01:32:30,VID_452583,Tech Reviews,Urdu,US,1800,8891,150,27,9,-0.312,True
2024-02-10 20:14:08,VID_482262,Tech Reviews,English,US,1325,15499,1061,147,72,0.046,True
2024-01-01 10:21:26,VID_893784,Gaming,Hindi,UK,1627,8948,712,61,27,0.978,True
2024-12-13 01:58:02,VID_997587,Vlogs,English,PK,1529,5031,335,51,19,-0.923,True
2025-06-02 18:09:52,VID_274327,Coding,Urdu,PK,3094,12534,1121,125,57,0.402,True
2025-09-15 06:58:51,VID_825980,Education,Spanish,BR,2527,5867,400,58,9,0.752,True
2025-10-17 15:49:00,VID_313405,Coding,Spanish,UK,2275,1517,54,5,5,0.912,True
2024-12-08 15:28:05,VID_226785,Vlogs,Spanish,UK,1795,1388,84,7,5,-0.032,True
2024-02-23 17:11:17,VID_683979,Education,Urdu,BR,572,18677,818,160,67,0.631,True
2025-05-02 03:29:07,VID_101415,Vlogs,Japanese,IN,1515,45069,3294,495,202,-0.674,True
2024-01-24 15:56:53,VID_557768,Tech Reviews,Hindi,US,2555,19501,386,64,30,0.322,True
2025-03-06 03:42:58,VID_938422,Tech Reviews,Hindi,IN,1199,98019,4321,563,467,0.494,True
2024-04-30 22:09:04,VID_322382,Music,English,BR,1057,27,1,0,0,0.33,True
2025-03-30 13:23:55,VID_687054,Tech Reviews,Japanese,US,640,25153,2090,368,48,0.092,True
2024-12-30 00:05:34,VID_247808,Music,Japanese,UK,2127,17388,418,39,74,0.03,True
2024-05-09 05:36:28,VID_987735,Gaming,Japanese,IN,966,4166,354,23,5,0.584,False
2025-05-18 02:54:12,VID_943872,Music,English,PK,1562,478,28,3,0,0.328,True
2025-02-05 20:30:20,VID_236460,Coding,Urdu,IN,3079,9379,100,14,39,0.103,False
2025-10-19 06:55:10,VID_222598,Coding,Hindi,BR,2632,5127,484,85,23,-0.304,True
2025-09-22 11:22:08,VID_188180,Tech Reviews,Hindi,US,1265,11654,938,158,26,-0.93,False
2025-02-04 22:27:51,VID_937088,Tech Reviews,Spanish,PK,1520,4894,141,28,20,0.205,True
2024-04-16 11:19:38,VID_938422,Coding,Hindi,IN,1241,4974,413,67,11,0.064,True
2024-02-12 03:57:25,VID_166045,Music,Japanese,US,1988,5749,312,35,23,0.654,False
2025-01-23 08:27:36,VID_391400,Music,Spanish,IN,1705,2629,83,14,12,-0.81,True
2024-12-25 18:06:05,VID_766331,Education,English,BR,628,12457,399,56,45,-0.705,False
2024-12-29 07:03:41,VID_729681,Music,Urdu,BR,2597,5621,111,11,20,-0.837,True
2024-11-11 04:31:04,VID_829788,Tech Reviews,Hindi,PK,328,3967,118,20,19,0.433,True
2025-06-13 16:53:55,VID_753381,Gaming,Spanish,US,812,11293,878,162,16,0.669,True
2025-03-03 07:59:27,VID_682452,Tech Reviews,Urdu,US,861,4056,396,21,8,0.841,True
2025-05-16 16:08:40,VID_642898,Vlogs,English,UK,2012,650,25,3,1,0.262,False
2025-03-19 11:16:58,VID_902332,Gaming,English,IN,1334,1757,92,16,7,-0.783,False
2025-04-12 13:10:25,VID_719030,Education,Urdu,IN,2764,28713,438,67,134,-0.89,True
2025-10-03 07:25:12,VID_596902,Education,Japanese,BR,3488,16089,628,114,58,0.13,True
2024-01-05 00:58:32,VID_295289,Coding,Hindi,PK,2620,1888,60,6,3,0.104,True
2024-07-07 16:53:54,VID_431618,Tech Reviews,Spanish,IN,2177,7090,653,109,7,0.355,True
2025-08-23 17:30:56,VID_655435,Tech Reviews,English,BR,2026,2800,199,21,3,0.588,True
2024-06-19 17:24:27,VID_910288,Vlogs,Hindi,IN,3106,7809,588,76,35,-0.157,True
2025-08-01 18:45:47,VID_574894,Vlogs,English,IN,2252,3455,197,9,16,-0.6,True
2025-01-20 06:32:53,VID_502256,Music,Urdu,US,1381,14324,859,88,59,0.664,True
2024-11-09 20:27:27,VID_304892,Education,Hindi,UK,3010,317,6,0,0,0.331,True
2025-05-01 05:25:26,VID_785181,Tech Reviews,Japanese,PK,1279,9481,457,35,22,0.44,False
2025-03-24 06:32:15,VID_958265,Education,Spanish,BR,2274,3515,215,11,10,0.347,True
2024-11-23 20:02:47,VID_394434,Coding,English,UK,3073,552,39,3,2,-0.973,True
2024-11-01 10:30:13,VID_801931,Education,Urdu,PK,3280,19947,849,90,35,-0.209,True
2024-10-12 13:40:18,VID_218754,Gaming,Spanish,IN,1481,11763,743,138,26,-0.428,True
2024-12-01 20:26:05,VID_354592,Tech Reviews,English,US,3114,10492,618,56,40,0.506,True
2024-03-21 21:36:43,VID_503680,Vlogs,Japanese,UK,2008,17425,770,127,50,-0.011,True
2025-12-17 18:28:30,VID_731170,Coding,Japanese,US,2861,28345,934,146,71,-0.7,False
2025-06-25 02:07:52,VID_636999,Gaming,English,IN,1782,28223,1310,75,75,0.441,True
2024-02-25 11:21:52,VID_547357,Coding,Hindi,US,1513,25146,409,27,37,0.756,False
2024-07-17 06:37:30,VID_378539,Vlogs,Spanish,IN,820,7259,668,93,23,-0.679,False
2025-09-30 22:30:45,VID_129887,Education,Hindi,PK,147,4076,370,47,8,-0.663,False
2024-05-21 09:29:51,VID_250932,Tech Reviews,Japanese,IN,511,14474,465,47,31,-0.469,True
2025-01-07 09:16:59,VID_684557,Coding,Urdu,PK,65,5239,332,47,6,0.281,True
2024-07-31 22:41:28,VID_210005,Music,Urdu,BR,2135,28495,934,147,127,-0.824,True
2025-07-23 03:39:59,VID_622100,Vlogs,Hindi,US,1269,3443,323,32,9,0.69,True
2025-04-10 05:46:46,VID_376721,Education,Spanish,IN,3325,1779,116,21,2,-0.071,True
2024-06-26 06:55:43,VID_178986,Coding,Hindi,PK,2760,1251,81,4,2,-0.317,True
2024-04-14 23:16:19,VID_249964,Music,Hindi,PK,2687,6792,605,31,12,0.064,True
2024-01-08 15:54:28,VID_273207,Gaming,Hindi,UK,1753,19324,448,75,63,0.903,False
2024-08-24 06:21:43,VID_685930,Music,Urdu,UK,3170,9630,819,79,35,-0.995,False
2024-09-04 17:47:11,VID_683297,Education,Spanish,PK,1621,9623,777,96,27,0.643,True
2025-07-23 09:41:57,VID_164220,Coding,Spanish,PK,1074,17533,1006,83,47,0.348,True
2025-03-23 10:24:18,VID_168211,Vlogs,Urdu,US,2024,7171,662,116,16,-0.399,True
2025-07-05 04:28:30,VID_415512,Gaming,Japanese,IN,3055,15637,1041,146,53,0.444,True
2024-04-16 08:12:39,VID_701720,Tech Reviews,Urdu,US,174,1076,74,14,4,-0.61,True
2024-01-30 16:27:09,VID_719659,Tech Reviews,Spanish,PK,3526,2056,26,1,5,-0.231,False
2025-06-20 23:58:15,VID_796455,Tech Reviews,Urdu,BR,1482,5609,472,82,22,0.041,True
2025-01-21 13:54:23,VID_299919,Education,English,US,2719,16591,1107,61,80,-0.458,True
2025-03-10 16:58:58,VID_321502,Education,English,BR,1820,6816,538,75,19,-0.93,True
2024-05-16 09:32:17,VID_744247,Vlogs,English,US,3524,8238,322,53,21,-0.295,False
2025-12-28 20:23:08,VID_826362,Coding,Hindi,PK,65,1376,50,4,2,0.788,True
2025-09-09 11:18:38,VID_876103,Vlogs,Japanese,PK,1505,5725,179,23,6,-0.495,True
2025-09-07 23:12:26,VID_890984,Gaming,English,US,1230,2379,225,20,4,0.755,True
2025-05-28 10:20:25,VID_521817,Gaming,Urdu,PK,860,898,35,2,2,0.854,True
2024-05-13 07:23:03,VID_440423,Education,Urdu,UK,1535,2951,190,17,7,-0.59,True
2025-02-25 06:14:41,VID_401676,Gaming,Urdu,PK,2272,763,24,2,2,-0.128,True
2024-01-08 04:05:53,VID_841255,Education,Hindi,IN,1582,13034,293,25,64,0.046,True
2025-04-15 00:50:52,VID_566079,Gaming,English,BR,2809,16729,1003,87,82,-0.895,True
2024-02-15 20:51:58,VID_315790,Tech Reviews,Urdu,PK,1966,1929,81,7,4,0.783,True
2025-12-30 23:42:06,VID_806193,Tech Reviews,English,BR,2380,7997,583,55,24,0.531,True
2024-10-28 21:53:08,VID_837274,Coding,English,BR,2956,14092,542,106,25,-0.616,True
2024-02-24 13:36:58,VID_783759,Education,English,BR,1233,2471,212,22,11,0.252,True
2025-11-30 09:59:33,VID_968538,Coding,Japanese,US,561,4301,411,29,13,0.596,True
2024-06-28 21:59:11,VID_560816,Tech Reviews,Japanese,PK,1510,15362,189,32,17,-0.281,True
2025-08-09 13:17:45,VID_777618,Tech Reviews,Hindi,PK,2258,4283,235,22,14,0.77,False
2024-07-16 06:41:27,VID_335882,Education,Urdu,BR,3011,827,22,2,3,-0.253,False
2025-10-28 17:55:52,VID_427004,Tech Reviews,Hindi,IN,608,15322,1364,206,65,0.697,True
2024-08-28 18:56:24,VID_475830,Music,Spanish,US,2296,5542,481,69,15,-0.692,True
2025-12-08 11:11:24,VID_220038,Tech Reviews,Urdu,BR,3028,8544,637,86,22,0.904,True
2025-12-03 10:27:12,VID_566451,Coding,Japanese,BR,1005,8987,557,37,12,0.796,True
2024-03-20 16:02:46,VID_132246,Vlogs,English,IN,96,8936,181,14,42,0.379,True
2024-01-21 15:18:31,VID_991996,Education,Hindi,PK,1153,31664,483,76,59,0.164,True
2025-10-14 13:28:25,VID_154864,Coding,Urdu,UK,219,11669,438,29,20,0.341,False
2024-01-22 17:03:48,VID_353241,Education,Spanish,IN,2359,18543,1025,119,24,0.208,False
2024-01-08 07:51:52,VID_772683,Music,English,UK,1927,16449,1394,116,44,0.214,False
2024-05-28 03:32:11,VID_438162,Tech Reviews,English,PK,3263,23556,2268,432,82,0.075,True
2025-11-24 01:24:45,VID_249662,Tech Reviews,Hindi,IN,94,18692,1199,125,64,-0.864,True
2025-02-15 17:40:24,VID_687202,Vlogs,Japanese,BR,1621,39362,641,103,114,0.682,True
2025-06-17 09:00:56,VID_983638,Gaming,Hindi,PK,2938,2513,211,39,4,0.561,True
2025-07-11 02:11:32,VID_764218,Education,Hindi,IN,2458,9050,524,39,37,-0.067,True
2025-04-14 23:15:14,VID_886363,Education,Urdu,US,342,579,13,2,1,0.182,True
2024-09-05 15:58:30,VID_233648,Music,Urdu,IN,1813,6173,65,7,10,0.483,True
2024-04-03 04:48:06,VID_910982,Education,English,PK,1258,1174,29,3,1,0.757,False
2024-05-08 09:12:07,VID_150110,Coding,English,UK,2664,11359,357,43,25,-0.981,True
2025-10-21 15:43:40,VID_201508,Tech Reviews,Urdu,BR,1411,1889,77,10,5,0.574,False
2025-12-07 18:08:22,VID_703326,Education,Japanese,BR,293,4345,320,48,20,0.383,True
2025-06-16 21:48:42,VID_568428,Coding,Japanese,IN,2157,16418,1391,151,32,0.444,True
2024-09-20 13:57:56,VID_650705,Coding,Hindi,PK,2693,27578,2571,306,104,-0.404,True
2025-01-04 18:46:36,VID_766445,Vlogs,Spanish,US,2388,6782,232,13,15,0.342,True
2025-08-03 21:18:15,VID_556679,Music,Hindi,US,2408,5623,402,27,21,0.543,True
2024-07-11 09:38:38,VID_202862,Gaming,English,US,3416,3242,140,12,4,-0.689,True
2025-06-13 06:04:17,VID_846111,Music,English,UK,2597,20593,1730,223,98,0.413,True
2025-09-22 05:23:29,VID_786070,Tech Reviews,English,US,2268,6362,188,22,11,0.532,False
2024-06-03 00:53:12,VID_327102,Coding,English,UK,2477,8655,647,105,32,-0.403,False
2025-06-27 22:10:50,VID_104726,Tech Reviews,Urdu,IN,899,23185,820,52,74,-0.084,False
2024-07-05 10:46:36,VID_604670,Gaming,English,UK,2751,12853,973,140,62,-0.12,True
2025-03-02 13:07:08,VID_570000,Coding,English,UK,3337,643,27,4,1,0.188,True
2024-10-09 02:12:37,VID_137778,Vlogs,English,IN,1124,3678,311,54,15,0.375,False
2024-01-19 03:19:55,VID_636874,Tech Reviews,Spanish,PK,2017,44170,4376,374,105,-0.014,True
2024-04-20 03:36:02,VID_199314,Vlogs,Spanish,IN,1414,14718,243,38,51,-0.733,True
2024-01-05 13:28:54,VID_345224,Education,English,IN,1319,24873,470,35,30,-0.978,False
2024-10-08 17:54:17,VID_187123,Music,Hindi,US,2633,4315,235,37,7,-0.912,True
2025-12-21 01:30:48,VID_131829,Coding,Japanese,PK,453,1712,41,2,7,-0.998,True
2025-04-08 00:43:36,VID_427969,Gaming,Japanese,IN,1694,5488,468,26,21,-0.921,True
2024-06-02 10:59:52,VID_721807,Tech Reviews,Japanese,PK,297,11890,469,73,46,0.328,False
2024-09-25 14:44:41,VID_357964,Vlogs,Hindi,PK,2458,34486,2586,312,38,-0.916,False
2024-03-13 01:55:50,VID_166242,Education,English,BR,2783,818,67,11,2,0.307,True
2025-11-03 19:05:24,VID_355866,Gaming,Japanese,BR,1350,11363,808,140,38,0.027,True
2025-07-29 15:02:51,VID_709203,Education,Hindi,UK,3479,6332,553,83,17,-0.039,True
2025-03-25 07:35:09,VID_910335,Tech Reviews,Japanese,US,2171,303,30,1,0,-0.768,True
2025-03-12 02:03:40,VID_747565,Vlogs,Japanese,BR,1121,88,8,1,0,-0.386,True
2025-11-09 09:14:34,VID_422045,Vlogs,Hindi,PK,2324,171,4,0,0,0.871,False
2024-01-15 11:36:30,VID_991005,Vlogs,Hindi,US,2035,1117,39,5,1,-0.7,True
2025-06-02 23:11:57,VID_409398,Gaming,Urdu,BR,252,21567,1079,98,92,-0.832,True
2025-09-06 11:13:39,VID_271013,Tech Reviews,Hindi,US,2613,4715,134,20,5,0.21,False
2024-08-03 10:55:09,VID_848663,Gaming,Japanese,UK,362,8092,100,11,27,0.575,True
2024-02-28 09:07:58,VID_757546,Music,English,US,2952,3488,83,15,12,0.1,True
2024-06-24 20:49:00,VID_795332,Music,Spanish,US,3360,42725,2913,320,56,-0.902,False
2024-07-18 09:03:15,VID_406326,Coding,English,UK,1612,38083,732,136,43,-0.636,True
2025-09-05 21:58:17,VID_591057,Music,Spanish,BR,1023,2957,176,21,7,0.058,True
2025-08-18 19:05:08,VID_964480,Vlogs,Hindi,PK,1128,10824,555,61,15,-0.976,True
2025-10-14 21:39:37,VID_831136,Gaming,English,BR,1910,7691,79,6,12,-0.174,True
2025-05-04 14:45:14,VID_778316,Education,Urdu,BR,2627,3571,91,15,8,0.385,True
2024-09-18 13:20:37,VID_126347,Education,Urdu,US,2464,5364,399,76,8,-0.062,True
2025-09-03 08:32:05,VID_459105,Music,Japanese,US,1678,1843,48,6,5,-0.55,True
2024-01-13 03:35:24,VID_816871,Gaming,Japanese,PK,2482,11235,313,40,36,0.544,True
2024-01-16 11:02:32,VID_572855,Vlogs,Japanese,US,375,1154,106,11,1,0.431,True
2024-05-13 12:25:55,VID_644987,Gaming,Hindi,US,2199,8415,493,31,24,0.388,True
2025-12-24 04:35:34,VID_334540,Coding,Spanish,IN,3589,16262,1342,256,77,0.572,True
2025-10-11 14:47:10,VID_202196,Tech Reviews,Spanish,US,851,4984,344,32,17,0.257,True
2025-11-10 04:00:09,VID_447568,Vlogs,Urdu,UK,1162,34,2,0,0,0.559,True
2025-02-10 04:07:54,VID_747177,Music,Hindi,UK,1122,3368,252,31,14,0.686,True
2024-06-03 05:53:39,VID_437484,Coding,Spanish,IN,783,46038,4542,770,172,0.221,True
2024-04-17 01:26:24,VID_921576,Music,Spanish,IN,957,7189,289,24,14,-0.35,True
2024-03-26 19:17:35,VID_687252,Education,Hindi,UK,770,17524,347,69,36,0.178,True
2025-12-26 11:24:54,VID_402043,Music,Urdu,BR,1456,2731,237,31,8,0.33,False
2025-12-19 21:30:54,VID_868855,Education,Japanese,US,2447,17641,782,77,84,-0.753,True
2024-05-19 07:10:50,VID_744311,Vlogs,Japanese,BR,1602,590,32,2,2,0.305,True
2024-01-18 11:35:28,VID_699059,Coding,English,UK,2630,2814,106,5,13,-0.53,True
2025-10-20 22:55:29,VID_943501,Vlogs,English,UK,1664,8262,193,23,8,-0.326,True
2024-03-24 23:21:53,VID_283000,Gaming,Hindi,BR,2347,6771,109,16,29,0.314,True
2024-10-10 11:41:21,VID_474198,Vlogs,English,UK,3091,6725,337,37,7,-0.438,True
2025-05-02 17:36:29,VID_942464,Tech Reviews,Japanese,BR,2338,5958,388,71,18,-0.493,False
2024-02-16 12:39:34,VID_943515,Vlogs,English,US,1560,5886,67,12,20,-0.455,True
2025-04-15 06:09:05,VID_144773,Education,Urdu,IN,3110,1337,20,1,1,-0.981,True
2024-08-07 09:01:22,VID_305410,Music,Spanish,IN,725,3869,58,3,10,0.282,True
2024-05-03 16:58:02,VID_983923,Education,Spanish,UK,1004,45466,3211,560,80,-0.481,False
2024-05-05 14:53:33,VID_267269,Gaming,Urdu,PK,1258,1287,56,4,3,0.645,True
2024-11-21 12:36:47,VID_437885,Tech Reviews,English,UK,2318,352,30,2,0,0.03,True
2025-07-05 01:55:52,VID_759748,Vlogs,Urdu,BR,2690,3001,298,55,9,0.556,True
2024-07-01 16:32:12,VID_557270,Music,Spanish,UK,733,1570,153,29,4,-0.684,True
2025-09-26 20:39:32,VID_296492,Tech Reviews,English,PK,800,14365,474,29,38,0.775,True
2024-01-15 13:17:50,VID_840655,Music,Japanese,IN,938,799,62,4,3,-0.069,True
2025-07-18 01:27:22,VID_504973,Education,Urdu,IN,2936,3522,270,35,11,0.106,True
2025-05-26 19:19:20,VID_984693,Gaming,Japanese,BR,3464,764,57,4,3,-0.49,True
2024-11-08 07:43:21,VID_527020,Music,Japanese,US,1885,5156,89,16,5,-0.332,True
2024-12-18 06:01:56,VID_500318,Vlogs,Spanish,US,2633,8004,790,137,10,0.471,True
2024-11-23 22:08:44,VID_537930,Education,Urdu,PK,300,5773,400,53,25,-0.16,True
2024-10-06 07:36:07,VID_538432,Coding,Spanish,US,2156,4616,458,55,22,0.34,False
2025-04-10 09:27:33,VID_180444,Vlogs,Hindi,BR,1908,6548,537,40,11,0.805,True
2024-04-21 13:16:07,VID_172624,Coding,English,BR,3018,588,46,6,2,-0.674,True
2024-10-31 23:07:55,VID_200049,Gaming,English,BR,2907,8943,692,120,39,-0.382,True
2025-09-06 03:21:27,VID_961858,Coding,Japanese,US,2854,784,10,1,2,0.365,True
2024-07-11 04:28:24,VID_421421,Music,Spanish,BR,1772,14971,424,23,53,-0.453,True
2024-12-17 02:15:11,VID_788297,Gaming,English,PK,1650,1222,51,7,5,0.797,True
2025-05-26 19:01:03,VID_758695,Education,English,UK,2026,4844,221,14,13,0.231,False
2024-02-29 21:38:45,VID_508827,Tech Reviews,Hindi,BR,1991,7440,550,90,22,0.718,True
2025-01-13 10:01:34,VID_710070,Tech Reviews,English,PK,1925,448,26,2,1,-0.815,True
2024-04-09 14:32:34,VID_557056,Education,Spanish,UK,1794,4692,111,16,12,-0.363,False
2024-02-15 21:36:06,VID_604602,Music,Japanese,US,899,209,9,0,0,0.849,True
2024-03-14 09:55:05,VID_397071,Gaming,Urdu,UK,3383,2618,99,19,5,-0.903,True
2024-01-15 04:16:07,VID_191862,Music,English,US,1212,1248,123,17,4,-0.472,True
2024-08-16 03:15:16,VID_562327,Coding,Spanish,PK,961,9525,562,101,27,0.992,True
2024-08-03 00:27:58,VID_432236,Tech Reviews,Japanese,UK,3560,89,4,0,0,0.202,True
2025-11-10 07:06:56,VID_640619,Vlogs,Urdu,UK,3135,5439,343,58,24,-0.446,False
2024-06-12 06:19:04,VID_218190,Vlogs,Spanish,US,2523,6041,531,78,15,0.914,False
2024-05-11 08:10:51,VID_974483,Gaming,English,PK,2508,23686,301,42,68,-0.207,False
2024-12-02 16:34:53,VID_164650,Coding,Spanish,BR,1599,37647,541,105,168,0.101,False
2025-12-27 11:12:12,VID_414528,Coding,Urdu,UK,2253,775,35,3,0,0.395,True
2024-12-09 14:45:32,VID_728730,Gaming,Spanish,UK,2084,1342,106,11,5,-0.215,True
2024-09-18 03:15:40,VID_365900,Tech Reviews,Hindi,IN,1117,10069,348,51,16,0.932,False
2024-09-27 04:00:09,VID_606713,Vlogs,English,PK,2601,14164,868,170,39,0.502,True
2024-10-22 02:40:31,VID_740029,Tech Reviews,English,UK,2046,7091,232,27,10,-0.363,True
2025-01-09 19:05:03,VID_212290,Coding,Urdu,UK,2027,1539,115,9,4,0.423,True
2025-09-09 13:13:44,VID_646786,Vlogs,Japanese,BR,2194,4655,404,78,11,-0.755,False
2024-11-16 02:35:41,VID_762712,Tech Reviews,Spanish,UK,106,13178,666,72,54,-0.405,False
2025-09-02 20:43:44,VID_745689,Gaming,Spanish,US,1187,1307,84,13,3,-0.096,True
2024-12-20 02:55:43,VID_356235,Tech Reviews,Urdu,IN,3576,11724,500,54,27,0.576,True
2024-12-14 07:11:56,VID_627747,Tech Reviews,Spanish,PK,2394,3715,216,25,12,0.649,False
2024-06-04 09:20:48,VID_853846,Education,Spanish,UK,3087,27637,923,69,77,0.632,True
2025-06-26 08:59:35,VID_243077,Coding,Hindi,UK,2096,5703,81,6,7,-0.432,False
2025-03-18 00:50:10,VID_568725,Education,Hindi,US,547,1269,52,8,3,-0.627,False
2025-10-09 02:25:42,VID_516981,Education,Spanish,BR,123,8574,212,17,12,-0.671,True
2024-03-10 02:47:16,VID_238503,Vlogs,Hindi,PK,1108,610,28,1,1,0.725,True
2025-02-21 02:33:21,VID_349144,Tech Reviews,Hindi,BR,2870,22490,1764,234,71,0.342,True
2024-08-02 07:34:33,VID_475057,Music,Urdu,UK,3160,31372,2733,366,91,-0.837,True
2024-10-09 12:07:34,VID_731682,Gaming,Japanese,IN,2883,501,48,7,0,0.376,True
2024-05-19 14:05:54,VID_174691,Music,English,US,82,3258,170,32,16,0.009,False
2025-02-10 07:32:49,VID_164569,Education,Urdu,BR,1003,2404,55,8,4,-0.653,False
2025-11-04 22:20:57,VID_253042,Tech Reviews,Japanese,UK,2280,10578,1000,88,38,-0.741,True
2024-08-02 07:16:10,VID_437522,Education,Urdu,IN,3146,14388,794,57,45,-0.452,True
2024-02-02 19:37:30,VID_228953,Education,Spanish,UK,2093,6740,101,13,10,-0.774,False
2025-09-11 21:17:06,VID_449791,Vlogs,Urdu,BR,2348,19848,1251,135,31,-0.975,True
2024-07-17 12:18:07,VID_698502,Coding,Japanese,PK,1724,2147,129,16,10,0.656,True
2024-11-26 19:19:43,VID_657404,Coding,Spanish,PK,2266,3635,147,11,12,-0.247,False
2025-09-25 20:45:22,VID_167649,Education,Japanese,US,1268,27725,2583,248,70,0.369,True
2025-07-28 15:34:58,VID_608412,Tech Reviews,Hindi,US,1237,16223,760,80,75,0.773,True
2024-10-29 06:55:29,VID_483542,Music,English,PK,2842,43697,2729,495,64,-0.862,True
2024-01-08 21:32:06,VID_844156,Gaming,English,US,849,1700,107,14,2,-0.376,True
2024-10-30 23:09:56,VID_808552,Tech Reviews,Japanese,PK,267,15478,552,39,40,-0.815,True
2024-05-17 01:05:15,VID_429343,Tech Reviews,Urdu,PK,3468,7200,593,68,15,-0.114,True
2024-12-20 07:22:35,VID_709768,Coding,Japanese,US,1385,7151,246,36,13,-0.71,True
2024-10-04 15:03:43,VID_740722,Gaming,Spanish,IN,1726,5577,303,60,6,-0.69,True
2024-10-26 08:08:22,VID_176862,Coding,Japanese,PK,2730,4225,209,16,5,-0.34,True
2024-01-18 13:46:28,VID_847812,Education,Spanish,IN,2715,9250,784,58,16,-0.642,True
2025-01-04 10:24:16,VID_129914,Education,Japanese,BR,575,313,15,2,0,-0.606,True
2025-07-14 11:26:52,VID_543059,Vlogs,Japanese,PK,1763,11140,116,11,44,0.108,True
2024-10-12 03:24:55,VID_167791,Education,Hindi,PK,3523,669,42,6,1,-0.605,True
2024-08-01 18:27:40,VID_410930,Tech Reviews,English,PK,3193,5595,90,8,14,-0.004,True
2024-04-21 07:21:04,VID_713837,Education,Japanese,BR,2383,6345,444,59,18,-0.077,True
2024-08-29 11:47:38,VID_403546,Tech Reviews,English,PK,2837,3869,312,51,11,0.772,False
2025-05-06 19:19:40,VID_584508,Tech Reviews,Spanish,US,76,17623,575,34,29,0.318,True
2025-12-04 10:35:42,VID_361118,Tech Reviews,Hindi,BR,1219,18465,528,89,83,0.137,True
2025-03-16 11:05:26,VID_616319,Tech Reviews,Hindi,UK,2258,2310,218,18,7,-0.68,True
2025-12-10 11:23:21,VID_903506,Music,Hindi,BR,2593,902,44,8,1,-0.735,True
2024-04-28 08:14:41,VID_736055,Vlogs,Japanese,IN,3300,13197,879,149,52,-0.961,False
2025-10-23 20:52:19,VID_603042,Gaming,Urdu,BR,3172,9363,186,20,15,0.509,True
2025-12-20 10:31:12,VID_224590,Coding,English,PK,3066,2638,231,24,9,-0.691,True
2024-08-17 02:48:46,VID_347418,Coding,English,UK,2170,919,66,6,4,0.166,False
2025-07-27 20:48:37,VID_649396,Gaming,Urdu,US,3144,2324,165,28,9,-0.469,True
2025-06-03 03:54:04,VID_461054,Music,English,IN,1320,15079,784,150,73,0.759,True
2025-11-12 14:57:01,VID_402521,Vlogs,Urdu,US,805,2941,248,22,6,-0.451,True
2025-11-17 22:44:10,VID_477353,Music,Spanish,US,229,3665,273,20,9,-0.938,True
2024-05-31 10:06:09,VID_546040,Vlogs,Hindi,BR,319,13036,703,59,57,0.402,True
2025-07-29 01:44:38,VID_791108,Coding,Spanish,UK,607,15600,1390,212,21,-0.563,True
2024-07-15 10:24:18,VID_424629,Vlogs,Hindi,US,1617,7917,566,78,8,0.125,True
2025-04-22 22:03:30,VID_124827,Vlogs,Urdu,US,2838,584,11,0,0,0.763,True
2024-12-06 04:16:52,VID_632887,Education,Urdu,UK,1238,3464,330,42,8,0.352,False
2024-12-02 17:05:22,VID_762218,Education,Urdu,BR,1505,4633,424,38,13,0.202,False
2025-03-14 09:26:12,VID_604079,Music,Spanish,US,2212,10557,495,77,32,-0.49,True
2024-02-07 19:28:12,VID_494675,Music,Spanish,UK,2481,12834,573,99,56,-0.721,True
2024-03-15 16:07:17,VID_563393,Tech Reviews,English,IN,1311,8111,475,66,33,-0.915,True
2024-08-18 00:53:38,VID_518524,Music,English,PK,2110,2630,187,9,3,0.56,True
2024-07-30 20:31:39,VID_116916,Education,Hindi,IN,3013,498,47,4,0,0.83,False
2025-09-04 11:20:47,VID_280614,Music,Japanese,US,3449,2158,99,5,5,0.518,True
2025-09-28 19:11:39,VID_274074,Education,Spanish,UK,652,3175,224,11,7,-0.394,True
2024-11-02 06:22:56,VID_776940,Education,English,IN,2645,3959,231,17,16,-0.261,True
2025-08-19 09:00:10,VID_265615,Education,Urdu,US,3303,1169,102,17,4,0.536,True
2024-04-14 13:27:26,VID_430241,Tech Reviews,Hindi,US,310,645,36,6,3,-0.655,True
2025-02-07 03:48:34,VID_384348,Coding,English,US,1960,16008,1229,234,64,-0.636,True
2024-09-01 01:11:32,VID_928520,Vlogs,Urdu,UK,1658,64,2,0,0,0.572,True
2024-04-01 07:04:25,VID_687359,Tech Reviews,Spanish,UK,503,278,6,0,1,0.343,True
2025-05-21 20:03:37,VID_288216,Gaming,English,BR,3165,14876,1063,70,48,-0.333,True
2024-08-21 14:28:53,VID_863938,Vlogs,Hindi,PK,1231,5072,353,47,18,0.559,True
2025-01-15 15:32:59,VID_127982,Education,Urdu,UK,1684,7354,354,29,34,-0.728,True
2025-06-30 15:57:07,VID_755863,Coding,Spanish,US,911,6619,593,96,32,0.552,True
2024-05-11 12:36:48,VID_879710,Education,Urdu,BR,1155,22504,1134,214,109,-0.224,True
2024-05-18 20:27:35,VID_326300,Tech Reviews,Urdu,IN,922,7841,83,13,13,-0.563,True
2025-11-02 07:55:08,VID_442094,Music,Hindi,US,1945,5862,346,36,8,0.628,False
2024-07-09 13:31:19,VID_135784,Coding,Hindi,US,3133,1472,59,7,2,-0.658,True
2025-09-04 17:12:57,VID_870652,Coding,Spanish,US,2317,17938,512,86,50,0.457,True
2025-03-14 09:31:31,VID_948789,Gaming,Japanese,UK,2832,1228,31,4,4,-0.745,True
2025-08-27 06:21:03,VID_256971,Vlogs,Hindi,IN,1060,6069,437,51,19,0.062,True
2024-10-23 11:59:18,VID_136298,Education,English,IN,540,314,17,3,0,0.16,True
2024-09-05 07:26:06,VID_741778,Education,Spanish,IN,2236,38570,615,97,114,0.645,False
2025-11-11 00:23:23,VID_865452,Education,Hindi,IN,3028,15126,996,58,24,0.56,True
2024-11-05 17:37:55,VID_509566,Music,Hindi,UK,1644,5462,199,33,11,-0.118,True
2024-04-05 23:05:08,VID_694494,Music,Japanese,UK,1568,2928,100,16,3,0.833,True
2025-10-16 12:05:53,VID_667876,Education,English,US,567,3854,204,30,6,0.446,False
2025-02-12 15:19:15,VID_426347,Gaming,Hindi,US,2469,873,24,3,2,0.055,True
2025-06-02 06:28:08,VID_897054,Coding,English,IN,3261,5816,167,25,12,0.303,True
2025-01-25 22:28:15,VID_655562,Music,Japanese,US,1300,749,48,7,2,-0.944,True
2024-07-16 21:25:51,VID_899799,Gaming,Spanish,BR,3183,1257,115,18,3,-0.91,True
2025-03-30 02:44:49,VID_840612,Tech Reviews,Urdu,UK,1885,4097,304,28,13,0.875,True
2025-02-12 12:37:34,VID_214845,Gaming,English,US,1554,27214,2511,281,70,0.605,True
2025-04-28 04:57:14,VID_797396,Tech Reviews,Spanish,PK,3267,21054,1735,128,44,0.128,True
2024-08-01 08:26:39,VID_719751,Music,Urdu,PK,2945,1305,128,12,2,-0.082,False
2024-08-31 17:23:44,VID_638692,Coding,Urdu,PK,1905,9844,710,85,23,0.538,True
2025-12-21 02:53:07,VID_178254,Vlogs,Hindi,US,3040,3438,284,45,15,-0.063,True
2025-11-11 00:45:22,VID_935097,Vlogs,Japanese,IN,1016,5111,410,74,16,-0.897,True
2025-04-28 19:11:35,VID_596670,Tech Reviews,Spanish,US,121,8772,456,30,28,-0.013,True
2024-06-20 09:32:32,VID_267143,Tech Reviews,Hindi,UK,3164,1851,75,10,4,-0.973,True
2025-10-23 11:13:51,VID_556308,Gaming,Hindi,UK,1544,305,18,3,1,0.433,True
2025-06-01 15:14:06,VID_916170,Coding,Hindi,US,2723,12298,372,33,44,0.233,True
2025-01-28 03:10:41,VID_328707,Education,Hindi,UK,2642,2976,103,8,7,0.536,False
2025-10-14 23:15:40,VID_668935,Vlogs,Japanese,BR,1392,31820,1704,217,86,0.56,True
2024-07-01 16:25:33,VID_487118,Vlogs,Japanese,BR,3451,650,24,3,3,-0.472,False
2024-09-23 01:35:38,VID_543527,Music,Spanish,IN,2105,4783,161,24,13,0.461,True
2024-01-16 18:45:56,VID_834330,Coding,Spanish,IN,1550,5059,170,21,15,-0.076,False
2024-11-01 03:07:30,VID_409151,Education,Spanish,BR,3554,17003,1018,104,27,0.426,True
2024-01-31 17:07:04,VID_321831,Tech Reviews,Urdu,PK,742,7152,563,55,20,0.777,False
2025-07-14 18:18:34,VID_303683,Tech Reviews,Japanese,IN,1542,24050,892,53,31,-0.189,True
2024-06-08 10:40:12,VID_550413,Music,Spanish,IN,2181,3739,319,37,11,0.841,True
2024-06-06 11:26:13,VID_915299,Vlogs,English,UK,308,20829,1480,229,83,-0.629,True
2024-06-19 23:44:02,VID_190564,Coding,Urdu,UK,506,19477,1539,224,52,-0.331,True
2024-12-02 03:58:31,VID_652274,Tech Reviews,Urdu,PK,2184,18894,1723,343,76,-0.846,True
2024-11-19 17:41:06,VID_967389,Vlogs,Spanish,US,2754,12640,1027,188,55,0.752,True
2025-06-13 10:10:11,VID_686278,Tech Reviews,Urdu,IN,812,1714,92,16,3,-0.118,True
2025-04-13 10:30:27,VID_305404,Education,Urdu,UK,977,18584,1168,92,45,0.944,True
2024-11-16 00:27:50,VID_392075,Gaming,Urdu,PK,1583,2761,259,20,11,-0.271,True
2024-02-23 00:14:52,VID_193780,Tech Reviews,Urdu,UK,1658,1492,48,9,2,0.95,True
2024-05-26 17:51:37,VID_412837,Gaming,Hindi,BR,2759,17297,1225,104,18,-0.015,False
2024-12-21 01:14:30,VID_252564,Education,Japanese,US,2600,586,18,2,1,0.762,True
2025-08-25 12:51:13,VID_724549,Coding,Urdu,IN,367,6066,452,64,19,0.496,True
2025-11-17 18:58:22,VID_713075,Education,Spanish,PK,947,5472,104,5,21,0.455,True
2025-09-24 12:19:30,VID_711988,Tech Reviews,Japanese,US,3441,7373,222,36,14,0.205,True
2025-02-09 14:06:21,VID_480890,Coding,Urdu,US,2055,6986,455,35,17,-0.567,False
2025-02-08 10:58:13,VID_407246,Gaming,Spanish,IN,1462,6526,260,46,11,-0.907,True
2024-04-20 11:23:10,VID_221568,Coding,Hindi,BR,411,9018,424,83,36,0.924,True
2024-05-19 13:56:40,VID_338239,Gaming,English,US,1985,3507,237,35,7,-0.435,True
2024-12-29 04:25:02,VID_794732,Vlogs,Urdu,BR,1336,3,0,0,0,-0.823,True
2025-12-12 17:29:38,VID_850907,Tech Reviews,English,BR,2922,1257,41,2,3,-0.943,True
2024-12-07 10:22:26,VID_886460,Coding,Hindi,US,3416,2383,93,6,11,0.849,True
2024-11-12 04:19:08,VID_245328,Gaming,Japanese,UK,647,6988,676,101,8,-0.146,False
2024-05-05 16:28:29,VID_911806,Gaming,Japanese,US,796,7934,412,69,8,0.499,True
2024-12-07 15:26:38,VID_446026,Vlogs,Spanish,BR,903,21378,1888,330,71,-0.75,True
2024-01-29 09:18:55,VID_515675,Gaming,Japanese,BR,833,743,16,2,3,-0.66,True
2024-07-20 03:42:48,VID_182138,Coding,Japanese,BR,1380,10660,510,81,31,-0.595,True
2024-01-10 12:47:28,VID_736427,Music,Urdu,BR,3399,13675,1280,239,40,-0.543,True
2025-07-21 21:28:16,VID_244740,Gaming,Hindi,US,363,1488,35,6,5,0.085,True
2024-09-11 18:09:26,VID_401272,Vlogs,Urdu,US,3370,16110,1068,119,79,0.766,True
2025-08-02 00:33:48,VID_119520,Vlogs,Hindi,PK,2392,11685,635,94,35,-0.047,True
2025-07-20 22:54:08,VID_354425,Vlogs,Japanese,US,3426,4059,186,11,16,-0.938,True
2024-04-22 04:45:01,VID_824803,Education,Japanese,US,1082,1510,56,8,7,-0.065,False
2025-07-19 13:23:23,VID_809575,Music,Urdu,BR,2195,7175,424,36,14,-0.226,True
2025-04-11 07:50:51,VID_531940,Education,Urdu,BR,361,3314,104,13,10,0.782,True
2024-09-02 18:43:48,VID_498141,Gaming,English,PK,3483,3397,133,17,13,0.97,True
2025-02-28 14:41:43,VID_302069,Tech Reviews,Urdu,BR,2417,2766,228,41,12,0.623,True
2025-03-22 22:57:43,VID_375450,Music,Japanese,UK,284,1211,19,3,4,-0.845,True
2024-06-21 05:21:50,VID_662627,Music,Spanish,BR,1474,6954,495,42,9,0.91,False
2024-10-27 02:08:17,VID_309221,Gaming,English,PK,255,12735,151,7,20,-0.186,True
2025-01-31 15:15:33,VID_817209,Vlogs,Spanish,BR,1198,2997,56,7,7,-0.883,True
2025-11-25 00:51:44,VID_933604,Music,Hindi,US,3200,6117,582,73,27,0.234,True
2024-07-13 02:12:15,VID_967046,Music,Spanish,BR,2162,5922,122,9,12,-0.305,False
2025-12-21 14:17:08,VID_489328,Music,English,US,2051,6393,562,103,14,0.452,True
2024-05-21 01:28:44,VID_750899,Vlogs,English,IN,2572,23428,1847,290,42,0.24,True
2024-10-24 04:32:52,VID_368627,Tech Reviews,English,PK,3385,34616,1149,163,38,0.294,False
2025-10-25 19:41:29,VID_492218,Education,Hindi,US,3117,61858,3292,299,140,-0.755,True
2024-06-22 10:41:45,VID_320843,Vlogs,Spanish,PK,1411,7593,113,14,7,0.854,True
2025-07-05 13:23:57,VID_731225,Gaming,Urdu,UK,2558,20716,595,34,86,0.144,True
2024-10-30 20:01:22,VID_323078,Education,Urdu,BR,304,14757,924,131,21,0.901,True
2025-03-18 04:40:23,VID_695167,Music,Japanese,IN,1042,17453,1649,242,49,0.453,True
2025-11-17 10:00:28,VID_962253,Vlogs,Spanish,US,2005,35481,3023,564,108,0.157,False
2024-02-19 04:51:48,VID_894495,Coding,Japanese,UK,1779,6536,92,11,10,0.005,True
2024-09-11 23:23:48,VID_254813,Education,Hindi,UK,1356,3213,300,22,14,-0.453,True
2025-08-09 05:55:02,VID_156076,Music,English,PK,312,2088,65,6,4,0.671,True
2025-02-11 19:49:57,VID_831078,Music,Japanese,PK,2472,23284,464,82,104,-0.178,True
2024-09-15 05:53:26,VID_756620,Tech Reviews,Spanish,IN,2289,17049,1488,143,40,-0.97,False
2024-10-25 11:32:07,VID_286043,Tech Reviews,Japanese,IN,2934,2581,56,9,6,-0.188,False
2025-09-04 20:17:06,VID_444496,Gaming,Hindi,IN,3473,5592,239,15,15,0.563,True
2024-01-17 02:29:45,VID_662156,Coding,Urdu,US,1965,22825,1052,127,26,-0.63,True
2024-05-24 23:30:30,VID_178025,Education,Hindi,BR,1537,631,50,9,2,-0.637,False
2025-03-06 13:57:24,VID_325832,Coding,Urdu,BR,3378,9998,127,21,10,-0.093,True
2025-08-08 20:09:56,VID_905468,Gaming,Japanese,UK,2770,4429,155,14,6,-0.952,False
2024-12-21 11:32:34,VID_532411,Vlogs,English,BR,3428,2763,212,13,11,0.756,True
2024-07-20 12:23:32,VID_815266,Tech Reviews,Hindi,US,2661,3432,241,40,4,0.895,True
2025-11-26 19:11:54,VID_257674,Education,Urdu,IN,145,4485,324,52,20,0.437,True
2025-09-29 13:52:52,VID_414711,Coding,Japanese,US,367,3068,82,5,7,-0.512,True
2024-10-28 07:04:08,VID_487712,Music,Hindi,PK,2078,5388,414,40,16,0.655,True
2024-05-03 09:19:27,VID_235844,Music,English,IN,1769,4198,223,26,10,-0.203,True
2025-09-30 20:35:32,VID_781004,Education,Spanish,IN,2325,221,9,1,0,-0.134,True
2025-07-16 05:56:26,VID_699767,Coding,Urdu,PK,393,21641,597,69,100,0.759,True
2025-09-18 14:16:22,VID_330461,Vlogs,English,BR,1175,11034,912,136,54,0.049,True
2024-08-21 09:03:48,VID_330437,Education,Japanese,BR,2709,11625,1105,114,25,0.23,False
2025-12-14 14:59:46,VID_262997,Gaming,Spanish,BR,2348,12103,924,150,23,0.531,False
2024-05-12 01:37:52,VID_606248,Vlogs,Japanese,UK,467,21083,1827,347,75,-0.876,True
2025-05-12 16:23:14,VID_151307,Coding,English,US,1672,11800,1146,123,27,-0.161,True
2025-11-06 22:12:42,VID_516472,Gaming,Hindi,IN,1792,40425,2691,223,44,-0.092,True
2024-11-17 08:16:36,VID_568851,Music,Urdu,UK,2727,16773,600,54,76,-0.686,True
2024-04-29 06:33:11,VID_685442,Education,English,UK,1602,10889,862,136,38,0.175,True
2025-12-01 13:15:31,VID_817627,Music,Hindi,IN,524,5394,92,16,21,0.677,False
2025-09-09 08:33:40,VID_112639,Tech Reviews,Hindi,US,2644,523,37,3,2,-0.934,True
2025-10-31 11:43:41,VID_287195,Coding,Urdu,PK,2222,174,15,2,0,0.745,True
2024-05-05 03:40:18,VID_748316,Gaming,Hindi,IN,194,27389,2329,425,128,-0.182,True
2025-12-28 01:00:42,VID_231732,Gaming,Japanese,PK,109,1683,31,5,2,0.29,True
2025-01-09 17:46:51,VID_210783,Education,Urdu,PK,821,3556,292,37,5,0.526,False
2025-05-26 02:51:05,VID_928740,Vlogs,English,UK,415,17050,1381,259,33,-0.257,True
2025-01-15 15:28:47,VID_888329,Tech Reviews,Spanish,PK,3253,18383,1116,56,28,-0.393,True
2024-03-28 12:29:48,VID_219897,Education,English,IN,634,29854,332,56,49,-0.592,True
2024-09-02 23:14:10,VID_139917,Coding,Spanish,BR,2810,7491,297,42,26,0.278,True
2025-04-13 22:57:21,VID_347101,Education,Hindi,PK,75,9038,296,40,13,-0.777,True
2024-07-17 07:31:10,VID_828329,Vlogs,Hindi,BR,658,6277,550,66,7,0.72,True
2025-08-12 05:40:42,VID_193815,Music,Urdu,UK,1520,1660,20,1,8,0.127,True
2025-01-29 07:23:16,VID_490449,Gaming,Spanish,IN,1599,5614,101,7,21,-0.44,True
2025-09-24 23:08:00,VID_498899,Education,Hindi,US,3106,322,24,3,1,0.307,False
2024-07-23 10:10:37,VID_933858,Coding,Urdu,US,463,38402,2563,483,178,0.13,True
2025-01-03 09:11:02,VID_706838,Music,Urdu,US,3591,19180,291,33,81,0.163,True
2024-09-15 20:28:34,VID_469550,Tech Reviews,Hindi,US,2367,1180,103,18,4,0.997,True
2025-06-29 10:57:44,VID_682492,Vlogs,Japanese,US,3066,3490,106,9,9,0.995,True
2024-08-01 12:56:10,VID_863792,Coding,Urdu,US,912,20606,978,110,39,-0.658,True
2025-04-16 14:40:18,VID_386837,Gaming,Urdu,IN,2494,9423,239,12,37,-0.736,True
2025-07-05 02:54:51,VID_996655,Vlogs,Spanish,UK,3090,1288,75,8,2,0.953,False
2025-08-06 05:00:55,VID_823312,Coding,Spanish,UK,566,2484,81,8,3,0.934,True
2025-10-28 21:29:45,VID_823934,Music,Spanish,US,985,6544,205,17,12,-0.483,True
2024-01-06 23:37:02,VID_757379,Music,Urdu,IN,2082,31342,2836,175,114,-0.364,True
2025-03-13 18:44:46,VID_144240,Education,Hindi,IN,2519,4708,470,93,5,-0.715,True
2025-08-24 18:52:45,VID_323882,Coding,Japanese,UK,2429,2468,52,7,10,-0.037,False
2025-03-15 12:59:25,VID_535532,Coding,Japanese,UK,2967,1860,21,2,8,-0.023,False
2024-02-19 16:06:36,VID_766321,Music,Spanish,UK,488,1793,46,6,5,-0.014,True
2024-06-15 09:17:05,VID_751987,Coding,Urdu,BR,1144,802,41,3,2,-0.296,True
2025-04-09 00:44:41,VID_719388,Music,Hindi,PK,2737,5895,583,83,24,0.544,True
2025-02-18 18:31:13,VID_498570,Music,Japanese,BR,2296,17415,756,101,17,0.938,True
2024-08-21 22:20:34,VID_126268,Tech Reviews,Spanish,PK,1563,45576,3663,189,198,-0.086,True
2025-03-09 15:20:22,VID_588051,Coding,Urdu,PK,3308,15487,1192,213,29,0.203,True
2025-06-24 12:59:42,VID_907329,Music,Urdu,BR,2492,19607,1011,113,78,0.291,True
2025-03-27 10:10:15,VID_538099,Tech Reviews,Urdu,US,2752,6672,324,56,10,-0.019,True
2025-07-14 22:25:48,VID_187327,Music,Hindi,IN,3040,280,5,0,0,-0.991,True
2025-08-31 12:07:28,VID_202265,Tech Reviews,Hindi,IN,1407,3730,89,5,4,0.555,True
2024-11-29 05:00:27,VID_215515,Education,Urdu,BR,335,6313,425,35,14,-0.175,True
2025-02-01 17:53:47,VID_418394,Education,English,BR,2210,7609,496,42,13,0.386,True
2024-06-01 05:19:09,VID_408003,Music,Urdu,IN,74,15531,443,86,50,0.889,True
2024-10-07 11:03:22,VID_848697,Music,Spanish,US,2631,2593,235,25,11,-0.162,True
2025-10-20 06:31:24,VID_255146,Education,English,US,2979,247,20,3,0,-0.521,False
2024-03-29 23:24:46,VID_882432,Gaming,Japanese,US,1139,1904,148,11,2,-0.385,True
2024-08-28 06:07:41,VID_536462,Education,Hindi,IN,1933,4217,238,40,5,-0.736,True
2025-02-20 00:54:36,VID_893728,Coding,Urdu,PK,3467,2874,261,27,13,-0.306,True
2024-08-09 11:39:53,VID_954926,Education,English,UK,517,4795,386,22,18,-0.314,True
2025-11-26 20:08:07,VID_469405,Tech Reviews,English,US,1332,17337,480,82,36,-0.549,False
2024-09-06 03:04:10,VID_128284,Education,Hindi,UK,3125,978,94,10,3,0.548,False
2024-02-29 19:05:45,VID_442368,Vlogs,Spanish,US,3049,9476,176,13,37,-0.201,True
2025-08-28 07:45:42,VID_663505,Coding,English,US,509,14072,1069,97,50,0.19,True
2025-04-05 04:12:22,VID_820202,Coding,Urdu,US,2267,9922,576,76,20,-0.155,True
2025-03-02 12:49:13,VID_747717,Vlogs,Spanish,US,1250,15268,482,30,19,-0.334,True
2025-10-10 15:34:29,VID_304476,Education,Spanish,BR,3107,21531,798,52,52,0.232,True
2024-04-16 14:01:56,VID_495943,Gaming,Japanese,PK,3296,11458,274,43,52,-0.205,True
2024-11-08 23:44:28,VID_831946,Tech Reviews,English,PK,2951,8330,816,52,35,-0.217,True
2024-09-10 16:43:45,VID_864633,Tech Reviews,English,PK,3413,21089,1747,163,43,0.287,True
2025-02-09 02:03:20,VID_711274,Education,Spanish,BR,2337,22888,990,159,63,-0.448,True
2024-09-10 09:28:36,VID_128888,Education,Japanese,IN,753,20327,1600,305,65,0.873,True
2025-01-29 21:08:55,VID_177010,Tech Reviews,Urdu,IN,2990,152,3,0,0,0.16,True
2024-04-15 09:05:54,VID_496961,Gaming,Spanish,PK,1299,1814,158,18,4,0.603,True
2025-03-31 01:58:26,VID_245097,Coding,Japanese,IN,2537,2277,83,7,7,0.148,True
2025-01-06 17:26:30,VID_777318,Music,Japanese,PK,492,14811,646,86,37,-0.732,True
2024-09-05 16:14:17,VID_179051,Tech Reviews,Japanese,US,914,3114,127,13,12,-0.693,True
2025-07-08 03:17:45,VID_953161,Tech Reviews,Hindi,US,1598,12277,787,135,36,-0.012,True
2024-03-13 10:50:45,VID_737089,Vlogs,Japanese,PK,1689,23247,2301,382,56,0.079,True
2025-06-01 18:59:27,VID_604703,Tech Reviews,Hindi,BR,2843,9450,412,52,28,0.871,True
2024-04-11 07:17:19,VID_523061,Gaming,English,US,1448,4406,385,32,20,0.58,True
2024-12-08 07:07:21,VID_640244,Vlogs,Urdu,UK,3541,1684,24,1,7,-0.731,True
2024-09-02 21:14:40,VID_561755,Tech Reviews,Spanish,US,3467,4652,413,81,18,-0.642,False
2024-05-30 04:01:20,VID_645006,Vlogs,Japanese,IN,3400,3950,238,39,10,-0.433,True
2025-12-28 09:59:47,VID_136601,Education,English,IN,1088,5432,197,29,19,0.277,True
2025-10-17 04:27:37,VID_111463,Coding,Spanish,PK,1345,23007,445,62,38,-0.358,True
2025-06-27 08:52:10,VID_954357,Coding,Urdu,US,2951,13945,1257,130,37,-0.646,False
2025-07-18 02:00:52,VID_467183,Education,Urdu,US,1204,14807,1235,221,48,-0.671,True
2025-04-20 13:19:06,VID_239799,Tech Reviews,Spanish,BR,817,27233,2467,197,32,0.727,True
2025-02-21 00:28:52,VID_813663,Education,English,BR,98,34102,1654,278,164,0.661,True
2024-07-01 04:19:02,VID_429748,Music,Urdu,PK,1877,1899,74,7,2,0.948,False
2025-03-09 05:10:01,VID_877806,Vlogs,English,PK,1462,12042,411,60,47,-0.809,True
2024-01-26 13:45:00,VID_995958,Music,English,UK,1968,23223,1031,128,38,-0.728,True
2024-04-17 04:57:47,VID_730410,Coding,English,UK,409,1881,103,6,5,0.381,False
2025-11-25 15:22:59,VID_481310,Gaming,Spanish,IN,1331,2455,200,17,10,-0.581,True
2025-03-22 01:56:16,VID_922170,Tech Reviews,English,IN,2453,3495,141,14,14,0.955,True
2024-06-01 14:13:06,VID_242444,Education,Spanish,PK,2092,10048,843,144,27,-0.465,True
2024-08-11 10:34:09,VID_428504,Vlogs,Urdu,UK,124,5052,232,33,14,0.748,True
2025-06-18 19:19:46,VID_949392,Gaming,Urdu,IN,1320,7216,650,44,11,-0.44,True
2024-10-16 19:17:12,VID_892479,Tech Reviews,Japanese,UK,3090,26392,2248,131,83,-0.068,True
2024-11-05 19:30:46,VID_764812,Music,Japanese,BR,2115,16865,1675,189,44,0.486,False
2025-05-25 13:00:40,VID_885567,Coding,Hindi,BR,636,1733,59,11,6,0.644,True
2024-12-03 07:25:31,VID_278922,Music,Hindi,BR,884,34018,1156,204,145,-0.042,True
2024-06-22 14:13:11,VID_180666,Tech Reviews,Japanese,PK,3008,7561,526,75,11,0.903,False
2024-03-25 23:50:04,VID_656596,Gaming,Hindi,PK,3328,10948,757,107,42,-0.092,True
2025-05-07 21:46:47,VID_914777,Vlogs,Hindi,IN,3339,329,31,6,0,0.035,True
2024-10-03 20:12:13,VID_383016,Coding,Urdu,UK,879,9268,553,42,13,-0.908,True
2025-07-04 03:31:45,VID_169877,Gaming,Spanish,IN,3125,2075,195,17,9,0.976,True
2024-04-30 00:32:15,VID_589238,Vlogs,Japanese,US,3059,4039,293,35,14,-0.183,True
2025-01-17 05:04:08,VID_114488,Coding,English,IN,3336,6369,437,43,15,0.414,True
2025-11-24 11:24:51,VID_989987,Gaming,Urdu,US,2944,8473,243,37,39,0.584,False
2025-12-16 17:36:49,VID_692612,Gaming,Spanish,US,919,10958,1078,84,21,0.925,True
2025-03-29 02:36:18,VID_964772,Vlogs,English,US,728,16148,1595,316,55,0.929,True
2024-09-06 01:54:27,VID_626195,Music,Japanese,BR,392,3229,268,25,10,-0.823,False
2024-10-19 04:12:11,VID_235118,Gaming,Spanish,BR,1766,15344,715,83,69,-0.764,True
2024-06-26 23:47:48,VID_211734,Coding,Japanese,US,2990,666,63,10,1,-0.493,True
2025-06-19 22:51:00,VID_739666,Coding,Spanish,PK,2608,24354,972,116,80,0.137,True
2025-08-13 06:37:44,VID_983400,Gaming,Hindi,US,3331,12070,351,18,34,-0.812,False
2025-01-28 21:30:13,VID_752718,Music,Urdu,UK,1837,1882,110,14,1,0.082,True
2025-10-26 17:44:24,VID_603046,Vlogs,Japanese,US,2128,710,37,3,3,0.864,True
2025-06-04 03:39:30,VID_626801,Music,English,IN,2288,2721,183,35,12,0.552,True
2024-11-06 10:30:18,VID_323268,Tech Reviews,Hindi,UK,2774,12453,747,72,41,-0.62,True
2024-11-17 09:36:46,VID_342828,Music,Spanish,BR,582,8214,215,13,28,0.913,False
2024-09-09 20:23:13,VID_727483,Tech Reviews,English,BR,1248,3687,258,31,5,0.323,False
2025-02-24 10:27:16,VID_719837,Music,Spanish,BR,3593,2744,168,12,11,-0.413,True
2024-09-02 14:26:35,VID_294324,Gaming,Japanese,UK,83,20574,988,117,97,-0.499,True
2024-12-12 23:05:32,VID_196702,Gaming,English,PK,1119,217,20,3,0,-0.351,False
2024-04-24 15:46:33,VID_458853,Tech Reviews,English,PK,1435,1991,168,20,3,-0.654,True
2025-03-20 22:57:47,VID_800668,Vlogs,English,PK,1998,13117,766,48,21,0.181,True
2025-08-08 01:26:48,VID_783742,Gaming,Japanese,UK,78,1739,111,10,2,0.972,True
2025-11-21 07:04:03,VID_909473,Vlogs,Hindi,PK,3065,20769,241,39,23,0.38,False
2025-09-22 06:51:07,VID_902769,Tech Reviews,English,IN,2983,13363,726,54,31,0.723,True
2025-05-14 07:56:52,VID_778494,Vlogs,Hindi,BR,2031,2867,123,24,8,0.27,True
2024-04-28 17:16:18,VID_944479,Music,Urdu,US,462,13582,996,142,42,-0.677,True
2024-04-03 22:40:11,VID_928348,Education,English,BR,1275,893,65,6,2,0.394,False
2025-01-27 23:51:09,VID_916090,Vlogs,Hindi,UK,93,15632,355,44,29,-0.176,False
2024-09-06 02:08:51,VID_673256,Education,Japanese,IN,3490,18106,512,30,46,0.45,False
2025-08-21 18:44:30,VID_902379,Vlogs,Urdu,UK,768,6990,342,40,9,0.07,True
2024-07-24 08:30:30,VID_273257,Coding,Spanish,BR,1097,9708,222,43,25,-0.85,True
2024-12-30 07:45:29,VID_753943,Tech Reviews,English,US,3325,10199,926,90,10,-0.992,True
2025-03-31 21:42:49,VID_342628,Vlogs,Japanese,US,334,2810,227,42,13,-0.435,True
2025-01-18 20:08:54,VID_915288,Music,English,PK,1516,11048,505,40,24,0.322,True
2025-03-19 02:24:42,VID_463200,Music,Spanish,UK,3450,3656,313,60,11,0.221,False
2024-08-29 04:20:00,VID_169111,Education,English,BR,2438,4068,313,51,19,0.138,True
2025-06-09 21:14:42,VID_378592,Vlogs,Spanish,US,2938,13060,354,41,20,-0.341,True
2025-03-15 04:50:13,VID_987719,Music,Urdu,BR,1000,5926,180,32,24,-0.679,True
2025-05-23 20:45:04,VID_545302,Vlogs,English,BR,3548,7823,226,34,12,-0.293,True
2025-04-05 10:28:20,VID_609036,Coding,Spanish,BR,1599,7027,524,64,21,0.671,True
2024-09-25 06:46:56,VID_506822,Coding,Urdu,BR,1807,6000,324,20,6,0.377,False
2025-10-13 17:07:09,VID_873967,Coding,English,UK,2543,5961,200,26,23,-0.701,True
2025-08-27 05:25:55,VID_961486,Vlogs,Spanish,PK,3319,1255,72,5,6,0.397,False
2025-04-01 17:02:00,VID_264386,Education,Hindi,US,2385,8428,149,15,37,0.756,True
2024-05-15 08:30:59,VID_453290,Tech Reviews,English,IN,1742,738,73,9,3,0.73,True
2024-09-21 03:30:08,VID_895013,Coding,Japanese,IN,3353,7167,77,7,14,0.81,True
2024-12-23 01:44:55,VID_301222,Coding,Japanese,BR,910,22572,1304,259,104,0.645,True
2025-02-23 12:10:48,VID_740652,Music,Japanese,UK,3114,6523,214,34,30,-0.557,True
2024-09-14 07:03:56,VID_286815,Music,English,UK,2318,20888,1510,108,52,0.859,True
2024-11-06 22:07:32,VID_479620,Gaming,Urdu,BR,2228,7606,552,85,34,-0.994,True
2024-06-01 08:10:03,VID_737810,Tech Reviews,Urdu,BR,1474,9272,840,159,25,-0.081,True
2024-10-23 10:57:29,VID_239349,Tech Reviews,Urdu,BR,1728,9953,359,64,49,0.385,True
2024-01-05 14:21:17,VID_919174,Tech Reviews,English,US,1286,2001,34,4,5,-0.826,True
2024-06-12 05:53:25,VID_153933,Coding,Hindi,IN,2926,1956,129,20,8,0.542,True
2025-01-06 04:58:40,VID_460513,Vlogs,Hindi,UK,2705,43474,3639,609,176,0.476,True
2025-03-05 20:19:01,VID_663737,Tech Reviews,Hindi,IN,2282,5250,405,34,23,0.657,True
2024-08-21 19:51:20,VID_234924,Vlogs,Spanish,US,2637,17589,551,67,31,0.841,True
2025-09-28 18:37:31,VID_327580,Music,Japanese,BR,3113,8792,715,85,26,-0.456,False
2024-01-09 08:04:12,VID_999231,Gaming,Spanish,PK,1491,4470,136,10,19,-0.586,True
2024-07-05 22:30:12,VID_230399,Education,English,BR,1389,3368,202,22,3,0.99,True
2024-02-22 21:48:04,VID_915553,Music,English,IN,3038,5982,268,25,28,-0.857,True
2025-03-26 21:50:14,VID_272121,Tech Reviews,English,UK,2284,5678,280,41,8,0.056,True
2024-10-23 19:10:37,VID_558663,Gaming,Spanish,US,2623,6862,417,77,26,-0.024,True
2025-04-09 08:05:39,VID_281338,Music,Japanese,BR,1024,7792,323,46,30,0.639,True
2024-08-30 18:06:15,VID_643576,Gaming,Japanese,BR,2545,24836,729,82,38,-0.703,False
2025-08-09 02:06:23,VID_868629,Coding,Japanese,PK,1838,3232,65,12,10,0.713,True
2024-10-17 23:57:50,VID_594630,Music,Spanish,UK,1291,3588,299,42,16,0.316,True
2024-12-03 21:07:37,VID_508916,Vlogs,Spanish,US,1367,28065,1013,74,68,-0.568,False
2025-09-30 08:29:36,VID_538083,Gaming,Urdu,UK,2212,2451,127,24,7,0.54,True
2025-01-13 12:28:02,VID_297838,Gaming,Japanese,PK,3043,2713,32,6,13,-0.017,True
2025-12-10 07:36:50,VID_715958,Coding,English,IN,1374,27604,1536,256,64,0.695,True
2025-06-22 04:06:13,VID_322073,Tech Reviews,Urdu,BR,2724,4242,165,21,18,0.498,True
2025-05-23 15:05:05,VID_801292,Tech Reviews,English,US,2885,18240,300,49,19,-0.439,True
2025-05-08 21:06:54,VID_439434,Music,English,PK,840,1222,19,1,3,-0.062,True
2025-02-25 15:50:07,VID_891256,Coding,Japanese,BR,583,13284,1028,121,54,-0.987,True
2025-04-19 21:38:32,VID_614893,Music,Hindi,PK,2520,25629,1809,296,41,0.048,True
2024-08-14 15:42:05,VID_684823,Education,Urdu,US,509,10627,832,76,49,0.812,True
2025-01-03 05:17:51,VID_394822,Gaming,Japanese,UK,1001,8139,412,72,23,0.263,True
2025-08-03 05:39:04,VID_997426,Tech Reviews,Japanese,US,3152,18598,1785,306,76,-0.782,True
2024-10-05 15:47:44,VID_734823,Education,English,UK,2793,1357,32,2,5,-0.887,True
2024-07-31 22:48:16,VID_340613,Education,English,BR,1810,7120,147,16,21,0.321,True
2024-07-22 23:21:46,VID_676993,Education,English,UK,2540,7422,305,37,20,-0.237,True
2024-04-11 10:33:56,VID_711205,Music,Urdu,US,3429,13010,1217,97,19,-0.272,True
2025-09-21 21:49:58,VID_842594,Gaming,Urdu,BR,1792,8738,289,32,11,0.256,True
2024-03-12 07:47:21,VID_219920,Vlogs,Hindi,UK,3328,28412,1236,222,48,0.639,True
2025-06-11 04:01:00,VID_714613,Education,English,IN,3460,8081,657,73,33,0.36,True
2025-09-19 19:03:53,VID_947133,Coding,English,US,1624,16001,1058,94,49,0.68,True
2024-02-01 09:36:25,VID_229941,Music,Hindi,IN,2516,32739,638,117,77,0.006,True
2025-06-29 00:09:02,VID_104478,Gaming,Japanese,PK,1828,4350,96,16,6,-0.071,True
2025-07-30 17:41:20,VID_450211,Music,Urdu,BR,1316,3236,88,8,13,0.868,True
2024-10-24 19:50:58,VID_793221,Gaming,Japanese,PK,873,19479,1439,248,54,0.151,True
2024-03-23 06:51:19,VID_209177,Tech Reviews,Japanese,PK,2381,694,12,2,1,-0.623,True
2025-06-27 22:06:59,VID_683904,Tech Reviews,Spanish,UK,2906,1712,50,8,5,0.829,True
2025-11-16 04:06:33,VID_267348,Tech Reviews,Urdu,IN,1409,7153,551,99,11,-0.721,True
2025-11-07 04:42:35,VID_399129,Gaming,English,US,1679,3433,252,14,11,-0.552,True
2024-08-15 13:43:28,VID_241428,Gaming,Japanese,IN,2791,1542,133,6,6,0.8,True
2025-06-18 19:35:11,VID_869804,Gaming,Hindi,US,221,25815,592,55,76,0.617,True
2024-03-22 18:21:18,VID_914400,Vlogs,Urdu,US,1196,1863,47,8,5,-0.195,True
2025-09-02 16:56:23,VID_968356,Music,Hindi,PK,3233,20232,573,57,67,0.05,False
2025-07-25 09:22:55,VID_307680,Coding,Urdu,IN,1670,18858,801,99,69,-0.504,True
2024-03-10 00:41:10,VID_985790,Vlogs,Urdu,UK,2385,1171,114,16,1,-0.162,True
2024-12-20 04:45:43,VID_240706,Education,English,UK,321,33961,1109,144,90,-0.669,True
2025-01-18 15:11:37,VID_785930,Gaming,Hindi,BR,243,2178,89,9,3,0.882,True
2024-09-29 02:01:25,VID_518008,Music,Japanese,BR,1112,17091,1702,267,58,-0.132,True
2025-01-05 03:18:29,VID_494521,Education,English,UK,2811,22187,1967,343,101,-0.093,True
2024-08-06 12:37:27,VID_940361,Tech Reviews,Spanish,UK,2503,2937,265,23,8,-0.833,False
2025-08-21 14:29:48,VID_731419,Vlogs,Japanese,UK,327,5734,436,22,23,0.195,False
2025-12-08 06:59:18,VID_914102,Music,Japanese,IN,188,11644,637,111,53,0.763,True
2025-02-18 07:06:14,VID_890918,Vlogs,English,UK,1403,8220,633,64,20,0.338,True
2024-04-08 22:23:57,VID_753152,Gaming,Japanese,PK,2837,1911,174,28,6,-0.474,True
2025-08-18 15:21:10,VID_105591,Gaming,Japanese,UK,3309,19657,861,74,34,-0.96,True
2025-10-24 02:03:00,VID_200700,Music,English,IN,3390,1142,100,15,3,-0.238,False
2024-11-10 10:37:22,VID_415131,Music,Urdu,PK,2906,1627,23,1,5,0.848,False
2025-09-02 07:47:07,VID_514320,Music,English,IN,2980,3774,160,28,14,-0.667,True
2024-12-09 00:20:43,VID_734856,Vlogs,Hindi,UK,1420,66,6,0,0,0.187,True
2024-10-07 09:32:21,VID_846634,Gaming,Spanish,PK,148,3992,192,21,4,-0.564,False
2024-02-16 09:57:12,VID_124706,Education,Hindi,UK,2892,36174,570,29,62,-0.622,True
2024-01-12 05:49:31,VID_652894,Vlogs,Spanish,US,1057,180,16,2,0,-0.169,True
2025-06-26 11:40:41,VID_126373,Music,Japanese,UK,3334,3360,161,31,7,-0.131,True
2024-05-27 07:26:31,VID_223696,Music,Spanish,PK,715,22625,2108,109,84,-0.633,True
2024-11-14 04:24:04,VID_445546,Vlogs,Japanese,IN,1842,10735,183,9,44,0.707,True
2025-06-12 08:11:36,VID_237530,Vlogs,Urdu,US,428,13,1,0,0,0.096,True
2024-11-01 06:58:58,VID_453641,Music,Urdu,BR,824,28024,2730,265,115,0.367,True
2024-09-20 03:16:34,VID_499920,Coding,Spanish,UK,2823,26385,1079,83,126,-0.804,True
2024-04-15 01:43:42,VID_590692,Education,Japanese,US,2629,4447,192,18,21,0.396,True
2024-09-21 11:38:35,VID_777969,Education,Spanish,PK,2066,2268,48,4,3,-0.846,True
2024-04-30 14:45:21,VID_904618,Tech Reviews,Hindi,BR,1174,30553,573,110,34,0.49,True
2024-01-05 15:16:02,VID_346786,Music,Hindi,BR,1312,3,0,0,0,0.67,True
2024-02-03 02:42:31,VID_302688,Coding,English,BR,2677,19520,687,111,27,-0.055,True
2025-05-25 09:41:22,VID_365596,Music,Hindi,PK,2495,2500,167,17,3,0.518,True
2025-07-16 04:52:21,VID_735902,Vlogs,English,PK,3067,14698,664,66,39,-0.205,True
2025-07-13 00:59:25,VID_571578,Vlogs,Japanese,UK,733,3842,148,9,5,0.994,True
2024-03-18 22:36:53,VID_384103,Education,Spanish,PK,3217,3652,245,20,15,-0.452,True
2024-12-28 18:49:04,VID_905609,Vlogs,Urdu,BR,974,8460,725,98,14,-0.995,True
2024-05-18 03:39:57,VID_233907,Music,Urdu,PK,1632,2141,128,20,5,-0.162,True
2025-04-05 12:18:23,VID_114272,Education,Spanish,PK,781,9475,360,71,29,-0.521,True
2024-05-23 15:16:15,VID_603201,Education,Hindi,IN,2300,7106,188,27,19,-0.393,True
2024-04-21 13:42:33,VID_539775,Tech Reviews,English,IN,549,7666,606,49,9,0.084,True
2024-06-29 01:44:38,VID_680028,Vlogs,Japanese,PK,2598,32297,1352,210,73,-0.759,False
2024-01-11 04:14:43,VID_963976,Education,Spanish,UK,630,16909,1065,105,32,0.743,True
2024-07-15 18:05:53,VID_172148,Music,Japanese,BR,3329,23216,1306,142,79,-0.443,True
2025-05-10 19:03:21,VID_726245,Coding,Japanese,BR,2020,27417,409,51,96,0.18,True
2025-09-21 15:56:25,VID_637516,Education,English,PK,1831,20564,712,68,66,0.012,True
2024-08-04 15:10:51,VID_242894,Gaming,Hindi,IN,1579,36449,2296,388,53,-0.308,True
2024-12-23 20:52:40,VID_435942,Coding,Urdu,US,3188,34323,1955,138,95,-0.808,True
2025-01-12 21:27:52,VID_391657,Gaming,English,IN,501,5066,180,9,22,0.214,True
2024-12-16 04:52:19,VID_236075,Education,English,US,946,30074,800,144,75,0.403,True
2025-09-24 22:38:19,VID_331944,Tech Reviews,Urdu,UK,3590,14810,813,65,52,-0.624,True
2025-08-15 10:44:19,VID_137386,Coding,English,US,404,1352,107,9,6,0.346,True
2024-12-16 04:59:18,VID_493498,Music,Japanese,US,2849,7327,647,36,10,-0.953,False
2024-04-01 19:32:15,VID_608362,Education,Spanish,PK,1570,4580,260,47,18,-0.523,True
2025-06-24 15:04:09,VID_862280,Education,English,BR,3215,1634,31,4,2,-0.443,True
2024-08-18 18:11:51,VID_912830,Music,Urdu,US,2681,2778,58,7,12,-0.138,True
2024-04-30 14:43:33,VID_818413,Vlogs,Japanese,IN,2964,1004,52,9,3,-0.225,True
2024-09-21 19:05:27,VID_226918,Vlogs,Hindi,UK,3090,8013,771,70,8,0.013,True
2024-06-20 12:52:03,VID_641353,Coding,Japanese,PK,2581,1628,70,11,4,-0.406,True
2025-08-17 08:20:28,VID_618930,Music,Urdu,IN,2610,4535,432,35,8,0.965,True
2024-11-25 00:33:21,VID_443800,Gaming,Hindi,UK,2362,13503,1298,117,29,-0.768,True
2024-02-16 20:06:54,VID_249757,Tech Reviews,Urdu,PK,2133,16449,428,47,25,-0.953,True
2025-05-03 18:35:23,VID_457743,Music,Hindi,US,2720,4768,232,26,6,-0.774,True
2025-07-22 11:12:55,VID_653238,Vlogs,Hindi,US,2853,37455,2862,151,63,0.384,True
2025-05-30 16:29:22,VID_393335,Tech Reviews,Urdu,US,2142,17175,787,79,24,0.686,True
2025-08-27 04:58:14,VID_634961,Coding,English,US,2856,8676,244,36,26,-0.159,True
2025-01-15 08:25:03,VID_340595,Music,English,PK,1768,1336,41,7,5,-0.413,True
2025-05-28 03:11:04,VID_755433,Music,Urdu,PK,1382,10479,789,40,30,0.986,True
2025-01-13 05:41:43,VID_432833,Tech Reviews,Hindi,UK,3364,1416,136,24,3,0.325,True
2024-02-13 20:31:33,VID_552566,Education,Japanese,UK,1673,38365,573,85,156,0.609,True
2025-08-23 12:30:02,VID_682684,Music,Hindi,BR,1368,2112,49,4,5,-0.381,True
2025-05-27 22:51:10,VID_163451,Music,Hindi,UK,924,757,13,1,1,0.913,True
2025-12-17 04:17:05,VID_669071,Vlogs,Japanese,BR,2600,7988,590,116,37,0.739,True
2024-12-11 02:29:30,VID_717961,Music,English,PK,2420,13511,545,51,58,-0.087,True
2024-04-20 06:42:26,VID_661328,Gaming,Urdu,PK,2170,9343,717,71,29,0.544,False
2025-04-14 14:46:32,VID_215719,Coding,English,BR,1213,25509,2544,290,75,-0.656,True
2025-12-20 16:26:41,VID_173606,Education,Hindi,BR,3557,17762,791,125,34,-0.802,True
2024-10-01 14:29:39,VID_169401,Tech Reviews,Spanish,UK,2220,8865,190,33,26,-0.395,True
2025-03-05 16:35:44,VID_131550,Tech Reviews,Urdu,BR,1442,11702,522,27,51,0.893,True
2024-06-09 18:30:33,VID_579825,Gaming,Spanish,IN,2633,7340,491,26,35,0.769,True
2025-03-25 08:29:51,VID_967058,Tech Reviews,Japanese,US,281,4065,47,4,9,-0.318,True
2024-06-28 08:25:57,VID_115977,Vlogs,English,UK,1369,198,11,0,0,-0.471,True
2025-10-06 13:16:14,VID_345364,Tech Reviews,Hindi,US,1755,2873,235,24,3,0.979,True
2024-03-16 12:06:22,VID_812658,Music,Hindi,PK,2070,5446,476,75,24,-0.162,True
2024-10-21 11:53:00,VID_874582,Vlogs,Hindi,IN,1314,3170,256,26,13,-0.031,True
2025-01-23 05:26:57,VID_563258,Music,Japanese,BR,1023,4644,78,9,21,0.422,False
2025-08-20 21:18:21,VID_461425,Tech Reviews,Japanese,IN,2599,7768,180,29,27,0.334,True
2025-09-20 09:33:42,VID_711343,Gaming,Japanese,IN,2691,5929,562,91,13,-0.578,False
2024-04-27 11:02:30,VID_896536,Tech Reviews,Hindi,UK,138,240,6,0,0,0.946,True
2024-12-01 00:24:57,VID_354026,Tech Reviews,Hindi,IN,1745,6778,252,26,27,0.649,True
2024-07-25 06:42:24,VID_822601,Vlogs,Japanese,US,2165,35206,816,64,160,0.13,True
2025-06-09 20:44:15,VID_507472,Gaming,Spanish,US,287,2452,85,8,3,-0.822,True
2024-11-06 04:08:09,VID_596060,Tech Reviews,Urdu,BR,1989,6640,472,78,21,-0.834,True
2024-07-08 12:16:07,VID_508010,Coding,Urdu,UK,3548,1864,130,19,4,0.118,True
2025-10-14 03:21:35,VID_538680,Gaming,Hindi,PK,2793,14995,598,76,54,-0.768,True
2025-08-30 08:21:06,VID_388146,Tech Reviews,Japanese,PK,1869,4007,90,8,12,0.368,False
2024-07-13 07:23:33,VID_649893,Coding,Japanese,UK,859,146,10,1,0,0.448,False
2024-03-12 04:03:47,VID_118129,Tech Reviews,Hindi,PK,1519,22139,706,96,90,0.253,True
2024-11-06 00:16:33,VID_936485,Vlogs,Japanese,PK,2160,7819,620,78,15,0.407,True
2025-09-14 18:00:06,VID_521654,Tech Reviews,Japanese,PK,300,473,27,4,1,0.06,True
2025-10-29 21:57:49,VID_392473,Vlogs,Hindi,US,3312,6354,187,17,24,-0.807,True
2025-06-29 04:44:05,VID_193123,Gaming,Hindi,PK,2592,1520,26,1,4,-0.958,True
2025-09-02 19:15:25,VID_190105,Coding,Hindi,PK,3273,2530,188,19,10,0.681,True
2024-12-18 17:59:50,VID_645945,Education,English,IN,2348,54,1,0,0,0.901,True
2024-03-06 09:05:33,VID_463401,Gaming,Urdu,UK,483,24698,1274,119,102,0.127,True
2024-08-06 16:04:10,VID_336543,Tech Reviews,Urdu,PK,2378,24088,2245,210,59,-0.627,True
2025-03-01 00:45:21,VID_172438,Music,Spanish,IN,2693,8647,770,70,34,-0.646,True
2025-06-09 06:32:05,VID_177960,Gaming,Spanish,BR,1001,724,9,0,2,0.006,True
2025-05-02 00:08:51,VID_359179,Vlogs,Urdu,PK,2282,10292,498,54,50,-0.994,True
2024-12-05 10:56:00,VID_325501,Tech Reviews,Spanish,UK,1834,22162,1556,275,82,-0.397,True
2025-12-29 22:51:35,VID_174128,Education,Hindi,US,1697,7924,210,15,29,-0.773,True
2024-08-25 06:17:52,VID_731361,Education,Urdu,UK,1602,1087,28,2,1,0.441,True
2024-01-10 14:34:49,VID_354073,Coding,Spanish,UK,3474,9446,261,28,46,-0.762,True
2025-06-22 00:33:04,VID_555181,Music,Spanish,UK,2645,11377,236,17,16,0.702,False
2025-05-04 18:28:14,VID_479654,Music,Spanish,IN,3146,1545,137,19,5,0.935,False
2024-03-25 08:24:01,VID_231955,Gaming,English,UK,2293,3139,133,23,8,0.294,False
2024-04-13 19:23:25,VID_242594,Vlogs,Spanish,PK,2406,7578,542,105,20,0.024,True
2025-12-08 02:27:57,VID_519745,Vlogs,Hindi,US,1023,8646,389,50,38,-0.18,True
2025-12-28 18:39:50,VID_261329,Tech Reviews,Urdu,UK,3529,32572,1025,106,76,-0.487,True
2025-01-21 03:36:26,VID_530005,Coding,Japanese,PK,3574,11691,836,94,49,-0.854,True
2024-06-20 10:22:47,VID_258296,Music,English,US,645,48118,918,56,48,-0.994,True
2024-12-09 05:10:53,VID_986396,Coding,Urdu,UK,1790,5603,114,19,26,0.481,True
2024-08-13 08:51:03,VID_554453,Education,Hindi,PK,77,3285,116,6,6,0.943,True
2024-03-23 08:16:53,VID_695121,Tech Reviews,Spanish,UK,761,12025,1092,154,16,0.031,True
2025-07-21 12:32:10,VID_437159,Vlogs,Urdu,BR,778,1379,102,6,1,-0.047,True
2024-03-12 03:20:05,VID_545740,Coding,English,BR,2208,5669,340,64,25,-0.057,False
2025-10-30 09:22:43,VID_574471,Education,Japanese,BR,282,12101,425,31,56,0.363,True
2025-04-02 01:46:20,VID_493519,Education,Spanish,BR,3453,10999,836,88,48,-0.554,True
2024-01-24 09:45:55,VID_399064,Music,English,US,2984,3229,204,29,9,0.638,False
2024-11-23 19:16:00,VID_207901,Education,Spanish,PK,92,11871,206,27,23,-0.713,True
2024-01-16 06:24:26,VID_330028,Vlogs,Spanish,UK,2604,7,0,0,0,0.884,True
2024-12-20 19:33:30,VID_587120,Gaming,Spanish,PK,2978,20784,1182,221,26,-0.265,True
2024-11-10 14:29:08,VID_947377,Coding,Urdu,IN,1352,19043,807,119,48,-0.731,False
2025-04-09 13:59:36,VID_564397,Tech Reviews,Spanish,BR,1370,2649,31,5,5,-0.334,True
2025-10-01 02:41:13,VID_841226,Vlogs,English,UK,2255,15322,832,140,66,0.378,False
2025-08-02 06:30:10,VID_503989,Education,Hindi,IN,1436,4724,419,66,20,0.464,True
2024-04-04 11:02:12,VID_443242,Coding,Spanish,IN,997,5569,373,72,24,-0.182,True
2024-09-14 09:00:08,VID_438356,Education,English,US,1624,697,25,4,1,0.554,False
2025-09-13 01:09:34,VID_338282,Education,English,PK,947,1888,65,11,2,-0.206,True
2024-11-20 18:28:50,VID_141423,Tech Reviews,English,UK,960,24159,347,38,69,0.448,True
2024-03-05 00:39:44,VID_688489,Music,Urdu,PK,2981,9095,788,86,24,-0.043,True
2024-07-21 01:43:12,VID_956662,Tech Reviews,Urdu,IN,2606,5270,228,25,9,-0.37,True
2025-03-10 06:33:53,VID_375853,Vlogs,Spanish,US,2858,28256,1156,163,82,-0.128,False
2025-03-21 10:40:55,VID_899824,Vlogs,English,UK,3113,2990,148,12,5,-0.406,True
2024-08-22 16:04:12,VID_478699,Gaming,English,UK,2065,6726,158,18,8,0.526,True
2024-07-31 14:25:24,VID_509892,Gaming,English,IN,1693,1446,117,20,1,-0.008,True
2024-02-23 09:42:50,VID_674571,Tech Reviews,Urdu,UK,283,31457,2055,398,140,-0.09,False
2024-03-24 00:34:59,VID_150113,Coding,Urdu,US,167,1592,92,13,1,-0.178,True
2025-05-30 11:27:45,VID_532686,Music,English,US,1496,40450,3352,536,57,0.155,True
2024-04-05 18:23:04,VID_953304,Tech Reviews,Japanese,BR,1542,573,42,2,1,0.306,True
2025-03-08 04:43:57,VID_866864,Coding,Urdu,BR,1949,3807,314,41,13,-0.463,True
2024-07-28 00:52:20,VID_447445,Vlogs,Hindi,IN,98,1512,133,18,4,-0.764,True
2024-07-02 10:33:34,VID_222010,Coding,English,BR,757,1269,61,5,4,-0.131,True
2024-09-01 16:51:34,VID_719141,Education,English,IN,1829,18698,1725,340,34,0.162,True
2024-01-02 03:02:11,VID_263386,Coding,Urdu,UK,2447,613,31,4,1,-0.07,True
2025-09-17 05:13:07,VID_766900,Music,English,US,2740,6538,413,37,24,-0.805,True
2025-10-13 08:36:35,VID_683971,Coding,Urdu,BR,849,2773,185,13,3,0.787,True
2024-10-15 15:12:48,VID_340797,Music,Japanese,IN,3482,1296,18,1,1,0.947,False
2024-05-21 10:18:53,VID_409936,Education,English,PK,1695,581,19,2,0,-0.541,True
2025-07-29 20:32:46,VID_164868,Education,Hindi,PK,3183,771,71,4,3,-0.104,False
2024-07-25 15:13:40,VID_604361,Music,Japanese,US,663,11707,936,93,19,-0.438,True
2025-10-20 14:52:10,VID_910426,Tech Reviews,Hindi,IN,785,11309,619,65,22,-0.899,True
2025-03-06 17:55:31,VID_810917,Music,Japanese,PK,1276,10185,145,18,25,-0.579,True
2025-05-06 14:15:35,VID_103001,Vlogs,Japanese,UK,2267,2460,237,36,2,0.008,True
2024-05-17 05:48:50,VID_791266,Coding,Hindi,UK,3143,34907,1709,202,38,-0.624,True
2025-06-16 01:30:24,VID_561426,Gaming,Spanish,PK,1551,21799,1933,203,95,-0.873,True
2025-05-06 03:03:12,VID_825834,Education,Hindi,US,119,2654,209,10,7,-0.743,True
2024-01-12 07:33:02,VID_910600,Gaming,English,IN,3096,15059,1177,108,58,-0.176,True
2025-03-08 05:23:45,VID_864968,Music,English,UK,3464,10552,749,117,20,-0.398,True
2024-05-03 20:58:49,VID_430566,Tech Reviews,Urdu,UK,1151,17963,1381,222,35,0.971,False
2024-06-25 06:44:52,VID_303277,Coding,Urdu,BR,3125,4796,142,24,12,-0.893,True
2025-03-09 05:50:31,VID_940410,Coding,Japanese,US,2997,18133,638,47,72,0.759,True
2024-02-19 15:46:49,VID_280594,Gaming,Japanese,US,653,20294,1381,134,45,0.436,True
2025-08-29 19:18:55,VID_636784,Music,Japanese,US,932,1796,149,20,5,0.386,True
2024-09-23 12:52:01,VID_712860,Gaming,Hindi,US,1488,16251,600,91,59,-0.503,True
2025-06-04 06:40:20,VID_361474,Music,Spanish,IN,2810,2102,62,3,6,0.121,False
2025-03-11 20:26:10,VID_596282,Gaming,Spanish,IN,1841,8769,743,59,35,-0.965,False
2025-06-02 02:42:48,VID_633700,Coding,Spanish,PK,2095,4048,56,10,12,0.4,True
2024-12-09 19:42:56,VID_917857,Education,Japanese,UK,3486,1679,124,13,3,-0.603,True
2025-09-08 11:03:03,VID_524263,Music,Spanish,BR,3014,22619,1797,290,63,0.766,False
2024-12-26 01:31:53,VID_181164,Gaming,Hindi,IN,438,4710,87,9,10,0.887,True
2025-05-29 06:04:06,VID_392797,Coding,Urdu,PK,1877,8079,161,21,37,0.73,True
2025-01-04 02:13:45,VID_589317,Education,Urdu,BR,1249,18244,1677,112,47,-0.07,True
2025-03-01 07:26:38,VID_920294,Vlogs,Hindi,PK,2118,5862,340,26,22,0.029,False
2025-07-10 10:38:04,VID_395051,Music,Japanese,US,1672,28713,422,46,118,0.566,True
2024-08-01 11:05:02,VID_891237,Vlogs,Hindi,PK,1501,9502,96,12,28,0.406,True
2024-06-20 19:40:25,VID_387757,Coding,Japanese,PK,1339,9034,452,34,31,-0.862,False
2024-07-30 21:28:11,VID_643278,Coding,Spanish,PK,781,11406,961,59,14,-0.119,True
2025-09-11 03:48:06,VID_893840,Gaming,Spanish,US,1195,2994,192,16,4,-0.766,True
2024-07-28 16:33:14,VID_103151,Gaming,English,UK,828,1416,88,11,3,0.068,True
2025-11-28 21:49:13,VID_622839,Gaming,English,US,785,14359,700,65,26,-0.698,True
2025-05-05 00:39:10,VID_166131,Education,English,UK,827,15434,325,53,51,-0.787,True
2024-06-08 10:44:15,VID_248263,Coding,Hindi,PK,1054,16148,541,103,41,0.188,True
2025-04-10 01:11:43,VID_823827,Coding,Urdu,BR,958,22027,267,46,71,-0.911,False
2025-10-10 22:46:57,VID_478039,Music,Japanese,US,1058,306,10,1,0,-0.482,True
2024-12-24 11:09:40,VID_711087,Tech Reviews,English,PK,1516,1892,108,6,3,-0.032,True
2024-02-13 18:50:37,VID_480200,Vlogs,Hindi,IN,1515,5130,317,31,9,0.02,True
2024-02-26 08:34:50,VID_748601,Education,Urdu,IN,1967,8067,280,25,21,-0.898,True
2024-10-28 02:04:55,VID_868827,Gaming,Spanish,PK,371,17592,1270,101,34,-0.995,True
2024-12-14 06:37:20,VID_467053,Coding,Japanese,BR,1658,9355,714,105,21,0.706,True
2024-03-02 13:25:54,VID_148409,Music,Hindi,BR,1769,14,0,0,0,0.07,True
2025-03-08 23:12:00,VID_567967,Vlogs,Spanish,PK,2862,45,2,0,0,-0.685,True
2024-01-22 21:51:58,VID_363729,Coding,Hindi,UK,2035,21452,1808,288,38,-0.327,True
2024-04-30 17:12:33,VID_403467,Gaming,Japanese,UK,1893,9316,385,30,9,0.095,False
2024-06-12 01:56:40,VID_842092,Coding,English,IN,253,42063,623,93,173,-0.222,True
2025-03-07 06:35:18,VID_646846,Vlogs,English,UK,3346,6829,197,32,11,-0.613,False
2024-07-18 11:47:10,VID_253179,Education,Japanese,US,1772,36859,2562,255,120,-0.246,True
2025-11-21 03:13:08,VID_629940,Education,Urdu,BR,1330,685,31,2,3,-0.438,True
2025-02-15 02:36:15,VID_750300,Gaming,English,UK,2331,5111,273,31,21,0.326,True
2024-09-09 06:14:16,VID_241296,Gaming,English,US,2088,18991,1031,145,43,0.009,False
2024-01-26 07:22:22,VID_748391,Vlogs,Hindi,BR,827,5269,383,65,24,-0.086,False
2025-10-31 01:54:53,VID_114409,Gaming,Japanese,BR,436,8650,790,135,14,-0.594,True
2025-03-31 01:06:56,VID_804942,Vlogs,Japanese,IN,3339,210,9,0,0,-0.073,True
2024-02-17 08:45:41,VID_908499,Coding,Urdu,PK,1212,24930,566,44,33,0.919,True
2024-08-18 18:00:44,VID_689898,Gaming,Spanish,US,1400,7001,105,8,33,0.846,True
2025-05-20 19:02:21,VID_715466,Vlogs,Japanese,IN,1167,5170,139,14,10,0.831,True
2024-02-02 12:58:41,VID_224134,Coding,Spanish,IN,1302,6618,375,68,6,-0.272,False
2025-02-25 15:40:11,VID_322321,Vlogs,Japanese,BR,3514,238,6,0,0,-0.451,True
2024-06-14 23:20:38,VID_611066,Vlogs,Urdu,IN,122,2200,119,13,10,0.584,True
2025-05-10 20:58:16,VID_460540,Gaming,English,IN,2138,2125,133,11,2,-0.806,True
2024-03-05 16:50:57,VID_237047,Coding,Urdu,US,410,13668,826,112,34,0.825,False
2024-05-01 08:28:46,VID_444356,Music,English,UK,1408,24642,1021,60,53,0.175,False
2025-09-18 04:28:27,VID_647904,Music,Spanish,US,825,5127,494,46,6,0.155,True
2024-12-15 14:51:10,VID_244151,Coding,Spanish,UK,1505,18061,1661,258,74,-0.276,True
2025-12-12 04:51:38,VID_736459,Tech Reviews,Spanish,BR,1245,17163,933,52,74,0.144,True
2024-12-23 02:41:42,VID_424878,Tech Reviews,Urdu,US,2008,5559,166,22,13,0.24,True
2024-10-22 00:04:18,VID_708437,Music,English,IN,1956,6,0,0,0,0.757,True
2025-06-07 08:57:03,VID_780894,Vlogs,Spanish,UK,3332,13872,855,127,50,-0.334,False
2024-06-08 04:39:39,VID_542123,Music,Spanish,US,2123,6229,132,21,22,-0.825,True
2024-08-02 05:50:40,VID_712722,Coding,Urdu,UK,255,7590,565,109,35,0.228,False
2025-08-14 02:19:53,VID_691197,Music,Urdu,PK,2386,2250,78,9,8,-0.764,True
2024-12-04 22:20:45,VID_934273,Tech Reviews,Hindi,PK,2257,5202,241,37,18,-0.983,True
2024-05-26 08:27:44,VID_147905,Music,Japanese,UK,889,439,22,3,0,0.368,True
2025-11-25 03:32:50,VID_953647,Coding,English,BR,992,9781,709,96,38,0.791,False
2025-04-23 17:29:44,VID_200792,Education,Japanese,BR,968,34219,2153,322,93,-0.643,True
2024-04-27 01:16:17,VID_389008,Gaming,Japanese,PK,1489,24510,1031,191,91,0.594,True
2025-01-31 23:08:02,VID_272365,Music,Japanese,IN,875,19083,553,72,63,-0.777,True
2025-03-13 09:46:06,VID_770752,Education,Spanish,BR,2810,1005,21,1,4,-0.79,True
2025-06-10 22:32:05,VID_158602,Coding,Japanese,UK,3155,12684,957,128,39,0.2,False
2024-09-29 17:41:38,VID_120257,Vlogs,Spanish,UK,2381,4092,327,29,20,0.106,False
2024-02-16 00:30:42,VID_419151,Vlogs,English,BR,2124,2139,141,9,6,0.818,True
2025-04-15 09:28:13,VID_491134,Vlogs,Japanese,PK,506,2014,46,9,4,-0.283,False
2025-09-02 23:22:08,VID_758426,Education,Spanish,IN,2480,584,41,6,2,0.349,True
2025-04-06 02:57:25,VID_966423,Vlogs,English,BR,3524,23945,1243,156,44,0.041,True
2025-08-17 04:48:38,VID_904317,Education,Hindi,IN,213,949,64,7,3,-0.117,True
2024-05-21 02:20:56,VID_773498,Education,Japanese,BR,3583,3907,147,8,10,0.744,True
2025-08-10 12:39:59,VID_851763,Coding,Urdu,UK,578,11241,759,40,16,0.593,False
2025-12-17 13:52:25,VID_846713,Vlogs,Japanese,US,1403,456,14,1,1,-0.462,True
2025-04-20 13:34:33,VID_925169,Tech Reviews,Hindi,PK,276,42337,606,63,182,-0.858,False
2025-05-13 23:06:09,VID_540050,Education,Spanish,IN,1394,12544,503,34,58,0.279,False
2025-02-27 02:24:20,VID_705694,Coding,Hindi,US,925,30342,2343,292,39,-0.327,False
2025-06-12 17:48:12,VID_801338,Education,Japanese,UK,1029,8736,385,20,15,-0.479,True
2025-04-12 20:15:46,VID_498359,Education,Spanish,IN,2885,2429,138,13,8,0.098,False
2024-09-14 18:08:27,VID_691461,Education,English,BR,2841,6317,258,27,14,0.581,True
2025-11-07 04:48:00,VID_131975,Gaming,English,US,1561,5952,490,46,28,0.925,True
2024-04-05 13:59:23,VID_254666,Tech Reviews,Hindi,IN,3226,3746,296,41,10,-0.395,False
2025-07-21 01:08:09,VID_658974,Vlogs,Spanish,IN,527,33955,1756,350,154,-0.695,False
2025-03-12 00:52:13,VID_161378,Vlogs,Hindi,US,2524,20160,1265,222,33,-0.283,True
2025-07-28 09:47:45,VID_118799,Music,Urdu,BR,370,2821,274,33,8,-0.993,True
2025-12-11 07:00:41,VID_416620,Coding,Hindi,PK,3553,22192,676,86,65,-0.545,True
2025-12-02 14:22:32,VID_450236,Gaming,Urdu,PK,1815,6121,160,25,19,-0.298,True
2025-05-28 14:01:43,VID_912473,Music,Hindi,PK,3441,6064,304,20,9,0.158,False
2024-08-13 14:16:44,VID_810270,Education,English,UK,2768,4966,391,76,22,0.918,True
2025-05-09 03:02:17,VID_543068,Coding,English,UK,1337,6028,318,47,24,-0.39,True
2024-03-13 05:15:30,VID_274980,Vlogs,Hindi,BR,2239,12875,1217,234,13,0.524,True
2024-06-08 15:46:06,VID_448185,Vlogs,Urdu,UK,515,1329,30,5,2,-0.388,False
2025-04-02 01:04:27,VID_357797,Education,Spanish,US,2183,11141,963,62,55,0.286,True
2025-08-17 12:41:10,VID_792637,Coding,Urdu,BR,491,21294,1785,185,99,-0.359,False
2024-06-24 10:39:52,VID_419563,Gaming,Urdu,UK,3518,13218,1096,118,19,-0.02,True
2024-09-11 08:45:41,VID_844670,Coding,English,IN,1485,2894,29,5,10,0.783,True
2025-09-04 05:14:40,VID_357731,Music,Urdu,US,979,17533,1579,284,25,0.768,True
2024-04-10 15:44:39,VID_337756,Tech Reviews,Hindi,UK,3140,20358,631,119,75,0.173,False
2024-11-02 06:37:21,VID_640248,Education,Spanish,IN,3023,21863,1401,151,65,0.962,False
2024-12-24 20:31:46,VID_132839,Music,Spanish,PK,2847,9413,386,38,31,-0.356,True
2025-08-08 03:23:05,VID_558306,Vlogs,Spanish,BR,340,17355,1701,208,67,-0.564,False
2025-05-06 14:39:53,VID_636744,Music,Spanish,IN,459,10486,140,23,28,0.149,True
2025-04-05 05:33:27,VID_372456,Tech Reviews,Spanish,BR,1597,1650,78,4,3,-0.549,False
2025-09-24 09:24:26,VID_105585,Tech Reviews,English,IN,1002,2959,111,9,13,0.42,True
2024-07-14 15:56:38,VID_230974,Education,Hindi,IN,3225,7667,699,53,30,0.285,True
2025-06-02 10:07:28,VID_175483,Tech Reviews,Spanish,UK,1501,7557,140,15,18,0.494,True
2024-02-27 13:57:30,VID_370934,Education,Hindi,IN,2292,1758,125,15,8,0.678,True
2025-05-08 13:55:50,VID_867043,Education,English,IN,620,6818,228,39,26,0.215,True
2024-03-06 23:54:27,VID_448925,Tech Reviews,English,PK,1706,15308,1403,157,30,-0.63,True
2025-05-21 04:10:53,VID_551799,Vlogs,English,BR,738,509,31,3,0,-0.578,True
2024-09-26 21:49:06,VID_165682,Education,English,US,1136,4911,243,40,15,-0.755,True
2025-12-18 07:44:51,VID_616977,Education,Japanese,BR,3254,8569,836,85,12,0.827,True
2024-07-07 15:46:42,VID_371146,Music,Hindi,UK,2690,3579,49,3,6,0.575,False
2024-09-19 20:54:01,VID_513142,Gaming,English,PK,2700,2801,268,45,6,0.491,True
2024-10-29 19:57:34,VID_808593,Tech Reviews,Urdu,PK,3330,7167,326,56,11,-0.784,True
2025-05-26 14:30:52,VID_392056,Tech Reviews,Hindi,US,2397,5581,445,36,17,-0.103,True
2025-06-03 20:10:43,VID_292912,Vlogs,English,BR,1158,2065,28,3,9,-0.611,True
2025-05-31 17:39:53,VID_477986,Music,Spanish,IN,2163,2876,48,7,9,-0.099,True
2024-07-11 05:37:19,VID_358308,Vlogs,Spanish,US,1300,7167,283,51,15,0.364,False
2024-08-15 15:36:36,VID_889153,Vlogs,Spanish,BR,3379,8647,534,41,20,-0.873,True
2025-10-21 17:29:02,VID_373413,Gaming,Spanish,PK,1121,783,16,1,3,0.364,True
2025-05-24 06:39:14,VID_625963,Tech Reviews,Urdu,IN,1565,2578,154,10,7,-0.499,True
2024-02-14 21:54:54,VID_174406,Tech Reviews,Hindi,BR,1379,793,20,1,3,0.49,False
2025-01-23 09:44:07,VID_985861,Music,Japanese,IN,3303,17965,1497,107,68,0.884,True
2025-06-29 16:58:08,VID_896537,Gaming,Spanish,PK,1209,10878,367,19,17,-0.089,True
2024-11-05 17:44:13,VID_138800,Gaming,Hindi,IN,1935,23478,2327,131,48,-0.363,True
2024-11-28 17:13:12,VID_522820,Vlogs,Urdu,IN,1305,13559,1053,208,21,-0.395,True
2024-12-10 15:08:44,VID_538897,Vlogs,Japanese,PK,1814,64195,1362,258,162,-0.243,True
2025-08-21 15:54:02,VID_534450,Vlogs,Spanish,US,2372,7431,117,8,9,0.115,True
2025-02-11 18:29:36,VID_951891,Music,English,PK,1287,8502,337,65,22,-0.475,False
2025-12-11 17:11:40,VID_246070,Gaming,Hindi,US,2997,48985,3951,650,67,0.213,False
2024-03-07 22:48:09,VID_387049,Education,Japanese,IN,2426,11378,712,43,42,-0.698,True
2024-07-16 04:14:13,VID_651741,Coding,Urdu,US,1894,14601,657,44,68,-0.091,True
2024-08-25 23:04:29,VID_305495,Coding,Hindi,PK,2395,1678,150,11,7,0.579,True
2025-10-25 20:18:42,VID_778287,Vlogs,Japanese,PK,1228,5361,59,9,19,-0.107,False
2024-12-21 17:22:50,VID_926817,Music,Urdu,PK,2834,5,0,0,0,0.423,False
2024-03-21 14:32:47,VID_559809,Vlogs,Spanish,IN,2588,977,21,3,4,-0.044,True
2025-04-06 03:43:57,VID_626234,Education,Urdu,IN,3032,8599,136,14,15,0.305,True
2024-11-30 11:59:21,VID_834526,Gaming,Hindi,PK,3421,1654,100,16,6,-0.477,True
2024-05-23 05:47:50,VID_952147,Education,Japanese,IN,2592,10709,1018,168,16,0.574,False
2025-12-04 08:33:58,VID_732491,Gaming,English,BR,2168,9240,686,41,25,0.724,True
2024-09-23 06:43:28,VID_432528,Education,English,PK,1259,9544,498,58,25,0.986,True
2025-04-09 00:03:51,VID_479038,Tech Reviews,Spanish,UK,511,7415,295,20,20,0.405,True
2025-01-26 16:20:15,VID_170177,Gaming,Hindi,BR,661,1311,49,2,3,0.887,True
2025-07-08 09:11:41,VID_411159,Education,Spanish,UK,2090,10487,647,52,33,-0.544,True
2025-03-04 11:38:42,VID_459127,Education,Urdu,UK,129,7929,148,18,26,-0.133,True
2024-06-12 20:17:26,VID_716609,Gaming,English,PK,3323,3764,373,74,6,-0.513,True
2024-04-18 18:43:49,VID_241493,Tech Reviews,Japanese,UK,2690,1680,121,11,3,0.471,False
2024-07-30 19:32:35,VID_351190,Coding,Hindi,BR,1408,11684,915,49,55,-0.888,True
2025-09-20 02:58:31,VID_402133,Music,Japanese,IN,1359,3986,278,33,8,0.962,True
2025-07-24 18:57:17,VID_361054,Gaming,English,UK,1403,25162,1414,185,117,-0.581,True
2025-03-28 02:29:27,VID_254214,Coding,Japanese,PK,730,10335,684,104,36,0.554,True
2025-05-10 03:36:08,VID_237517,Coding,Japanese,UK,3079,35244,2451,352,167,-0.015,True
2024-07-30 06:59:10,VID_708053,Coding,Hindi,US,1685,5753,183,31,11,-0.368,True
2024-01-20 21:57:08,VID_616005,Tech Reviews,Spanish,BR,363,1661,112,11,8,-0.982,True
2025-09-04 20:56:10,VID_959746,Vlogs,Spanish,BR,2727,1585,95,9,3,-0.261,True
2025-08-06 08:15:41,VID_979171,Gaming,Japanese,US,2016,4924,252,48,12,0.118,True
2025-08-10 08:55:40,VID_446506,Vlogs,Japanese,PK,2771,1001,85,4,3,0.72,True
2025-12-25 02:39:22,VID_338077,Vlogs,Spanish,IN,507,22542,1815,242,29,0.989,True
2024-06-11 12:38:03,VID_281855,Tech Reviews,Spanish,IN,865,18105,1453,89,61,-0.98,True
2025-01-25 13:40:02,VID_228214,Vlogs,Japanese,UK,2310,7362,306,39,25,0.473,True
2024-10-25 02:46:18,VID_243666,Education,Urdu,US,1095,7844,600,103,30,-0.586,True
2025-02-16 10:17:45,VID_480740,Gaming,Japanese,BR,1275,1141,109,16,2,0.124,True
2025-11-25 16:19:37,VID_134184,Vlogs,English,PK,250,27980,1180,206,97,0.191,True
2025-12-25 21:26:02,VID_206332,Education,Japanese,UK,3097,10990,1054,100,54,-0.02,True
2024-11-05 11:03:50,VID_399758,Coding,English,UK,285,5938,204,17,21,-0.944,True
2024-09-13 05:27:37,VID_448623,Education,Hindi,BR,1566,19549,1002,85,80,0.547,False
2025-08-09 00:29:57,VID_743639,Vlogs,Japanese,UK,1770,5174,308,61,10,0.976,True
2024-08-22 22:04:51,VID_836388,Vlogs,English,UK,2152,54,1,0,0,0.104,True
2024-03-16 01:13:33,VID_434875,Music,Hindi,UK,248,13829,1131,208,43,0.333,True
2025-02-05 19:20:20,VID_875657,Education,Hindi,PK,2202,2634,42,7,5,0.263,True
2025-08-25 23:11:23,VID_292648,Education,Japanese,UK,310,9730,791,108,11,-0.942,True
2025-08-08 03:55:50,VID_812742,Vlogs,Urdu,BR,951,11225,399,46,16,0.977,True
2024-11-27 23:51:36,VID_395767,Education,Japanese,BR,635,19595,281,33,38,-0.866,True
2024-11-05 09:13:51,VID_653928,Education,Japanese,US,3453,467,34,2,0,0.9,True
2024-11-03 07:28:01,VID_461811,Education,Japanese,BR,1253,52647,4499,374,101,-0.623,True
2024-07-08 06:30:39,VID_377003,Education,English,US,2134,24549,652,33,47,-0.961,True
2025-07-28 18:31:03,VID_131782,Gaming,English,US,2732,5830,240,18,9,0.072,True
2024-10-23 11:59:12,VID_294397,Music,Urdu,US,1982,38158,3314,252,57,0.711,False
2025-11-22 05:15:52,VID_423801,Tech Reviews,English,IN,69,13864,817,69,17,0.778,True
2025-10-23 02:41:41,VID_445522,Education,Japanese,BR,1338,18346,1481,279,57,0.075,True
2024-04-05 07:10:39,VID_291927,Music,Japanese,PK,682,32870,988,108,117,0.984,True
2024-03-31 04:44:17,VID_854924,Education,Hindi,BR,1953,17639,1340,119,81,-0.776,True
2024-01-26 03:29:08,VID_962302,Music,Hindi,US,3533,8034,735,145,21,-0.399,True
2024-10-15 12:33:46,VID_164555,Music,English,UK,2404,187,9,1,0,0.206,True
2024-05-02 11:02:26,VID_432668,Music,Japanese,BR,2882,8202,594,54,40,0.93,True
2024-01-27 07:24:57,VID_517697,Music,Spanish,UK,745,8059,332,65,31,-0.656,True
2025-02-18 16:29:08,VID_263946,Vlogs,Spanish,PK,3452,8875,597,37,26,0.509,True
2025-05-23 17:49:34,VID_431321,Tech Reviews,English,US,775,17538,574,76,69,0.955,True
2025-03-20 20:50:46,VID_250112,Education,Hindi,UK,2723,1950,138,26,2,-0.495,True
2024-06-09 08:49:28,VID_415562,Music,Hindi,BR,1714,10628,596,49,15,-0.831,True
2025-01-06 13:13:14,VID_617538,Education,Spanish,US,2212,3749,294,54,8,-0.506,True
2025-03-12 12:28:25,VID_240814,Gaming,Hindi,US,1298,5171,279,15,13,-0.43,True
2024-09-17 21:40:15,VID_581909,Music,Urdu,PK,1366,31426,342,42,56,0.461,True
2024-01-01 08:20:04,VID_282935,Education,Hindi,IN,1147,13523,740,121,30,0.044,False
2024-09-10 04:49:21,VID_418143,Vlogs,Spanish,PK,904,7206,564,87,32,0.526,True
2025-04-28 18:48:26,VID_970317,Gaming,Japanese,US,678,13866,348,42,59,-0.243,True
2024-08-28 04:16:41,VID_812631,Music,Hindi,PK,856,1853,110,8,8,0.909,True
2025-03-06 10:55:35,VID_377128,Music,Spanish,IN,776,972,89,12,1,0.341,False
2025-01-07 16:11:30,VID_750158,Education,Spanish,BR,1058,4185,240,25,20,-0.835,True
2024-02-25 18:23:41,VID_134116,Vlogs,Hindi,BR,2825,1467,41,6,5,-0.431,True
2025-10-20 21:22:54,VID_374075,Gaming,Hindi,PK,1539,5499,150,28,20,-0.321,True
2024-11-23 05:01:21,VID_784421,Vlogs,Japanese,IN,1080,17880,739,61,18,-0.944,True
2025-03-25 17:51:09,VID_825900,Music,Japanese,US,3011,30,2,0,0,0.093,True
2024-03-30 11:33:29,VID_867424,Coding,Japanese,PK,2028,11695,748,106,47,0.388,False
2025-06-01 14:01:45,VID_121829,Tech Reviews,Japanese,UK,409,42483,1520,267,129,-0.259,False
2024-03-28 16:13:52,VID_140071,Vlogs,English,UK,2304,6982,86,10,33,0.517,True
2024-10-15 08:52:39,VID_685535,Music,Urdu,PK,1730,23114,1965,189,33,0.183,False
2025-02-17 21:53:32,VID_563138,Coding,English,BR,3127,27859,818,89,95,0.308,True
2025-05-20 17:00:00,VID_667581,Music,Hindi,IN,2448,22913,2198,377,75,-0.905,True
2024-12-07 08:16:53,VID_487123,Coding,Hindi,BR,1511,6388,636,73,9,0.281,True
2025-05-04 23:42:17,VID_753888,Vlogs,Hindi,BR,2679,16660,622,39,68,-0.909,True
2024-10-03 15:46:56,VID_331916,Coding,English,BR,1698,2309,132,17,8,0.143,True
2025-12-11 18:41:26,VID_205544,Education,English,US,1576,13507,1295,90,54,0.223,True
2025-12-16 21:43:26,VID_323460,Music,English,PK,2995,12185,1045,125,21,-0.466,True
2025-07-01 08:03:52,VID_766132,Tech Reviews,Hindi,BR,3590,11520,1081,204,24,-0.862,True
2025-01-02 08:31:46,VID_176471,Coding,Japanese,PK,2011,24330,522,61,51,-0.414,True
2025-12-05 07:35:24,VID_405911,Tech Reviews,Urdu,UK,1242,2538,208,14,9,-0.239,True
2024-01-01 03:26:39,VID_701523,Music,Urdu,IN,1125,12959,409,75,13,-0.875,True
2024-07-08 06:01:30,VID_381073,Coding,English,PK,2349,14624,670,113,20,0.173,True
2025-02-25 20:23:15,VID_365106,Gaming,Hindi,UK,1638,15832,1367,186,20,0.657,True
2025-05-09 19:40:23,VID_624603,Music,Japanese,BR,2831,261,23,3,0,0.733,True
2024-12-25 03:22:53,VID_401356,Coding,Hindi,US,2177,11877,272,46,53,-0.545,True
2025-11-27 05:59:59,VID_593451,Education,English,BR,991,6578,113,6,27,0.416,True
2025-05-05 15:53:15,VID_182094,Tech Reviews,Spanish,BR,1778,9087,894,151,17,-0.449,True
2024-02-19 18:20:58,VID_110907,Coding,Urdu,PK,149,20929,1431,209,72,0.965,True
2024-05-03 16:26:51,VID_254230,Education,Japanese,UK,3217,3590,337,26,13,-0.948,False
2025-09-12 13:39:00,VID_605646,Tech Reviews,English,IN,2610,11743,311,53,38,-0.297,True
2024-08-31 19:00:33,VID_551962,Education,Japanese,US,1640,10304,690,88,15,-0.607,False
2024-07-01 20:47:23,VID_465616,Coding,Spanish,PK,571,5459,128,20,19,0.344,True
2024-12-09 21:46:22,VID_242185,Education,Urdu,BR,3445,5709,460,26,14,0.898,True
2025-01-07 22:38:02,VID_861206,Vlogs,Hindi,US,960,6691,139,16,14,0.635,True
2025-02-06 05:26:15,VID_470106,Tech Reviews,Spanish,IN,2353,20849,649,67,54,-0.891,True
2025-09-03 20:33:56,VID_290930,Vlogs,English,PK,607,8753,523,74,11,0.487,True
2024-02-23 18:32:51,VID_309645,Education,Hindi,PK,1351,2329,173,28,2,-0.403,True
2025-08-26 09:27:18,VID_361343,Coding,Japanese,US,1378,718,29,3,2,0.899,True
2024-12-24 01:49:33,VID_890843,Gaming,Hindi,US,2716,15998,959,84,60,0.619,False
2024-04-28 22:43:11,VID_363604,Tech Reviews,Urdu,UK,688,22526,745,70,71,0.987,True
2025-11-12 06:14:54,VID_909007,Tech Reviews,Spanish,PK,428,9229,331,33,22,0.413,True
2024-04-20 16:25:18,VID_861867,Education,Japanese,BR,2133,2574,192,24,2,-0.715,True
2024-11-27 03:01:42,VID_675900,Education,Urdu,US,3391,28174,1071,142,38,0.893,False
2024-06-11 04:50:11,VID_494628,Music,Hindi,UK,918,4551,326,42,13,-0.158,True
2025-04-23 11:43:01,VID_882217,Vlogs,Hindi,UK,1281,144,10,0,0,0.811,True
2024-03-30 15:26:49,VID_247641,Coding,English,BR,3106,11046,478,65,50,0.993,True
2024-03-07 05:20:37,VID_737498,Gaming,Spanish,US,1108,17549,1403,210,41,-0.262,True
2025-03-14 07:54:33,VID_582655,Education,Japanese,IN,3032,4009,316,31,12,0.997,True
2025-08-19 19:25:27,VID_435626,Music,Spanish,PK,329,6866,487,51,14,0.003,True
2025-04-12 03:25:25,VID_895206,Gaming,English,BR,71,6158,419,69,11,-0.086,False
2024-12-20 03:46:36,VID_944499,Vlogs,Japanese,IN,1579,6784,443,68,29,-0.541,True
2025-09-11 16:07:25,VID_398638,Tech Reviews,Urdu,BR,1886,1936,116,21,5,0.06,True
2025-10-15 13:44:04,VID_312012,Education,Hindi,UK,2579,19219,915,88,69,0.507,True
2025-11-19 06:10:49,VID_396590,Music,English,IN,177,2859,167,10,11,-0.384,True
2025-01-10 13:46:08,VID_628620,Gaming,Japanese,IN,2293,219,12,0,0,0.06,True
2025-08-02 02:32:42,VID_277258,Gaming,Hindi,BR,1235,7606,756,130,16,-0.989,True
2024-09-14 13:00:52,VID_234646,Gaming,Japanese,PK,169,2761,262,49,6,-0.286,True
2025-07-31 16:56:51,VID_130263,Tech Reviews,English,PK,2314,3877,270,29,9,-0.778,True
2025-05-10 10:54:01,VID_424364,Gaming,Spanish,UK,2470,7375,727,134,24,-0.139,True
2025-11-19 12:27:42,VID_843668,Education,Hindi,BR,170,47868,1208,71,230,0.464,True
2024-02-23 23:04:40,VID_351411,Education,Hindi,US,2302,12650,758,117,25,0.379,True
2024-08-13 13:36:46,VID_616384,Tech Reviews,Urdu,IN,1137,4681,202,33,19,0.326,True
2024-08-24 08:50:36,VID_470541,Coding,Japanese,UK,2417,19135,1174,234,42,0.184,True
2025-03-28 19:27:31,VID_846025,Coding,English,BR,3419,4676,80,13,5,0.66,True
2025-01-30 14:31:18,VID_260823,Music,Spanish,BR,2163,5908,257,47,24,0.879,True
2025-12-15 19:01:45,VID_776358,Coding,Hindi,BR,2953,1064,25,1,1,-0.688,True
2025-08-19 16:23:16,VID_146130,Coding,Spanish,IN,2377,12681,1000,198,19,-0.505,True
2025-06-13 15:25:06,VID_866288,Coding,Japanese,BR,742,20627,269,28,36,0.528,True
2024-07-04 02:35:08,VID_376550,Gaming,Japanese,UK,1018,6990,698,130,13,-0.809,True
2024-11-27 15:01:55,VID_313723,Coding,English,US,3100,58098,705,72,92,-0.993,True
2025-03-31 20:34:26,VID_764856,Music,Urdu,IN,3160,24571,2202,202,100,-0.878,True
2025-05-29 17:25:05,VID_867793,Music,Urdu,IN,472,15597,391,61,66,0.799,False
2024-03-12 01:50:49,VID_400906,Gaming,Hindi,US,1155,6902,474,67,13,-0.688,True
2025-12-08 15:51:06,VID_642789,Music,Spanish,UK,2332,9449,441,37,16,0.81,True
2024-06-29 02:35:01,VID_934541,Music,English,BR,557,10189,988,84,21,0.594,True
2025-09-10 22:25:26,VID_379718,Music,Japanese,IN,474,4620,208,20,10,0.506,True
2024-07-28 18:15:02,VID_397918,Music,Japanese,BR,2836,10036,369,61,32,0.438,False
2025-11-16 15:56:56,VID_395826,Gaming,Hindi,PK,2342,16441,698,85,31,0.441,True
2025-10-08 12:54:17,VID_574411,Vlogs,Japanese,BR,2684,393,35,4,0,-0.312,True
2025-02-15 11:32:07,VID_923282,Music,Urdu,BR,156,13189,901,71,44,0.744,True
2024-11-15 01:55:28,VID_481059,Gaming,Hindi,BR,565,6722,357,55,18,-0.015,True
2024-02-11 18:14:43,VID_270579,Music,English,UK,1073,21689,1463,217,72,-0.061,True
2025-12-04 09:46:58,VID_710900,Vlogs,Spanish,UK,2853,3222,319,35,15,-0.181,True
2024-07-02 14:48:36,VID_142266,Gaming,Japanese,BR,3210,21664,1990,303,31,0.504,False
2025-02-17 19:19:00,VID_535354,Music,Spanish,US,950,6553,451,43,32,-0.293,False
2024-07-09 01:43:20,VID_639411,Music,Urdu,IN,3389,11199,366,60,36,0.622,True
2025-12-25 00:06:10,VID_604870,Coding,Urdu,UK,434,25062,1860,304,45,-0.555,True
2025-09-08 23:06:26,VID_645242,Vlogs,Urdu,UK,2196,217,9,1,1,-0.884,False
2024-12-07 13:17:37,VID_960189,Vlogs,Hindi,US,1791,25794,630,49,100,-0.971,False
2025-10-01 11:15:07,VID_525809,Gaming,Spanish,US,3160,20428,1838,217,28,-0.144,True
2024-08-09 19:38:56,VID_662622,Vlogs,Hindi,IN,3077,7640,359,53,16,0.632,True
2024-10-23 18:08:34,VID_678482,Coding,Urdu,BR,792,6057,182,22,14,-0.735,False
2025-03-20 20:29:05,VID_537852,Music,Spanish,BR,858,15002,1073,110,37,-0.397,True
2024-08-10 06:17:58,VID_643200,Education,Hindi,US,1736,11085,1026,178,42,0.329,True
2025-08-02 08:15:35,VID_920435,Music,Spanish,US,1096,34765,2596,485,167,-0.957,False
2025-12-04 15:18:35,VID_898312,Coding,Hindi,UK,897,1455,134,15,6,0.936,True
2025-06-19 04:20:27,VID_961345,Vlogs,Urdu,IN,3475,539,8,1,1,0.527,True
2024-06-11 23:12:20,VID_753375,Music,Spanish,UK,2664,11272,607,84,19,-0.504,True
2025-07-16 05:34:07,VID_843292,Coding,Hindi,IN,2094,4201,264,47,16,0.036,True
2024-04-19 09:25:14,VID_356581,Tech Reviews,Spanish,PK,2871,12818,862,145,17,0.1,True
2025-11-27 01:57:21,VID_883567,Gaming,Hindi,IN,3595,3454,163,21,14,-0.561,False
2025-07-15 00:47:12,VID_972558,Education,Urdu,UK,2639,24595,837,84,79,-0.753,True
2025-08-23 07:58:13,VID_970978,Vlogs,Hindi,BR,419,6573,101,20,7,-0.782,True
2024-08-19 16:53:40,VID_240574,Coding,Urdu,UK,1889,6156,340,64,27,-0.912,True
2024-08-29 06:48:46,VID_873714,Gaming,Spanish,IN,162,10034,302,50,39,-0.912,True
2025-06-09 15:22:45,VID_585357,Education,Hindi,IN,1737,6626,367,31,7,-0.993,True
2024-06-10 12:19:31,VID_107180,Music,Hindi,PK,818,377,25,3,1,0.28,False
2025-11-02 04:41:53,VID_335901,Tech Reviews,English,PK,3415,5805,569,91,9,0.066,True
2025-11-09 02:36:41,VID_722122,Tech Reviews,Hindi,BR,1744,325,23,1,0,-0.885,False
2025-09-09 07:20:13,VID_271421,Music,Hindi,IN,901,4259,71,6,18,-0.654,True
2025-05-05 02:53:12,VID_926627,Vlogs,Hindi,PK,430,10067,613,79,26,-0.419,True
2025-12-20 13:44:00,VID_113235,Gaming,Urdu,UK,2095,7893,326,47,9,-0.404,True
2024-12-10 22:05:41,VID_116223,Vlogs,English,US,2448,9273,773,102,12,-0.359,True
2024-12-05 15:49:57,VID_992318,Coding,Urdu,IN,851,1517,105,10,6,-0.302,False
2024-12-26 21:41:18,VID_226899,Vlogs,Spanish,PK,617,21615,1019,184,65,-0.079,True
2024-10-22 01:11:21,VID_290561,Gaming,Urdu,BR,3307,30821,321,53,54,0.89,False
2025-03-22 12:12:30,VID_819093,Gaming,Hindi,PK,3556,12202,568,38,44,0.488,True
2025-06-20 15:22:07,VID_105496,Gaming,Hindi,UK,1301,8027,423,46,27,-0.808,True
2025-05-28 06:15:03,VID_294144,Gaming,Japanese,IN,2189,3695,39,3,18,-0.891,True
2025-07-07 11:01:58,VID_196567,Tech Reviews,Spanish,US,278,6060,109,15,8,0.486,True
2025-11-02 09:02:10,VID_534358,Tech Reviews,Hindi,IN,2548,4544,236,14,6,0.568,True
2025-05-17 00:12:54,VID_924085,Gaming,Spanish,PK,1909,10336,220,17,15,-0.925,True
2025-08-05 17:11:55,VID_755116,Education,Japanese,IN,691,18800,714,141,49,-0.192,True
2025-04-08 14:00:32,VID_896832,Coding,English,IN,2816,12105,176,16,60,-0.548,True
2025-07-24 08:06:59,VID_563530,Gaming,Urdu,US,1254,6064,531,52,9,0.833,True
2024-01-22 09:09:18,VID_473024,Music,Spanish,US,1530,2591,195,24,8,0.488,True
2025-10-11 23:26:46,VID_890017,Music,Spanish,UK,2701,15880,1133,107,24,-0.395,True
2024-03-08 17:43:43,VID_117021,Gaming,Hindi,BR,3305,9725,882,88,45,-0.62,False
2025-02-11 00:53:05,VID_273151,Coding,English,PK,3397,9708,722,136,29,-0.645,True
2025-01-23 00:31:20,VID_757200,Tech Reviews,Hindi,PK,1844,7457,712,105,16,-0.321,True
2024-04-30 08:40:41,VID_886227,Education,Japanese,IN,2811,26581,2357,352,39,0.855,True
2024-06-11 04:28:04,VID_943013,Tech Reviews,Spanish,US,2281,11950,963,178,32,0.775,False
2024-01-26 22:11:22,VID_133311,Vlogs,Urdu,UK,1740,10781,158,17,45,-0.102,False
2024-09-30 00:48:43,VID_696368,Gaming,Japanese,IN,2394,5658,446,31,8,0.73,True
2024-04-30 11:40:09,VID_495214,Education,Spanish,IN,2132,4632,207,18,23,0.567,True
2025-06-25 18:42:25,VID_139299,Music,Urdu,US,882,23635,1220,92,58,-0.851,True
2024-12-12 01:42:37,VID_467671,Coding,Japanese,US,2502,9076,849,98,31,0.779,True
2025-05-19 10:18:07,VID_146914,Vlogs,Japanese,BR,1307,3671,106,17,8,0.797,False
2025-12-01 15:04:06,VID_392366,Coding,English,UK,1301,31911,853,109,49,0.636,True
2024-11-26 04:58:49,VID_508383,Education,Urdu,US,1370,8066,722,59,10,-0.671,True
2024-10-09 23:12:58,VID_862537,Gaming,Japanese,UK,2669,3457,321,56,16,-0.373,False
2025-03-21 04:05:22,VID_890649,Music,Hindi,PK,1120,8018,210,25,18,0.749,True
2024-10-14 17:43:01,VID_694964,Gaming,Spanish,IN,2366,10835,271,34,36,0.562,False
2025-10-20 15:15:03,VID_328186,Tech Reviews,Spanish,UK,3076,448,26,3,0,-0.434,True
2024-05-28 01:25:50,VID_247902,Education,Spanish,UK,417,10301,727,104,17,-0.093,True
2024-02-13 04:47:42,VID_390540,Tech Reviews,English,IN,2171,5001,431,52,5,0.236,False
2025-02-12 03:52:09,VID_136000,Music,Hindi,BR,1754,29063,2502,310,87,0.033,True
2025-07-28 21:27:19,VID_474678,Education,English,BR,432,16853,250,48,75,-0.112,True
2025-04-15 09:20:22,VID_536525,Gaming,Urdu,BR,3473,2093,182,9,6,-0.588,True
2025-04-11 01:23:01,VID_887180,Coding,Urdu,IN,3032,1848,80,4,8,-0.288,True
2025-10-02 13:22:15,VID_332053,Gaming,Hindi,UK,1776,13971,918,159,62,0.256,True
2024-01-29 21:56:53,VID_426178,Tech Reviews,Urdu,PK,284,8217,100,18,31,0.826,True
2025-03-31 22:44:12,VID_618415,Music,Japanese,US,3193,9550,809,110,40,-0.923,False
2024-11-02 04:03:58,VID_642269,Education,English,UK,407,14866,1082,146,50,0.991,False
2025-11-07 21:58:26,VID_817362,Vlogs,Urdu,US,786,969,94,15,0,0.761,True
2025-02-01 16:45:50,VID_679138,Vlogs,Spanish,UK,1928,4955,341,60,7,0.491,False
2025-08-21 09:21:27,VID_236090,Music,English,US,850,6008,341,64,16,-0.6,True
2024-03-12 22:03:27,VID_571421,Education,Japanese,US,2981,21075,1775,112,94,-0.469,True
2024-08-09 13:34:59,VID_672378,Vlogs,Japanese,BR,3120,4202,218,30,13,-0.737,False
2024-10-31 12:56:40,VID_159014,Vlogs,English,BR,1826,24876,1607,319,54,0.133,True
2025-09-17 12:12:42,VID_178761,Tech Reviews,Japanese,PK,3511,9624,622,82,32,-0.673,True
2024-08-27 01:17:51,VID_695353,Tech Reviews,Urdu,PK,2119,17499,634,46,45,-0.912,True
2025-09-07 04:43:13,VID_265662,Gaming,Hindi,IN,1839,8037,457,84,39,-0.571,True
2025-08-14 12:47:56,VID_504832,Vlogs,Spanish,US,1688,1071,64,6,1,-0.515,False
2025-05-24 07:13:28,VID_927035,Vlogs,Japanese,IN,666,5821,326,38,18,-0.9,True
2024-11-01 19:05:35,VID_291172,Vlogs,Japanese,IN,1738,4966,71,13,23,-0.146,True
2025-11-11 06:25:29,VID_218571,Gaming,Japanese,US,1344,1821,71,5,5,-0.444,True
2024-07-27 19:05:44,VID_118149,Tech Reviews,Spanish,IN,778,5256,456,41,14,0.39,True
2025-12-21 23:32:26,VID_990654,Music,Urdu,BR,1896,17800,566,98,79,-0.88,True
2024-08-30 03:20:51,VID_389560,Music,Spanish,UK,911,6233,66,9,27,0.643,True
2025-06-13 02:36:07,VID_120855,Education,English,US,1179,4022,266,36,16,0.264,False
2024-01-18 19:14:11,VID_707024,Vlogs,Urdu,UK,2733,33245,2920,238,163,-0.039,True
2024-02-17 22:01:29,VID_722410,Vlogs,Spanish,IN,1358,4096,53,6,7,0.502,True
2025-09-13 14:38:10,VID_498199,Coding,Hindi,IN,1473,9009,779,43,35,-0.939,True
2025-11-01 09:04:12,VID_234873,Coding,English,BR,2675,3183,96,16,6,0.191,True
2025-03-14 23:41:15,VID_994123,Vlogs,Urdu,UK,2305,24620,1183,106,59,-0.909,True
2024-11-30 10:50:05,VID_980491,Gaming,Spanish,PK,3515,4063,172,15,5,-0.373,True
2025-03-09 05:57:18,VID_641182,Vlogs,English,UK,436,12544,715,100,49,0.58,True
2024-12-22 05:53:41,VID_349328,Education,Urdu,PK,136,9871,535,103,29,-0.557,False
2025-11-10 01:23:03,VID_645528,Music,Urdu,US,139,2981,116,13,4,0.149,True
2025-01-07 21:37:38,VID_430392,Tech Reviews,Hindi,BR,1749,252,2,0,0,0.765,True
2025-01-03 00:19:35,VID_430350,Gaming,Spanish,PK,684,46090,1137,60,49,0.784,True
2025-04-24 21:23:14,VID_931803,Tech Reviews,Urdu,UK,2667,4437,73,6,6,0.039,True
2025-10-26 12:45:10,VID_608432,Tech Reviews,Urdu,PK,2559,1473,43,6,2,0.901,False
2024-12-03 16:29:04,VID_570100,Education,Spanish,PK,2419,4117,277,14,4,-0.523,False
2025-06-18 19:08:31,VID_545517,Education,Japanese,PK,2156,31918,2349,173,96,0.047,True
2024-03-01 17:49:26,VID_224600,Tech Reviews,Hindi,BR,413,4557,383,64,12,0.441,True
2024-10-19 13:37:40,VID_718466,Vlogs,Urdu,IN,1738,3733,357,18,4,-0.039,True
2024-03-10 06:18:49,VID_263080,Gaming,Spanish,BR,67,1973,72,13,5,-0.418,True
2024-02-27 14:24:15,VID_408986,Tech Reviews,Japanese,US,1277,8425,659,107,11,-0.462,True
2024-01-21 17:21:55,VID_217612,Coding,English,US,68,15817,1465,127,63,0.396,True
2025-03-21 11:42:09,VID_595153,Education,Spanish,PK,604,1405,123,24,3,-0.217,True
2024-02-24 15:44:22,VID_271794,Tech Reviews,Spanish,UK,1858,7498,565,111,29,-0.105,True
2024-01-14 09:14:26,VID_126991,Tech Reviews,English,US,2321,5469,196,24,26,-0.183,True
2024-10-07 12:33:19,VID_374983,Music,Hindi,PK,1989,5110,238,20,24,0.866,False
2025-06-07 08:48:53,VID_168925,Vlogs,English,BR,548,4205,159,10,14,-0.576,True
2025-09-04 03:17:15,VID_255779,Tech Reviews,Hindi,US,2976,4483,286,19,13,0.254,True
2025-09-22 19:53:50,VID_117296,Education,Spanish,US,2704,12571,858,116,37,0.022,True
2024-08-29 19:58:55,VID_642705,Education,Hindi,PK,437,3407,44,2,15,0.042,False
2025-12-01 17:04:34,VID_436848,Coding,Japanese,BR,781,3773,337,25,16,0.786,True
2024-06-05 08:38:55,VID_761665,Tech Reviews,Spanish,BR,2764,511,9,1,2,-0.613,True
2025-04-18 02:38:29,VID_357174,Education,English,US,1828,11765,375,38,15,0.993,True
2024-09-04 06:11:21,VID_720801,Vlogs,Hindi,IN,1711,4520,417,62,17,-0.533,True
2024-08-31 15:13:45,VID_149221,Coding,Spanish,UK,83,13879,888,125,44,-0.055,True
2025-03-06 19:42:32,VID_867632,Vlogs,Hindi,BR,3041,3772,277,17,10,0.665,True
2024-03-13 06:47:41,VID_793221,Tech Reviews,Japanese,UK,1425,4231,219,35,15,-0.222,True
2025-08-04 05:48:07,VID_504010,Vlogs,Spanish,US,1816,3134,283,40,10,-0.058,True
2024-01-25 16:31:19,VID_194506,Tech Reviews,Japanese,BR,2702,4211,370,53,13,-0.229,True
2024-05-22 12:58:51,VID_827611,Coding,Spanish,UK,3398,465,4,0,0,-0.995,True
2025-03-12 16:54:33,VID_160422,Gaming,Hindi,BR,3143,8906,180,28,34,-0.997,True
2025-05-01 15:45:52,VID_414845,Gaming,Japanese,US,1980,4955,182,17,13,-0.121,True
2024-11-29 03:55:09,VID_315358,Coding,Spanish,UK,2595,2504,126,7,9,-0.774,True
2025-04-23 08:05:29,VID_702304,Coding,English,UK,2610,5977,552,31,11,0.878,True
2025-10-24 03:54:30,VID_582515,Vlogs,Spanish,US,622,7937,641,99,10,-0.461,True
2025-06-13 04:33:53,VID_337120,Coding,Hindi,US,1435,6527,320,22,21,0.802,False
2024-12-14 03:17:05,VID_887400,Gaming,English,UK,3490,14832,199,27,45,0.691,True
2024-08-19 02:07:05,VID_404793,Education,Spanish,IN,217,16075,1083,182,60,0.639,True
2025-06-25 15:23:29,VID_783701,Tech Reviews,Hindi,US,3508,1517,118,7,7,-0.377,True
2024-05-10 12:04:59,VID_699429,Tech Reviews,Hindi,PK,3456,6636,345,26,6,-0.83,True
2025-10-25 04:03:16,VID_477710,Education,Spanish,BR,2350,31848,1447,134,91,-0.463,True
2025-02-02 04:53:37,VID_492201,Vlogs,Japanese,IN,3192,25486,314,18,52,-0.707,True
2024-07-05 22:57:48,VID_267397,Gaming,Spanish,BR,3041,6553,396,33,30,-0.293,True
2024-06-22 06:52:54,VID_908615,Music,Urdu,BR,107,5378,65,8,9,-0.423,True
2024-02-06 04:57:27,VID_735029,Education,Hindi,UK,447,5010,221,26,15,-0.501,True
2025-02-02 12:18:41,VID_261834,Gaming,Hindi,PK,1892,4786,218,22,18,0.473,True
2024-04-17 07:53:48,VID_104937,Education,Urdu,UK,3344,144,7,1,0,0.284,True
2024-05-23 14:41:59,VID_728303,Music,Spanish,UK,2283,9852,880,48,40,-0.966,True
2025-02-01 08:33:39,VID_296281,Vlogs,Hindi,PK,3546,15230,718,112,52,-0.309,True
2025-05-06 07:01:46,VID_587725,Tech Reviews,Japanese,BR,1304,9582,117,9,46,-0.012,True
2024-06-21 23:54:14,VID_161914,Vlogs,Spanish,IN,3352,2802,191,15,11,0.648,False
2024-01-16 00:11:35,VID_760632,Gaming,Urdu,BR,636,3015,101,9,12,-0.828,True
2024-02-29 06:37:01,VID_788251,Gaming,Urdu,PK,221,2044,129,23,10,-0.234,True
2024-07-29 17:24:16,VID_725123,Tech Reviews,Spanish,IN,3581,22276,1596,114,30,-0.182,True
2024-12-25 03:50:57,VID_176105,Music,English,PK,2156,4410,386,36,10,-0.833,False
2024-02-03 14:03:15,VID_447557,Vlogs,Spanish,PK,836,16771,599,98,28,0.479,True
2024-10-14 21:54:18,VID_624155,Vlogs,English,IN,2243,1262,119,18,1,0.695,True
2025-03-17 23:13:37,VID_562842,Gaming,Japanese,US,1387,12575,273,16,13,-0.003,True
2024-11-14 11:00:37,VID_169177,Education,English,BR,699,18521,753,120,68,0.855,True
2025-12-15 08:54:38,VID_230299,Vlogs,Urdu,PK,3283,46086,3703,288,94,-0.077,True
2024-07-07 17:43:35,VID_459726,Vlogs,Japanese,UK,2380,1961,169,22,4,0.923,True
2024-01-03 05:38:48,VID_999691,Coding,Japanese,BR,1035,3582,68,5,8,-0.171,True
2024-01-03 12:48:56,VID_577898,Vlogs,English,UK,3567,15901,582,80,30,-0.394,True
2024-11-12 06:33:45,VID_395544,Coding,English,IN,1999,21679,1416,79,76,0.736,True
2025-01-11 06:35:57,VID_733429,Gaming,Spanish,UK,3052,3194,314,50,8,-0.178,True
2024-03-30 00:47:04,VID_700901,Tech Reviews,Spanish,PK,2589,4978,465,53,12,0.321,True
2025-11-20 19:34:05,VID_679049,Education,English,UK,1195,1237,93,11,2,-0.433,True
2024-03-14 00:51:15,VID_199723,Gaming,Urdu,PK,1731,3283,95,8,6,0.104,False
2025-08-28 10:47:21,VID_850461,Music,Japanese,BR,894,18588,1735,241,74,0.62,True
2025-04-04 15:39:50,VID_757496,Gaming,Urdu,US,2798,19051,1503,140,66,-0.262,True
2024-07-02 08:53:13,VID_822407,Music,Japanese,UK,618,2483,180,19,6,0.238,True
2024-03-25 20:15:50,VID_546066,Coding,Spanish,BR,3034,5124,296,57,17,0.308,True
2024-02-25 20:29:42,VID_424095,Vlogs,Spanish,UK,2803,1654,106,9,1,0.057,True
2025-11-14 05:53:04,VID_426102,Education,English,UK,2838,12626,961,74,53,-0.52,True
2025-01-13 23:58:24,VID_497581,Vlogs,Spanish,PK,3476,3458,48,6,15,-0.693,True
2024-07-09 23:08:18,VID_666161,Coding,Spanish,US,2518,14262,1243,90,19,0.477,False
2025-08-24 19:01:16,VID_613475,Gaming,English,US,2489,37988,1069,66,44,-0.335,False
2025-08-04 16:32:24,VID_196354,Music,Urdu,BR,2134,4245,199,27,20,-0.496,True
2024-07-21 00:07:32,VID_341897,Vlogs,Spanish,PK,2491,1504,109,17,3,0.821,False
2025-08-04 06:10:20,VID_674868,Tech Reviews,Japanese,PK,2703,11542,799,63,44,-0.001,True
2025-01-28 23:29:05,VID_108464,Education,Urdu,US,367,11633,669,44,40,0.393,True
2024-05-03 07:35:03,VID_226936,Music,Hindi,BR,2065,10514,346,34,36,0.829,True
2024-12-14 07:41:59,VID_910219,Coding,Hindi,PK,406,3693,117,21,16,-0.56,True
2024-03-19 00:38:33,VID_181192,Coding,Urdu,IN,2753,3823,86,6,11,0.025,True
2025-09-26 17:10:25,VID_835850,Tech Reviews,Japanese,UK,1494,13441,1305,251,27,-0.029,False
2025-10-06 16:58:39,VID_867898,Gaming,Japanese,IN,2633,8655,603,68,36,-0.694,False
2024-01-05 04:40:54,VID_132293,Tech Reviews,Hindi,IN,1311,7461,415,72,31,0.661,False
2024-12-23 13:30:07,VID_666843,Music,Spanish,IN,625,49,2,0,0,-0.9,True
2025-05-30 01:32:18,VID_590129,Vlogs,Urdu,UK,2773,41333,527,33,173,-0.854,False
2024-09-04 03:27:18,VID_831902,Education,Urdu,IN,3552,11713,204,23,56,-0.17,True
2025-03-27 22:22:39,VID_948065,Gaming,English,UK,2908,18497,415,46,52,-0.946,True
2024-11-03 06:17:59,VID_116228,Gaming,Urdu,US,2396,10587,487,96,49,-0.274,True
2025-04-30 17:44:58,VID_808835,Tech Reviews,Hindi,IN,765,3074,254,36,3,0.729,True
2024-06-10 16:19:20,VID_592722,Vlogs,Spanish,BR,3240,11149,1052,62,41,0.431,True
2025-05-16 11:01:54,VID_614286,Education,Japanese,BR,1418,6848,678,58,26,0.573,True
2025-01-10 01:59:23,VID_803986,Gaming,Hindi,UK,1905,9700,685,115,46,-0.543,True
2025-11-28 06:23:04,VID_142305,Music,Spanish,PK,3350,16971,1289,179,55,-0.547,True
2024-01-06 06:35:53,VID_705927,Vlogs,Spanish,BR,1269,8654,744,80,27,0.271,True
2024-03-20 00:08:32,VID_692258,Gaming,Spanish,IN,2255,2552,101,12,7,0.213,True
2025-09-28 15:27:30,VID_412807,Gaming,Japanese,IN,3123,4307,267,45,13,0.587,True
2025-05-20 11:37:23,VID_909781,Music,Spanish,UK,2187,3326,147,27,12,-0.479,True
2024-05-16 22:13:11,VID_733805,Music,Spanish,US,1497,7392,359,61,36,0.263,True
2025-09-13 04:10:01,VID_339299,Coding,Japanese,BR,1824,2264,131,19,5,0.376,True
2024-09-01 09:31:15,VID_280124,Gaming,Hindi,BR,2451,591,31,3,1,-0.844,False
2024-06-26 12:46:47,VID_478964,Music,Hindi,UK,3084,8540,416,32,41,0.211,True
2025-11-26 09:59:14,VID_521938,Music,Japanese,UK,1852,1950,125,6,3,-0.547,True
2024-07-01 06:23:37,VID_265212,Coding,Hindi,US,124,11552,118,17,21,0.642,True
2024-06-04 05:15:07,VID_703911,Coding,Hindi,BR,3035,13396,1140,207,56,0.985,True
2024-06-02 10:41:37,VID_873513,Coding,Spanish,BR,3570,3148,120,10,13,-0.769,False
2024-12-04 19:14:37,VID_957571,Gaming,Hindi,BR,2762,670,33,5,1,-0.14,True
2024-02-20 00:21:49,VID_473629,Music,Hindi,PK,1772,13757,811,139,49,-0.675,True
2025-06-25 15:40:23,VID_571029,Coding,Spanish,US,3037,1343,74,5,1,0.792,True
2024-02-21 02:45:38,VID_812847,Education,Hindi,BR,1792,2091,156,24,7,-0.82,False
2024-02-01 18:17:56,VID_272363,Coding,Spanish,PK,161,19947,1310,81,24,0.192,True
2024-11-07 05:00:36,VID_568823,Tech Reviews,Japanese,UK,2781,6211,514,63,19,-0.815,True
2024-04-23 16:54:56,VID_406928,Tech Reviews,Spanish,UK,2625,54578,3334,461,83,0.758,True
2024-12-02 16:30:11,VID_366509,Coding,Spanish,IN,1142,10575,320,42,44,-0.306,True
2024-05-06 23:31:13,VID_921593,Tech Reviews,Hindi,BR,1631,3296,102,7,8,0.405,True
2024-04-26 22:41:47,VID_580488,Music,Urdu,UK,2124,4578,293,47,12,-0.189,False
2024-04-26 05:27:48,VID_746290,Gaming,Japanese,US,2250,548,10,1,1,0.85,True
2024-05-23 23:44:05,VID_829802,Tech Reviews,Japanese,IN,1260,43513,2616,413,56,-0.414,True
2025-06-29 16:39:17,VID_577656,Coding,Hindi,PK,358,5071,136,21,22,-0.157,True
2024-10-10 16:01:23,VID_201409,Tech Reviews,Spanish,UK,772,665,26,4,2,0.56,True
2025-04-16 09:39:08,VID_369645,Tech Reviews,English,UK,3115,2468,123,21,8,-0.149,False
2024-08-03 07:17:30,VID_223754,Tech Reviews,English,PK,3230,5219,471,42,7,0.329,True
2024-01-19 15:05:32,VID_881495,Gaming,Spanish,IN,2317,10094,341,45,46,-0.931,False
2024-04-12 09:23:49,VID_400622,Education,Urdu,BR,302,5807,186,13,21,0.506,False
2025-05-20 05:28:22,VID_857183,Coding,Urdu,IN,771,2528,136,15,6,0.009,True
2025-09-22 01:54:59,VID_568527,Gaming,Hindi,US,2807,3911,245,43,9,0.333,False
2025-04-17 10:53:59,VID_843280,Vlogs,English,IN,3328,22851,1827,250,35,0.705,True
2025-11-15 10:15:56,VID_365166,Tech Reviews,Japanese,UK,2506,1302,46,3,2,0.696,True
2024-12-20 02:36:38,VID_233467,Music,Hindi,BR,1515,9015,672,50,30,-0.242,True
2025-05-28 17:34:22,VID_196118,Vlogs,Urdu,BR,1726,12559,402,80,43,0.434,True
2025-06-23 03:49:46,VID_443427,Education,Japanese,UK,2040,3907,66,7,13,0.835,True
2025-11-04 14:45:06,VID_719326,Education,Spanish,IN,3570,7059,536,75,7,0.975,True
2025-11-12 22:42:00,VID_128723,Tech Reviews,Japanese,PK,1663,3830,78,10,18,0.5,True
2024-01-11 06:47:52,VID_683952,Music,Japanese,UK,2040,4701,290,21,11,0.914,True
2025-12-13 05:46:49,VID_569428,Coding,Spanish,PK,1654,17267,959,128,69,0.963,True
2024-10-16 22:24:08,VID_253431,Tech Reviews,English,PK,874,15261,1321,204,41,-0.443,True
2025-09-29 06:21:39,VID_641514,Vlogs,Urdu,UK,804,16467,1215,131,65,-0.816,True
2025-05-09 06:26:37,VID_111259,Music,Japanese,PK,3302,3614,221,26,8,-0.736,True
2024-04-26 05:29:03,VID_437746,Vlogs,Hindi,US,1149,9904,444,81,28,-0.851,True
2025-03-16 07:46:56,VID_789460,Vlogs,Hindi,PK,2834,34178,1418,248,90,0.431,True
2024-07-05 21:23:44,VID_327737,Education,Urdu,US,2685,884,9,0,2,-0.525,False
2024-05-24 10:14:10,VID_524797,Gaming,Spanish,PK,3043,3646,108,16,10,-0.3,True
2025-11-10 06:41:09,VID_941299,Tech Reviews,Urdu,US,2818,2860,184,34,11,-0.86,True
2025-05-31 22:24:42,VID_662704,Gaming,Spanish,BR,449,711,36,3,0,0.337,True
2024-02-08 07:58:35,VID_677493,Education,Spanish,UK,3500,17289,1105,89,83,-0.523,True
2025-06-30 13:01:29,VID_631398,Education,Spanish,IN,124,1799,26,2,8,0.491,True
2024-02-01 23:05:51,VID_389940,Coding,English,PK,3528,1540,37,5,4,0.083,True
2024-03-08 14:58:07,VID_616913,Tech Reviews,English,US,2633,33469,1056,133,157,-0.309,True
2024-09-21 21:20:04,VID_635112,Gaming,English,US,2363,8384,712,69,29,0.832,True
2025-10-19 19:51:34,VID_857265,Tech Reviews,Spanish,BR,927,1323,105,16,3,-0.388,False
2024-07-20 16:45:26,VID_135944,Gaming,Spanish,PK,2874,7789,88,11,30,-0.772,False
2025-10-06 15:12:50,VID_205212,Coding,Urdu,US,1834,665,52,10,0,-0.188,True
2025-03-23 08:38:29,VID_215696,Music,English,US,1768,13903,1326,243,25,0.075,True
2024-12-22 11:43:08,VID_498989,Education,Urdu,PK,341,29260,1337,74,77,-0.979,False
2025-08-22 22:23:07,VID_743022,Tech Reviews,Urdu,PK,2716,8709,143,10,9,0.269,True
2024-10-09 17:52:42,VID_783548,Gaming,Japanese,PK,3151,29511,2173,292,138,-0.966,True
2024-07-16 08:56:15,VID_444319,Music,Urdu,IN,2429,11961,813,92,17,0.149,True
2025-01-10 18:23:57,VID_935998,Music,Spanish,BR,2806,20258,1701,320,46,-0.051,True
2025-12-02 11:14:56,VID_528436,Tech Reviews,Japanese,BR,1276,12425,467,52,40,0.888,True
2025-05-12 05:03:14,VID_639621,Coding,Urdu,PK,2791,18278,1547,265,85,-0.023,False
2024-03-25 15:10:00,VID_649821,Vlogs,Hindi,US,3307,4624,366,37,8,0.059,False
2024-12-05 22:39:46,VID_118481,Vlogs,Spanish,IN,1007,25346,1940,292,95,-0.215,True
2024-01-07 20:16:31,VID_523706,Coding,Spanish,PK,3344,7676,722,54,27,0.18,True
2024-02-28 16:53:50,VID_255757,Gaming,English,PK,2946,9676,489,63,12,-0.455,True
2025-07-21 22:15:27,VID_452127,Tech Reviews,Hindi,BR,320,29659,501,67,108,0.78,True
2025-11-21 03:03:16,VID_511667,Coding,Japanese,PK,1851,5849,87,12,27,0.418,False
2024-07-10 11:01:08,VID_734756,Tech Reviews,Japanese,IN,2762,3822,157,10,18,-0.081,True
2025-09-15 22:57:58,VID_691797,Gaming,Urdu,IN,2710,19536,1028,68,23,-0.69,True
2025-09-29 00:38:38,VID_977035,Education,Hindi,UK,1158,3152,176,19,10,-0.141,True
2024-02-24 21:50:06,VID_932970,Coding,Japanese,UK,1427,30071,2535,493,132,0.238,True
2025-11-18 03:59:29,VID_533417,Gaming,Urdu,PK,1596,2231,36,3,5,-0.437,True
2024-10-19 17:12:47,VID_398011,Vlogs,Hindi,UK,1954,15124,797,44,59,0.136,False
2025-09-05 19:52:55,VID_887878,Gaming,Hindi,IN,905,19924,1834,150,79,0.245,True
2024-08-22 09:18:18,VID_160451,Vlogs,English,BR,2184,11982,753,64,54,0.749,True
2024-04-08 16:18:41,VID_375952,Music,Urdu,PK,1946,23270,413,29,106,0.527,True
2025-12-02 03:11:17,VID_739860,Education,Japanese,US,137,16865,458,31,51,-0.661,True
2025-12-20 16:21:46,VID_453873,Education,Spanish,PK,2363,12195,509,42,18,0.089,False
2024-07-31 03:33:26,VID_448789,Vlogs,Urdu,IN,2601,2308,152,28,2,0.99,True
2025-05-06 02:57:45,VID_653726,Gaming,Japanese,IN,3502,1788,50,5,4,0.138,True
2024-01-07 14:23:29,VID_692159,Coding,English,IN,1055,5414,93,7,25,0.713,False
2024-09-19 21:00:06,VID_349754,Vlogs,Japanese,PK,3021,3942,362,23,10,0.67,True
2025-03-22 03:05:30,VID_313618,Tech Reviews,Spanish,US,1129,1914,173,10,7,0.318,True
2025-12-07 05:26:33,VID_805436,Gaming,Japanese,US,2195,1397,127,8,5,-0.343,True
2025-01-03 01:40:02,VID_248596,Music,Spanish,IN,1472,35074,1454,275,120,0.065,True
2024-03-25 15:28:06,VID_667559,Vlogs,English,BR,1021,148,12,2,0,0.511,True
2025-02-02 11:33:58,VID_524020,Coding,Hindi,BR,686,21039,744,81,58,-0.014,False
2025-06-13 03:34:44,VID_794184,Education,English,BR,2110,2665,103,8,12,0.597,True
2024-07-29 00:25:02,VID_312052,Tech Reviews,Japanese,UK,2764,7541,304,45,26,0.747,True
2024-08-02 09:10:37,VID_868149,Tech Reviews,Hindi,UK,2281,2894,278,19,13,-0.445,True
2025-09-03 20:42:04,VID_997372,Music,English,PK,627,2822,154,28,4,-0.799,True
2024-04-17 05:33:33,VID_247988,Coding,Urdu,BR,1519,1282,79,5,4,-0.721,True
2025-06-22 07:59:14,VID_923023,Education,Hindi,IN,3103,26879,1229,82,46,0.816,True
2025-06-01 07:53:28,VID_164588,Gaming,Urdu,BR,383,681,24,1,2,-0.192,True
2024-10-23 01:56:43,VID_285939,Coding,Spanish,IN,3587,4021,135,11,9,-0.275,True
2024-07-15 22:24:30,VID_961475,Tech Reviews,Hindi,US,2050,39952,513,68,69,-0.315,True
2024-11-07 10:06:24,VID_349017,Education,Spanish,PK,1662,1,0,0,0,-0.19,False
2024-03-10 06:16:12,VID_599663,Coding,Urdu,UK,3347,2709,199,18,10,-0.713,True
2024-06-02 01:23:25,VID_209253,Music,Urdu,BR,1242,6003,580,86,12,0.886,True
2025-01-08 01:29:17,VID_160149,Tech Reviews,English,IN,2790,12499,1001,68,24,-0.126,True
2024-04-12 21:01:37,VID_616550,Music,English,US,142,1163,54,4,3,-0.309,True
2025-10-10 14:11:01,VID_162293,Education,Spanish,US,2948,18052,734,38,80,0.166,True
2025-12-29 13:37:08,VID_829173,Tech Reviews,English,PK,980,232,22,3,0,-0.171,False
2025-12-24 19:10:00,VID_693970,Gaming,Japanese,UK,2570,5910,436,76,17,-0.049,True
2024-09-24 16:19:53,VID_273208,Coding,Hindi,BR,1341,295,7,1,0,0.806,True
2025-07-11 08:21:37,VID_748961,Gaming,Hindi,IN,301,3761,81,13,6,-0.838,False
2025-02-24 18:03:39,VID_351407,Music,Urdu,UK,2448,9885,816,159,28,0.93,True
2024-09-25 07:15:33,VID_767121,Vlogs,Spanish,IN,1794,1130,54,4,5,-0.697,False
2024-07-03 22:43:14,VID_912979,Gaming,English,BR,1044,905,24,1,1,0.449,True
2025-08-22 22:15:47,VID_752363,Music,English,UK,1400,5791,207,13,20,-0.771,False
2025-11-08 18:55:56,VID_199914,Education,English,IN,2258,2512,232,26,6,0.806,True
2025-01-02 10:08:22,VID_584612,Tech Reviews,English,BR,512,5408,401,79,21,0.109,True
2024-02-23 18:50:46,VID_953652,Vlogs,Urdu,US,569,12446,1123,158,45,0.576,True
2025-10-02 05:29:46,VID_200769,Gaming,Japanese,PK,740,48802,3804,306,186,0.571,True
2024-05-10 12:39:48,VID_498227,Tech Reviews,Hindi,UK,1769,1294,116,16,1,0.482,False
2024-10-03 03:51:37,VID_461603,Coding,Hindi,IN,2177,15932,594,82,31,0.527,True
2024-12-31 02:12:51,VID_884019,Tech Reviews,Hindi,IN,2301,1423,127,17,5,0.84,True
2024-11-04 19:26:29,VID_758421,Tech Reviews,Hindi,UK,375,14301,395,40,64,-0.522,False
2025-03-27 08:04:13,VID_173483,Gaming,Spanish,BR,2148,1616,118,11,2,0.336,True
2024-05-12 09:21:04,VID_832050,Vlogs,Urdu,IN,817,8910,497,80,17,0.166,True
2025-03-29 15:05:45,VID_250481,Music,Hindi,BR,3407,10537,717,41,32,0.456,False
2024-06-15 22:17:32,VID_498576,Vlogs,English,IN,3247,9055,596,101,33,0.043,True
2024-12-20 10:24:37,VID_492735,Vlogs,English,BR,1810,450,35,4,0,0.863,False
2025-09-26 00:20:52,VID_981325,Tech Reviews,Urdu,IN,314,9552,538,82,25,-0.826,True
2025-11-13 22:50:36,VID_423053,Vlogs,Hindi,UK,1224,40178,3029,304,162,-0.163,True
2025-08-24 21:42:46,VID_726862,Vlogs,Urdu,US,458,1221,73,9,3,-0.58,True
2024-12-18 15:56:53,VID_115179,Vlogs,Urdu,PK,3460,15383,1293,87,56,0.58,True
2024-02-22 12:41:56,VID_215818,Gaming,English,US,1289,417,29,1,0,-0.702,True
2024-08-03 01:30:00,VID_387985,Tech Reviews,Spanish,BR,862,10113,860,169,39,-0.994,True
2024-04-29 21:05:52,VID_638867,Coding,Japanese,UK,2118,18831,807,148,69,0.163,True
2025-11-04 15:54:28,VID_913337,Tech Reviews,Japanese,BR,135,25577,1054,157,122,0.942,False
2025-08-11 18:49:12,VID_661799,Music,Urdu,IN,2300,25804,1179,171,100,0.389,True
2024-05-21 02:18:10,VID_691104,Gaming,Japanese,IN,1810,11829,938,100,24,-0.592,True
2025-12-14 14:01:34,VID_813490,Vlogs,English,UK,546,20103,1142,137,37,0.903,True
2025-02-08 08:43:50,VID_634606,Tech Reviews,Spanish,PK,1504,6722,397,45,30,0.519,True
2025-01-16 18:07:32,VID_816558,Education,Spanish,US,2025,6570,142,24,8,0.216,True
2025-06-22 07:27:34,VID_172710,Vlogs,Hindi,UK,2572,6256,98,12,30,0.227,True
2025-02-08 01:09:05,VID_342552,Coding,Hindi,UK,3280,1616,43,2,5,0.04,True
2024-06-22 05:10:05,VID_689987,Gaming,English,PK,1347,3814,322,55,4,0.459,True
2024-11-22 09:19:35,VID_623323,Vlogs,Japanese,PK,1460,30947,1311,75,51,0.498,True
2024-09-02 10:58:11,VID_442297,Gaming,Urdu,US,2907,19225,1676,264,73,0.022,False
2024-05-10 11:41:36,VID_220733,Coding,Japanese,UK,3492,26956,438,43,76,0.695,True
2024-10-19 14:08:38,VID_614917,Coding,Japanese,US,2421,4700,427,45,21,-0.937,True
2025-07-15 01:56:07,VID_194014,Gaming,Hindi,IN,2238,5497,412,51,19,-0.122,True
2024-06-25 21:05:01,VID_488428,Vlogs,Urdu,IN,1196,3119,206,14,3,-0.56,True
2025-07-28 22:09:24,VID_340334,Education,Japanese,PK,357,11700,1064,133,33,0.342,True
2024-09-22 03:41:49,VID_769994,Coding,Hindi,UK,2847,1548,152,18,6,-0.921,True
2025-02-11 03:15:29,VID_570140,Tech Reviews,Spanish,US,2007,7406,412,48,29,-0.699,False
2024-01-24 10:38:22,VID_951589,Coding,Hindi,BR,1297,6345,290,47,14,-0.934,True
2025-09-04 14:08:20,VID_667006,Music,Urdu,UK,2256,16855,662,72,65,-0.008,False
2025-10-31 15:47:25,VID_881468,Tech Reviews,Hindi,PK,343,3361,43,3,6,-0.932,True
2025-10-15 04:53:04,VID_536100,Education,Japanese,US,961,1489,40,3,4,0.506,True
2024-07-18 02:59:23,VID_791045,Vlogs,Hindi,PK,2255,2778,145,23,2,-0.023,True
2024-04-28 23:51:17,VID_436367,Gaming,Spanish,PK,2756,7281,402,37,31,0.382,True
2025-04-17 16:07:35,VID_143696,Education,Urdu,IN,2206,222,21,1,0,0.887,True
2024-06-12 05:51:18,VID_747826,Tech Reviews,Urdu,US,666,12326,440,22,34,0.247,False
2025-06-16 20:43:17,VID_219000,Music,Japanese,BR,3234,570,35,5,1,-0.597,False
2025-04-09 06:16:46,VID_975434,Tech Reviews,Spanish,UK,566,20460,525,71,39,0.003,True
2024-02-05 03:26:55,VID_955157,Music,Hindi,US,1176,16849,1446,90,46,-0.003,True
2024-04-23 11:22:39,VID_747896,Vlogs,Hindi,BR,1708,5870,568,84,27,0.001,False
2025-12-30 07:44:14,VID_543791,Education,Urdu,US,1757,1902,66,4,6,-0.103,True
2024-12-22 14:49:21,VID_922142,Coding,Spanish,BR,1530,7040,695,123,14,-0.58,True
2025-09-24 01:55:08,VID_981203,Coding,English,PK,863,17449,1302,206,58,-0.564,True
2024-11-04 13:14:46,VID_219550,Tech Reviews,Urdu,UK,1983,3714,281,26,17,-0.536,True
2024-09-06 16:29:57,VID_965213,Vlogs,English,IN,2345,1372,132,11,2,-0.394,True
2024-07-27 03:38:33,VID_805900,Coding,Hindi,UK,2450,9183,122,22,45,0.703,True
2025-09-23 19:20:23,VID_800489,Vlogs,English,BR,524,19513,611,98,83,0.184,True
2025-06-15 07:17:37,VID_966537,Vlogs,English,IN,1884,4890,361,71,9,0.275,True
2024-05-24 09:14:49,VID_252380,Gaming,Japanese,IN,3309,566,37,4,1,0.495,False
2025-03-09 04:55:23,VID_821847,Tech Reviews,Urdu,IN,270,8543,130,13,27,-0.825,True
2025-05-01 04:21:08,VID_916845,Coding,Spanish,BR,1644,9019,333,60,17,0.775,False
2024-07-07 13:34:59,VID_496096,Coding,Spanish,UK,613,9223,315,57,23,0.569,False
2025-03-09 04:14:30,VID_814400,Gaming,English,BR,3017,5025,222,30,18,0.732,True
2024-04-25 02:35:51,VID_304653,Music,Spanish,US,1002,6187,447,26,23,0.443,False
2025-11-28 15:40:07,VID_388847,Vlogs,English,IN,2421,1883,79,11,8,0.896,True
2025-02-27 16:26:49,VID_536268,Coding,Japanese,PK,1841,518,38,2,2,0.032,False
2024-09-14 14:34:53,VID_965716,Vlogs,Hindi,US,777,6373,164,14,8,0.789,True
2024-08-29 11:29:01,VID_315788,Tech Reviews,English,UK,2923,26744,1817,125,101,-0.54,True
2025-04-29 04:05:09,VID_304901,Gaming,Hindi,PK,377,6049,78,14,17,0.201,True
2025-05-09 18:33:24,VID_964319,Vlogs,Spanish,PK,1171,3585,41,4,8,0.144,True
2024-02-12 01:53:49,VID_522480,Vlogs,Hindi,US,236,991,26,2,3,-0.554,True
2024-10-26 20:31:29,VID_327415,Music,Urdu,PK,426,14875,447,82,50,-0.376,True
2025-08-27 23:45:38,VID_113860,Music,Japanese,US,3148,2616,193,23,10,0.746,False
2025-07-06 20:20:57,VID_718582,Coding,Japanese,PK,798,184,10,0,0,-0.726,True
2024-02-02 13:32:40,VID_289156,Gaming,Japanese,UK,1154,23828,1545,104,33,-0.666,True
2024-07-19 08:06:16,VID_344217,Gaming,Urdu,US,2800,614,15,2,1,0.421,True
2025-09-10 03:08:29,VID_227288,Coding,Spanish,PK,121,28677,2533,239,109,0.061,True
2024-11-29 06:08:45,VID_302397,Tech Reviews,Japanese,PK,348,22614,1275,173,53,-0.639,True
2024-07-13 22:06:04,VID_858040,Education,Hindi,IN,1205,144,2,0,0,-0.253,True
2025-03-14 07:33:13,VID_527227,Coding,Japanese,IN,1591,11736,752,144,50,0.82,True
2025-09-24 05:16:03,VID_674224,Gaming,Japanese,PK,3253,1724,86,5,7,-0.979,True
2025-12-16 03:42:14,VID_190299,Coding,Hindi,PK,1895,10442,737,44,24,0.018,True
2024-06-07 02:19:08,VID_157931,Tech Reviews,English,IN,1807,236,21,1,0,0.459,True
2025-09-20 09:40:44,VID_755530,Education,English,PK,1835,6056,115,16,27,-0.106,True
2025-09-28 14:05:14,VID_877277,Gaming,Hindi,BR,2189,781,47,5,2,-0.425,True
2024-10-14 16:38:10,VID_320879,Gaming,Hindi,IN,2863,10623,959,77,30,-0.874,False
2024-04-23 12:35:56,VID_133000,Gaming,English,US,287,4283,315,23,7,0.485,True
2025-09-20 06:30:50,VID_521403,Gaming,Urdu,IN,1096,2890,182,33,13,0.873,True
2024-04-25 06:07:07,VID_764366,Gaming,English,PK,2001,3367,200,19,8,-0.742,True
2024-06-30 16:37:19,VID_485779,Music,Japanese,US,2877,4844,70,13,8,0.623,True
2025-12-26 19:28:19,VID_861108,Coding,English,US,3326,13333,1204,224,53,-0.71,True
2025-11-10 15:47:48,VID_995239,Music,Japanese,UK,1353,1190,55,9,5,0.081,True
2025-03-17 10:34:22,VID_571916,Vlogs,Urdu,IN,1924,36786,1704,211,116,0.861,True
2025-08-25 06:07:02,VID_287311,Coding,Japanese,US,3347,787,26,2,2,-0.546,True
2025-12-09 20:22:55,VID_763050,Education,Japanese,UK,2239,3863,88,9,11,0.318,True
2025-03-19 22:42:49,VID_902496,Coding,English,US,982,6023,346,66,27,-0.138,True
2025-05-09 12:38:15,VID_887229,Music,Hindi,UK,3105,2284,166,28,8,-0.171,True
2024-10-24 14:27:23,VID_855975,Coding,Spanish,PK,1546,25449,1916,148,56,0.499,True
2024-02-04 13:13:21,VID_604529,Gaming,Spanish,PK,2390,331,23,3,1,-0.563,True
2025-01-25 22:50:08,VID_655787,Education,English,US,516,16155,1261,100,74,-0.312,True
2024-05-19 14:32:44,VID_340386,Education,Japanese,BR,2818,30090,900,67,97,-0.905,True
2024-04-30 14:45:42,VID_982277,Tech Reviews,Japanese,UK,65,4820,404,41,5,-0.834,False
2025-02-03 18:10:35,VID_904441,Gaming,Spanish,US,2351,24021,1975,119,90,-0.496,True
2025-09-18 14:13:18,VID_854466,Tech Reviews,Urdu,BR,521,3223,137,18,3,0.641,True
2024-11-16 19:52:30,VID_799386,Gaming,Japanese,IN,2194,2266,132,19,3,-0.005,True
2024-01-10 02:53:59,VID_866623,Education,Urdu,UK,3503,2292,208,37,5,0.263,True
2024-11-28 14:54:11,VID_389798,Coding,Japanese,BR,2082,45780,4256,661,95,-0.918,False
2024-05-13 15:30:27,VID_839822,Vlogs,English,PK,1856,6707,186,15,12,0.035,True
2025-02-19 01:14:34,VID_838557,Tech Reviews,Urdu,IN,1052,1189,84,10,3,0.073,True
2024-06-04 01:05:07,VID_565576,Coding,Urdu,UK,2498,300,17,2,0,0.804,False
2024-01-15 02:14:38,VID_113983,Music,Urdu,PK,412,2483,139,25,10,-0.002,True
2024-04-17 07:04:10,VID_121004,Education,Hindi,UK,662,47461,2145,395,89,-0.504,True
2024-11-15 03:16:55,VID_780988,Music,Hindi,BR,1582,8093,289,15,37,-0.493,True
2024-01-08 20:56:42,VID_858591,Vlogs,Spanish,BR,3094,9661,559,79,12,0.199,True
2024-12-13 12:24:01,VID_973084,Gaming,Spanish,BR,374,6838,324,37,9,-0.566,False
2024-05-25 09:24:26,VID_589509,Vlogs,Urdu,BR,1100,1053,66,8,4,-0.436,True
2024-02-21 07:22:57,VID_570026,Coding,Hindi,BR,242,17597,487,78,53,-0.123,True
2024-03-14 20:45:25,VID_491730,Music,Urdu,BR,424,5077,165,20,15,0.043,False
2025-10-06 15:36:43,VID_565982,Gaming,Hindi,IN,3246,189,10,0,0,0.746,True
2024-10-19 09:49:38,VID_971565,Gaming,Spanish,IN,3514,10065,601,58,37,-0.771,True
2024-08-02 13:02:11,VID_587611,Music,Hindi,UK,3231,4209,69,4,12,0.381,True
2024-09-19 12:13:35,VID_178801,Vlogs,Hindi,PK,2546,9551,772,133,41,-0.96,True
2025-12-03 21:43:39,VID_557077,Vlogs,Urdu,PK,3388,1368,117,15,6,0.471,True
2024-12-28 12:31:23,VID_546966,Gaming,English,UK,570,18184,1157,79,89,0.594,True
2025-07-22 03:26:59,VID_899180,Vlogs,English,PK,3022,5666,490,53,7,-0.18,True
2024-12-17 13:18:36,VID_878444,Music,Hindi,UK,2049,9370,138,25,33,0.209,False
2024-08-11 15:11:48,VID_903031,Education,Hindi,BR,3533,3887,139,16,7,-0.535,True
2024-10-14 23:36:16,VID_814126,Coding,English,PK,353,34401,1766,102,64,-0.445,True
2024-04-11 02:15:47,VID_623145,Vlogs,Hindi,UK,2591,4988,102,6,24,0.007,True
2025-09-29 16:01:18,VID_845968,Vlogs,Hindi,US,145,1503,90,12,6,-0.264,False
2024-03-28 04:04:42,VID_176222,Vlogs,Urdu,UK,3241,17154,533,56,73,0.444,True
2024-05-03 12:10:10,VID_499600,Tech Reviews,Japanese,US,432,10356,400,51,50,-0.055,True
2024-07-07 08:01:24,VID_982339,Tech Reviews,English,US,812,2953,237,46,6,-0.023,True
2025-07-04 12:44:58,VID_172188,Education,Spanish,UK,2361,940,76,12,3,0.509,True
2025-10-16 12:45:39,VID_556560,Education,Spanish,PK,1318,22248,1285,68,28,0.062,True
2024-02-23 13:19:34,VID_708889,Education,Japanese,US,3468,8745,697,39,38,0.859,False
2024-12-25 03:02:18,VID_923206,Coding,Hindi,US,2985,9296,543,64,16,-0.152,True
2025-06-13 21:12:58,VID_568794,Education,English,BR,1098,2728,196,38,6,0.352,True
2025-02-13 00:35:36,VID_289077,Tech Reviews,English,IN,1956,1019,90,15,1,-0.344,True
2025-07-18 03:14:49,VID_564173,Vlogs,English,IN,2730,10692,992,158,22,0.842,True
2024-01-04 01:35:53,VID_148752,Vlogs,Hindi,BR,2410,2929,205,26,6,0.939,True
2025-06-19 23:32:48,VID_393599,Coding,English,BR,952,6485,629,58,10,0.382,False
2024-09-28 14:58:13,VID_141188,Music,Spanish,US,1987,4810,247,30,16,0.382,False
2024-04-18 04:36:50,VID_768820,Education,Hindi,US,1306,10662,353,30,32,-0.916,True
2024-09-28 22:41:16,VID_468519,Gaming,Spanish,PK,122,567,37,7,2,-0.372,True
2025-07-26 07:23:16,VID_444987,Tech Reviews,English,PK,1406,1132,46,7,3,-0.551,True
2025-10-05 14:38:12,VID_858600,Gaming,Urdu,PK,2398,561,48,9,2,0.72,True
2025-06-26 05:54:40,VID_889902,Music,Japanese,US,2256,1725,44,7,4,-0.119,True
2024-03-23 18:55:00,VID_336400,Music,English,UK,282,31844,351,47,110,0.01,True
2025-07-16 11:09:35,VID_238118,Gaming,Spanish,PK,1245,13455,562,42,32,0.146,True
2025-04-24 16:51:27,VID_486645,Coding,Spanish,UK,1076,6858,240,42,14,-0.068,True
2024-03-23 17:48:19,VID_239960,Coding,English,US,2042,844,21,2,3,0.876,True
2025-12-03 03:31:58,VID_976443,Education,Japanese,US,1236,4594,455,56,9,-0.069,True
2025-11-19 23:00:57,VID_332216,Vlogs,Japanese,BR,2205,1065,101,19,5,-0.214,False
2025-08-30 12:23:35,VID_325478,Music,English,IN,2764,4281,327,19,18,0.307,False
2024-07-19 05:22:34,VID_885380,Music,Urdu,US,1689,19073,468,48,88,0.215,True
2025-01-21 23:24:38,VID_174705,Music,Japanese,BR,1822,23485,2308,224,109,0.944,False
2024-01-07 01:09:33,VID_757955,Coding,Urdu,PK,2224,15926,738,82,59,-0.629,True
2025-10-07 22:26:42,VID_630188,Gaming,Japanese,BR,1835,9264,434,52,28,0.365,True
2024-04-20 13:42:35,VID_385194,Gaming,Urdu,US,952,12797,554,76,35,0.319,False
2025-01-08 06:05:45,VID_169856,Music,Urdu,UK,645,8425,432,35,34,-0.431,True
2024-11-20 21:33:06,VID_531742,Music,Spanish,UK,1700,2770,66,8,2,-0.146,False
2024-01-14 15:50:37,VID_946546,Music,Hindi,PK,1141,1759,75,9,6,-0.451,True
2025-07-11 14:31:46,VID_422849,Coding,Spanish,UK,1098,691,42,6,2,0.563,True
2024-12-07 17:09:35,VID_434449,Coding,Spanish,BR,2194,1812,154,25,7,0.495,False
2025-06-17 02:43:11,VID_485092,Gaming,Spanish,US,2324,2831,113,7,13,0.056,True
2025-05-02 23:05:30,VID_782089,Coding,English,IN,3102,3815,131,21,10,-0.298,True
2024-02-15 11:01:07,VID_153131,Tech Reviews,Urdu,BR,812,10494,373,35,11,-0.67,True
2025-04-13 21:04:10,VID_565848,Education,Urdu,US,1458,3818,79,15,9,0.877,True
2024-01-18 21:38:40,VID_273212,Tech Reviews,Urdu,US,1437,2724,190,17,6,0.458,True
2025-04-04 03:08:36,VID_898114,Coding,Japanese,PK,2844,44882,3763,472,209,-0.836,True
2025-09-29 15:19:43,VID_844130,Gaming,English,UK,962,8796,385,53,18,0.301,False
2024-01-23 16:03:10,VID_448859,Vlogs,Urdu,PK,737,16661,1614,208,54,-0.513,True
2025-08-09 16:25:19,VID_965238,Music,Hindi,US,2668,6273,262,20,27,0.777,True
2024-02-03 06:21:34,VID_177737,Coding,Spanish,IN,3101,16356,599,102,31,0.917,True
2025-01-23 18:45:24,VID_217173,Tech Reviews,Japanese,UK,1205,5451,311,23,26,-0.13,True
2024-05-24 22:04:49,VID_914064,Vlogs,Urdu,IN,1889,15036,1466,193,67,0.345,True
2024-09-02 08:52:30,VID_764098,Vlogs,Spanish,US,2615,3241,39,2,4,0.639,True
2025-09-08 13:36:35,VID_131194,Tech Reviews,English,UK,1140,5359,490,60,26,-0.173,True
2025-07-14 19:51:18,VID_409841,Education,English,BR,541,6180,200,30,11,0.974,True
2024-05-13 19:23:54,VID_442499,Tech Reviews,Hindi,UK,3553,8292,451,67,9,-0.913,True
2024-11-18 20:04:12,VID_429073,Music,Urdu,US,341,1498,95,16,2,0.285,True
2025-12-22 18:59:37,VID_963440,Education,Spanish,PK,591,3654,300,43,12,-0.056,True
2025-05-31 03:17:02,VID_371283,Education,Hindi,IN,3599,20517,349,67,70,0.319,True
2025-11-18 23:14:37,VID_897197,Music,Japanese,BR,316,9597,639,114,32,-0.428,True
2025-06-07 03:16:29,VID_436901,Education,Spanish,IN,1310,2225,185,21,6,-0.35,True
2025-09-05 22:10:22,VID_801621,Education,English,BR,1322,15560,1432,177,49,0.2,False
2025-12-16 23:33:03,VID_800707,Education,Japanese,UK,1985,20545,1185,236,52,-0.108,False
2024-03-09 05:45:16,VID_649383,Music,Hindi,BR,2491,7882,500,65,19,0.188,True
2025-06-27 04:52:29,VID_186652,Music,Spanish,US,3040,4717,223,41,20,0.645,False
2024-01-31 04:46:02,VID_445070,Tech Reviews,Hindi,PK,1620,15172,728,142,66,0.181,True
2024-11-08 01:36:08,VID_456303,Music,Hindi,BR,1769,23227,1551,126,35,-0.889,False
2024-09-24 14:54:16,VID_414289,Vlogs,Urdu,IN,1599,32044,2278,190,59,-0.664,True
2024-06-08 09:43:23,VID_564137,Coding,Japanese,UK,2530,3981,350,54,9,-0.78,True
2024-07-20 17:30:43,VID_934071,Coding,Spanish,UK,2788,1733,43,8,6,-0.8,True
2024-12-10 13:55:07,VID_325188,Tech Reviews,Urdu,BR,1375,11811,813,93,25,0.109,False
2025-05-28 05:38:15,VID_824649,Tech Reviews,Spanish,US,313,8884,756,136,42,0.714,True
2025-07-24 04:25:51,VID_167304,Coding,English,PK,2077,12537,191,13,37,0.24,True
2025-05-21 08:53:45,VID_574243,Tech Reviews,Urdu,UK,1387,13954,1299,78,63,0.248,True
2025-04-14 00:12:21,VID_386378,Tech Reviews,Urdu,UK,554,27803,799,126,101,-0.285,True
2024-09-01 08:04:12,VID_591055,Coding,English,IN,2086,5409,154,10,13,0.95,True
2024-12-09 05:32:04,VID_494511,Vlogs,Urdu,US,2194,2110,139,21,4,-0.041,True
2025-01-29 23:20:08,VID_509364,Gaming,Hindi,PK,3074,35809,2875,541,84,-0.918,False
2024-03-07 08:12:19,VID_994466,Gaming,Spanish,US,1892,22216,909,139,98,-0.864,True
2025-10-12 11:27:38,VID_422668,Vlogs,Spanish,IN,243,8798,500,30,41,-0.278,True
2024-10-15 16:52:09,VID_784362,Tech Reviews,English,IN,605,21682,2033,185,81,-0.46,True
2024-08-15 03:04:20,VID_823184,Education,Japanese,PK,1355,8974,341,64,24,-0.177,True
2024-02-22 05:44:28,VID_240494,Education,Hindi,BR,2319,4726,299,46,8,-0.758,False
2024-03-03 14:52:51,VID_731516,Education,Urdu,BR,1614,610,11,1,1,0.812,True
2024-01-14 21:19:53,VID_132419,Gaming,Urdu,US,3231,30074,2976,470,37,0.764,True
2024-11-29 08:03:35,VID_101345,Tech Reviews,Spanish,BR,3520,3791,180,35,3,-0.318,True
2024-11-17 16:57:20,VID_758565,Education,English,UK,2827,3086,263,19,11,-0.603,False
2025-03-21 10:26:07,VID_762833,Gaming,Urdu,IN,1292,3275,88,12,13,0.393,True
2025-12-17 06:20:47,VID_840670,Coding,Spanish,US,1613,9260,825,88,22,0.109,True
2024-10-26 20:27:02,VID_776045,Tech Reviews,Urdu,US,1540,30052,1916,111,65,-0.615,False
2024-12-09 11:55:44,VID_284649,Music,Urdu,UK,2242,31764,1658,189,70,0.684,True
2024-12-11 18:54:15,VID_872245,Music,Hindi,BR,2805,536,7,0,0,-0.036,True
2025-02-05 07:37:37,VID_200784,Music,Urdu,US,3087,19066,1842,198,86,-0.57,True
2025-11-10 21:27:37,VID_431967,Tech Reviews,Spanish,US,2710,19718,1607,191,49,0.855,True
2025-11-15 13:08:03,VID_249271,Education,Japanese,US,1293,2247,69,6,9,-0.215,True
2024-04-10 07:56:50,VID_974802,Education,Spanish,IN,3463,5291,455,64,7,0.609,False
2024-08-20 22:46:52,VID_876551,Gaming,Spanish,BR,1103,8367,269,34,35,-0.165,True
2025-03-14 02:55:50,VID_653978,Education,English,PK,2914,16620,880,157,43,0.865,True
2024-07-25 21:31:35,VID_217446,Coding,Japanese,UK,930,31081,2297,180,145,0.169,False
2024-06-18 14:19:47,VID_310104,Tech Reviews,Hindi,PK,959,1863,67,11,4,-0.071,False
2024-12-01 08:31:37,VID_156865,Coding,Spanish,IN,1608,4542,436,76,20,-0.989,True
2024-08-14 16:54:51,VID_837521,Vlogs,Urdu,BR,3428,1916,33,5,3,-0.091,False
2025-04-10 09:01:23,VID_852782,Gaming,Hindi,BR,378,4132,169,26,5,0.621,True
2024-03-04 08:18:24,VID_523887,Coding,Hindi,BR,3264,13693,986,107,24,-0.986,True
2024-09-09 05:16:30,VID_150598,Education,Urdu,PK,2763,13795,1337,202,56,0.113,True
2025-03-06 21:06:49,VID_529181,Gaming,Urdu,IN,403,45510,2862,305,136,-0.305,True
2024-04-10 05:43:58,VID_459310,Coding,Hindi,IN,1295,13716,660,126,23,-0.68,True
2025-05-02 18:20:57,VID_524491,Coding,Hindi,UK,1700,3596,301,51,15,0.626,False
2024-11-23 16:48:16,VID_447172,Gaming,Japanese,UK,1639,22217,1896,119,29,-0.804,True
2025-09-16 17:46:21,VID_190265,Gaming,Japanese,BR,282,7535,258,40,29,0.863,True
2024-09-14 19:54:14,VID_282975,Music,Hindi,BR,3027,8963,451,57,9,-0.645,False
2025-02-16 07:43:05,VID_616232,Vlogs,Hindi,UK,2834,33191,680,62,130,-0.766,True
2024-05-31 17:07:30,VID_444110,Music,Spanish,IN,902,1693,165,31,7,-0.331,True
2024-04-21 05:18:38,VID_442769,Gaming,Urdu,BR,140,4751,327,53,12,0.312,True
2025-01-02 04:50:06,VID_436093,Education,Hindi,BR,2993,7467,293,42,32,0.979,True
2025-02-20 08:10:38,VID_575209,Education,English,IN,1762,39157,3137,304,182,-0.032,True
2024-12-22 01:58:31,VID_766809,Coding,Japanese,IN,372,26664,2481,297,74,-0.118,True
2024-11-04 11:33:23,VID_822488,Music,English,IN,1001,23390,1222,191,32,0.372,True
2024-03-09 02:16:58,VID_164033,Tech Reviews,Hindi,IN,3495,800,43,6,1,-0.815,False
2024-04-22 23:57:49,VID_814808,Music,Japanese,US,1072,7175,543,97,18,0.234,True
2025-11-22 06:26:16,VID_240908,Tech Reviews,Urdu,UK,145,10263,666,36,44,0.601,True
2024-01-25 17:54:21,VID_196736,Education,Spanish,US,3312,936,10,1,1,0.138,True
2025-10-29 07:29:48,VID_404079,Tech Reviews,English,US,2072,64620,783,153,291,0.318,True
2024-02-15 10:49:20,VID_572728,Music,Hindi,IN,1374,747,29,5,2,-0.209,True
2025-04-18 06:12:14,VID_583553,Education,Urdu,IN,462,1954,157,25,4,0.786,True
2024-10-10 21:35:22,VID_822876,Vlogs,Urdu,UK,401,9554,628,74,9,-0.081,False
2024-03-12 01:22:59,VID_895796,Coding,Urdu,PK,1963,11475,219,20,24,0.733,True
2024-02-02 17:40:11,VID_574565,Education,English,PK,809,16530,1553,180,17,-0.866,True
2024-07-06 20:18:39,VID_403770,Education,Hindi,US,635,47439,1044,162,143,-0.562,False
2025-04-27 15:06:35,VID_417789,Education,Japanese,BR,2572,445,18,2,0,-0.546,True
2025-01-29 01:53:12,VID_954466,Vlogs,Hindi,US,2143,7792,741,61,15,0.982,True
2024-11-30 21:00:24,VID_590043,Vlogs,Spanish,BR,639,2166,88,5,4,-0.842,True
2024-08-15 01:37:14,VID_240254,Coding,Japanese,BR,381,4092,163,21,17,-0.554,True
2024-02-26 15:02:30,VID_770078,Tech Reviews,Japanese,PK,2644,418,16,2,0,-0.465,True
2025-02-16 14:18:30,VID_579810,Coding,English,UK,2673,2813,84,8,12,0.922,False
2024-09-16 20:17:03,VID_796697,Gaming,Hindi,BR,1001,3351,227,43,11,0.727,False
2025-02-05 03:50:07,VID_313455,Coding,English,US,1569,8539,800,97,26,0.573,True
2025-01-13 11:58:19,VID_933941,Coding,Urdu,BR,523,951,14,1,1,-0.288,True
2024-11-15 02:10:20,VID_743972,Gaming,Japanese,UK,3095,12834,722,110,21,0.711,False
2024-10-05 22:00:31,VID_175018,Vlogs,English,BR,2961,4702,431,62,12,0.889,True
2024-01-04 08:07:34,VID_722400,Music,Urdu,BR,1697,745,16,1,3,0.318,False
2024-03-31 22:17:02,VID_876366,Music,Spanish,UK,2116,112,11,2,0,0.209,True
2024-05-28 13:28:23,VID_526253,Education,English,BR,617,6557,627,110,32,0.296,True
2024-03-21 03:08:05,VID_304073,Gaming,English,PK,1677,21144,1671,259,26,-0.291,True
2024-11-06 16:42:23,VID_250236,Tech Reviews,Hindi,PK,3184,7241,518,43,25,0.109,True
2024-02-01 11:09:31,VID_122948,Education,Hindi,US,2802,22592,316,50,35,0.565,True
2024-09-22 23:33:46,VID_596393,Coding,Spanish,BR,271,13063,455,56,56,-0.478,True
2025-11-02 05:27:48,VID_212632,Vlogs,Urdu,US,2456,11461,851,74,23,-0.159,True
2024-06-29 19:38:01,VID_707834,Education,Urdu,US,298,4026,390,45,16,-0.447,True
2025-09-21 13:16:38,VID_668941,Vlogs,Urdu,UK,1036,8964,892,86,40,-0.48,True
2024-02-26 01:23:24,VID_476691,Vlogs,Spanish,IN,3404,617,40,2,3,-0.197,False
2025-09-30 04:47:43,VID_887525,Coding,English,IN,1037,4511,83,6,16,-0.053,True
2025-03-28 09:29:17,VID_285559,Music,Spanish,IN,102,2826,181,14,12,0.969,True
2025-08-08 01:32:28,VID_988260,Music,English,BR,1731,5656,371,72,16,0.171,True
2025-03-04 23:51:05,VID_158070,Coding,English,US,1934,173,13,1,0,-0.57,True
2024-04-05 08:07:27,VID_203722,Vlogs,Spanish,UK,649,18023,535,29,28,0.773,True
2024-08-20 03:16:09,VID_379747,Education,English,UK,1102,20548,1301,80,35,0.928,True
2025-01-06 20:30:49,VID_100296,Gaming,English,US,115,12654,731,97,45,-0.465,True
2025-12-30 06:17:32,VID_982503,Music,Japanese,BR,1123,6887,601,76,26,0.519,True
2024-12-02 16:42:47,VID_674332,Education,English,IN,1634,1549,17,2,4,-0.625,True
2025-06-19 01:18:06,VID_240264,Coding,Hindi,PK,2980,785,56,6,1,0.885,True
2025-08-03 19:49:32,VID_821112,Tech Reviews,English,UK,91,7242,192,19,11,-0.851,False
2024-03-21 15:44:06,VID_947816,Gaming,Urdu,IN,2997,975,44,4,2,0.129,False
2025-01-16 17:05:27,VID_112946,Vlogs,Japanese,PK,2521,733,40,3,1,0.652,True
2024-06-14 08:00:32,VID_825517,Music,English,PK,3218,25247,1505,265,65,-0.215,True
2025-05-07 18:34:34,VID_704389,Music,English,IN,1061,45894,2967,170,101,0.39,True
2025-11-18 19:25:47,VID_448096,Vlogs,Spanish,PK,2765,6739,438,57,30,0.83,True
2025-09-28 03:13:45,VID_658801,Gaming,English,BR,2432,3436,278,49,13,0.509,False
2024-01-10 10:09:28,VID_204127,Coding,Japanese,IN,670,13955,1191,150,68,0.2,True
2024-02-15 10:46:44,VID_578514,Music,Japanese,US,1299,6566,538,52,8,0.083,True
2025-10-30 12:47:26,VID_951065,Music,English,UK,595,5608,545,96,17,0.332,False
2025-08-06 12:13:10,VID_854077,Music,Hindi,US,3554,28054,568,37,132,0.301,True
2025-04-05 02:00:51,VID_944458,Gaming,Hindi,US,3575,1361,24,3,5,-0.532,True
2025-08-24 15:50:59,VID_187044,Tech Reviews,Spanish,US,871,4221,144,10,17,-0.736,True
2024-05-04 21:47:33,VID_635915,Education,Japanese,BR,713,465,33,4,1,-0.585,False
2025-03-25 19:53:14,VID_605895,Education,Hindi,IN,2728,2623,212,17,11,-0.353,False
2024-05-01 11:01:15,VID_184715,Tech Reviews,Hindi,PK,1010,8746,745,74,40,0.498,True
2024-02-23 02:09:42,VID_733919,Coding,Spanish,US,2014,4511,349,39,14,-0.281,True
2024-05-09 04:59:18,VID_547034,Education,Japanese,BR,2961,7663,756,59,32,-0.544,False
2024-09-23 10:28:32,VID_685121,Gaming,Spanish,UK,225,406,26,1,1,-0.31,True
2025-11-01 09:29:26,VID_833116,Coding,Japanese,BR,444,9940,398,60,22,-0.031,True
2025-09-15 04:31:21,VID_724336,Education,English,BR,2079,1410,62,12,2,-0.919,True
2025-01-18 16:17:13,VID_584782,Education,Japanese,PK,2860,25519,608,38,72,-0.837,True
2025-12-16 17:44:07,VID_559511,Vlogs,Urdu,PK,2875,14400,496,73,33,0.188,True
2024-09-06 01:39:56,VID_971897,Gaming,Japanese,UK,1289,12556,1086,191,44,-0.502,True
2024-07-04 20:29:37,VID_204732,Education,Japanese,IN,1871,3216,276,20,7,-0.195,True
2025-12-13 06:41:26,VID_946331,Tech Reviews,English,UK,2975,8975,293,57,39,-0.304,True
2025-08-16 03:24:21,VID_320556,Vlogs,English,PK,1479,22301,332,38,102,0.937,False
2024-01-11 15:55:40,VID_435423,Coding,Urdu,IN,1756,7441,314,54,31,0.981,True
2024-10-06 15:36:04,VID_454559,Vlogs,Spanish,UK,2412,2295,204,21,2,0.839,True
2024-12-24 12:25:51,VID_597245,Vlogs,Urdu,US,2024,5006,195,26,23,-0.746,False
2025-11-19 01:31:42,VID_185583,Vlogs,Hindi,BR,1578,23507,996,190,95,-0.142,False
2024-03-09 19:58:16,VID_425675,Music,Spanish,PK,2764,1375,16,2,5,0.589,True
2024-10-04 19:29:45,VID_573140,Music,English,BR,685,17577,442,73,23,0.639,True
2024-11-03 00:21:47,VID_584438,Education,English,BR,1560,13097,1267,119,60,-0.505,True
2024-05-09 06:17:03,VID_825210,Education,Hindi,BR,1853,4234,189,10,15,0.763,True
2024-04-30 22:10:00,VID_178494,Coding,English,IN,2491,16961,1347,99,30,0.306,False
2025-08-30 20:56:17,VID_702396,Gaming,Japanese,PK,1553,6587,577,108,7,-0.471,True
2025-12-21 20:01:19,VID_553801,Tech Reviews,Japanese,IN,1293,15969,1041,152,55,0.293,True
2025-04-19 06:57:51,VID_632595,Vlogs,Spanish,PK,1032,6988,459,50,30,0.37,True
2025-03-29 00:55:13,VID_293587,Tech Reviews,Japanese,IN,347,14714,696,100,71,-0.353,True
2025-12-24 04:04:40,VID_114405,Tech Reviews,English,UK,2911,21352,934,175,72,0.217,True
2025-11-04 14:50:41,VID_487253,Music,Spanish,PK,1614,6482,551,72,32,-0.063,True
2024-10-21 12:53:57,VID_146584,Music,Hindi,IN,1723,3554,236,23,3,0.97,False
2024-09-14 21:59:38,VID_815020,Education,Urdu,PK,562,92,4,0,0,0.49,False
2025-01-16 16:15:35,VID_286341,Tech Reviews,Urdu,IN,946,4701,357,49,6,-0.784,True
2024-03-17 15:20:53,VID_962979,Vlogs,English,PK,1517,3053,230,26,3,0.46,True
2025-01-05 07:57:16,VID_563801,Gaming,English,UK,3387,22242,636,105,88,-0.187,True
2024-11-16 06:03:09,VID_640860,Coding,Japanese,BR,2047,1543,85,9,6,-0.564,True
2024-03-17 12:03:22,VID_868582,Education,Japanese,BR,1381,10282,710,131,34,-0.504,True
2025-02-18 04:11:49,VID_253583,Gaming,English,US,1079,2249,151,22,9,-0.301,True
2025-09-06 21:40:10,VID_648495,Music,English,BR,373,36154,2007,287,144,0.449,False
2024-07-13 13:22:44,VID_373205,Coding,Japanese,PK,2052,21452,1221,218,92,0.853,False
2024-09-18 09:06:57,VID_173967,Music,Spanish,IN,231,4919,413,35,14,0.627,False
2024-12-05 22:08:31,VID_302220,Education,Hindi,UK,506,1449,31,2,4,0.388,True
2025-11-26 15:32:33,VID_960031,Coding,Japanese,US,517,6718,157,27,29,0.544,True
2024-05-07 22:42:27,VID_751408,Music,Hindi,UK,2128,20763,1044,121,46,0.217,True
2024-02-06 07:36:14,VID_303926,Gaming,Hindi,PK,3277,8594,354,46,15,0.127,True
2024-07-21 16:10:34,VID_924751,Education,Urdu,BR,1082,11369,641,55,41,0.965,True
2025-05-26 09:32:23,VID_442535,Vlogs,English,BR,941,44804,976,171,118,-0.307,True
2024-06-23 01:33:41,VID_579291,Tech Reviews,English,PK,1487,2549,155,16,4,-0.442,True
2025-09-28 19:36:56,VID_277070,Tech Reviews,Hindi,BR,2404,17966,856,82,51,0.704,True
2024-12-28 06:46:17,VID_929742,Gaming,Japanese,UK,565,15907,853,127,46,0.005,False
2024-04-03 07:49:10,VID_546395,Coding,Hindi,US,2982,3162,285,36,15,-0.816,True
2025-11-21 03:48:10,VID_939216,Music,English,UK,2237,1149,97,15,5,-0.315,False
2024-11-01 20:23:17,VID_824978,Gaming,Spanish,UK,3387,1351,21,1,5,0.783,True
2025-05-20 08:52:38,VID_880146,Music,Japanese,UK,1318,1915,168,8,5,-0.327,True
2025-03-20 01:16:05,VID_489827,Education,English,US,1565,34902,401,20,150,-0.484,True
2024-07-08 20:19:59,VID_412148,Tech Reviews,Hindi,US,1020,6155,180,9,19,-0.002,True
2025-01-14 12:50:00,VID_487391,Music,Urdu,BR,1983,9482,744,106,10,-0.743,False
2024-09-03 01:09:33,VID_918904,Music,Hindi,PK,2245,8535,507,89,34,-0.248,True
2025-05-11 09:08:42,VID_823112,Tech Reviews,Hindi,IN,3267,15089,802,50,20,0.21,False
2024-06-02 19:46:20,VID_570790,Education,Japanese,IN,301,18167,915,118,77,-0.843,False
2024-04-01 03:22:32,VID_545561,Gaming,Japanese,US,3275,221,21,2,0,0.953,False
2024-09-16 22:21:48,VID_874835,Gaming,Urdu,UK,718,4257,375,47,20,-0.667,True
2025-02-10 03:47:28,VID_293595,Coding,Hindi,US,711,29759,2682,393,96,-0.691,True
2025-08-09 12:46:13,VID_613902,Music,Urdu,US,2742,21933,1470,274,52,0.587,True
2025-07-16 12:47:57,VID_480028,Education,Urdu,PK,142,8976,424,67,32,-0.294,True
2025-07-10 01:20:44,VID_331368,Coding,English,UK,633,797,52,5,1,0.683,True
2025-12-07 23:10:34,VID_565460,Education,Spanish,PK,1750,2009,23,3,2,0.495,True
2025-04-02 06:29:53,VID_138114,Gaming,English,PK,977,8900,589,47,38,0.436,True
2024-04-06 04:51:14,VID_813193,Music,Urdu,US,139,10582,601,93,29,0.273,True
2024-10-04 02:09:52,VID_650840,Gaming,Urdu,US,3107,5652,349,52,21,0.855,False
2025-04-24 06:18:51,VID_650547,Vlogs,Urdu,PK,3213,526,32,4,1,-0.572,True
2024-03-12 20:19:42,VID_446125,Music,Spanish,IN,3508,16003,1002,132,51,-0.728,True
2025-10-23 02:05:56,VID_826285,Education,Japanese,BR,1522,4434,107,10,18,-0.108,True
2024-02-25 15:34:30,VID_750688,Coding,English,BR,2630,29644,855,110,91,-0.381,True
2025-07-19 15:19:49,VID_638107,Vlogs,Spanish,PK,2725,11314,1114,137,42,-0.477,True
2025-12-10 20:37:43,VID_778416,Tech Reviews,Spanish,US,1721,12133,705,77,31,0.254,True
2024-10-23 14:48:02,VID_892039,Vlogs,Spanish,BR,2544,2448,113,12,8,0.071,True
2025-02-01 17:15:19,VID_951153,Coding,Hindi,UK,1149,15859,1341,199,39,-0.969,True
2024-03-05 09:48:55,VID_600906,Gaming,Japanese,US,676,5609,481,83,13,-0.283,True
2025-04-23 03:48:21,VID_364529,Tech Reviews,English,PK,2299,12094,911,152,26,-0.057,True
2025-02-19 08:30:22,VID_174466,Vlogs,Spanish,UK,2662,8484,723,77,12,0.018,True
2024-07-15 07:06:45,VID_762959,Music,Japanese,BR,3271,12156,827,85,39,0.95,True
2025-09-20 05:01:49,VID_547466,Coding,Spanish,PK,460,8825,855,137,37,-0.759,True
2025-03-11 14:28:22,VID_339893,Gaming,Urdu,US,519,2643,139,11,4,-0.591,True
2024-11-28 01:15:13,VID_518741,Education,English,UK,119,20622,1961,208,91,0.682,False
2025-04-02 06:40:51,VID_863030,Vlogs,Japanese,IN,333,14290,963,125,47,0.703,True
2024-05-27 04:55:19,VID_350524,Tech Reviews,Hindi,US,649,2515,74,4,12,0.593,False
2025-10-17 00:04:54,VID_409129,Coding,Spanish,US,2626,4098,360,41,9,0.194,True
2025-12-28 23:37:14,VID_192831,Music,Japanese,IN,2355,31233,2940,546,49,0.339,True
2025-03-23 12:57:48,VID_720030,Gaming,Urdu,UK,2174,7105,321,21,33,0.045,True
2024-03-28 15:39:36,VID_791319,Tech Reviews,Spanish,IN,1345,9518,405,55,16,-0.021,True
2024-09-28 17:29:54,VID_349584,Coding,Hindi,UK,2857,21963,1302,152,56,-0.059,True
2025-02-27 20:02:52,VID_264097,Gaming,Spanish,PK,2180,4942,179,20,6,0.284,False
2024-01-02 02:28:56,VID_246733,Coding,Japanese,UK,3013,356,16,1,0,-0.469,True
2024-03-05 23:37:46,VID_223876,Tech Reviews,Spanish,UK,3185,8667,269,20,20,0.122,True
2024-07-12 04:19:07,VID_237323,Gaming,Spanish,BR,1517,16357,612,110,53,-0.368,True
2025-07-20 02:03:31,VID_269464,Education,Urdu,IN,173,3253,259,33,7,0.165,True
2025-10-22 20:10:26,VID_300090,Education,Urdu,IN,2706,29093,2009,291,112,0.52,False
2024-11-07 20:53:27,VID_985058,Vlogs,Hindi,US,714,39573,1049,193,155,0.006,True
2024-04-26 11:43:40,VID_985193,Education,Urdu,US,2054,5118,435,32,6,-0.799,True
2024-11-16 11:35:47,VID_234521,Vlogs,English,IN,2489,14624,428,80,19,0.313,True
2024-04-06 11:31:43,VID_845501,Coding,Hindi,PK,3297,5891,551,78,18,-0.547,False
2024-04-01 12:43:58,VID_839005,Tech Reviews,Spanish,UK,1580,18708,682,110,59,0.14,True
2024-11-19 22:50:30,VID_882702,Education,Hindi,BR,1034,7212,373,73,18,-0.931,True
2025-12-03 00:06:26,VID_332917,Vlogs,Hindi,BR,324,6679,615,49,20,-0.609,True
2025-07-01 05:41:40,VID_297179,Gaming,Japanese,US,3269,11227,887,166,31,0.847,False
2024-07-06 19:17:47,VID_282044,Music,Urdu,PK,1617,28344,2707,536,108,-0.117,True
2024-07-17 02:37:45,VID_984410,Tech Reviews,English,UK,1236,17334,1709,128,32,-0.157,True
2024-09-10 13:26:14,VID_200626,Vlogs,Spanish,PK,859,309,9,1,0,-0.24,True
2024-07-27 16:43:06,VID_959566,Education,Hindi,UK,3457,3371,235,16,8,0.547,True
2024-10-12 12:46:10,VID_937486,Coding,Urdu,US,2714,6196,224,33,30,-0.65,True
2025-11-24 20:53:25,VID_877400,Coding,English,IN,506,2985,126,19,3,0.283,True
2024-06-27 04:33:51,VID_424884,Music,Urdu,UK,2328,3240,216,21,4,-0.961,False
2025-05-28 12:59:09,VID_433316,Education,Hindi,UK,1015,4534,265,20,9,-0.547,True
2024-08-11 06:07:01,VID_866095,Coding,Japanese,PK,1688,585,33,6,1,0.924,False
2025-09-19 15:45:17,VID_382122,Education,Urdu,UK,1620,24901,1364,121,96,0.664,True
2025-01-10 11:12:49,VID_137568,Vlogs,Japanese,IN,1944,3631,116,6,7,0.779,True
2024-04-26 19:33:12,VID_553704,Gaming,English,BR,1528,22717,820,140,104,-0.03,True
2025-08-02 00:40:20,VID_812923,Vlogs,Hindi,UK,2100,3319,297,52,13,0.19,True
2024-09-25 06:54:33,VID_346395,Gaming,Spanish,UK,2338,4399,297,31,5,0.597,True
2024-02-24 06:35:42,VID_360192,Vlogs,Urdu,PK,2912,6020,165,20,23,-0.53,True
2024-04-03 07:11:32,VID_759110,Coding,Japanese,UK,2525,211,19,3,0,0.579,True
2025-11-14 19:50:11,VID_628183,Vlogs,Hindi,IN,308,9140,621,78,38,-0.277,True
2025-06-10 05:14:08,VID_678342,Education,Hindi,UK,875,5621,415,22,27,-0.741,True
2025-12-15 02:10:45,VID_166721,Music,Urdu,BR,3514,4307,134,14,6,0.145,True
2024-10-23 21:44:20,VID_243113,Music,Spanish,BR,2502,20004,765,139,30,-0.315,True
2024-11-15 04:39:57,VID_210620,Education,Hindi,UK,3132,16650,1450,186,30,0.012,True
2024-01-27 00:26:19,VID_130597,Gaming,English,UK,577,7283,209,20,26,0.334,True
2025-06-27 12:25:37,VID_238459,Tech Reviews,Hindi,UK,3296,18897,1143,124,79,-0.827,False
2024-03-07 01:51:34,VID_154248,Vlogs,Japanese,UK,2124,3849,109,18,17,0.198,True
2024-01-18 14:51:00,VID_802389,Tech Reviews,Spanish,PK,1714,14863,885,129,28,-0.099,True
2025-12-11 15:11:37,VID_243289,Tech Reviews,English,BR,2105,5946,392,27,8,0.223,False
2024-05-10 20:24:08,VID_583117,Tech Reviews,Japanese,PK,2111,3227,201,35,6,-0.282,True
2025-04-04 00:09:07,VID_753912,Tech Reviews,English,PK,1092,1642,102,12,3,0.267,True
2025-01-20 20:05:17,VID_483106,Music,Hindi,US,1985,12239,952,57,25,0.333,True
2025-08-19 04:29:18,VID_998782,Tech Reviews,Hindi,UK,951,2562,202,15,6,-0.803,True
2025-05-25 22:13:03,VID_193602,Music,Urdu,IN,3085,6073,222,18,14,-0.144,True
2024-09-01 08:25:28,VID_307047,Music,English,BR,85,1191,17,2,3,0.934,True
2024-02-18 20:34:15,VID_402693,Education,English,BR,664,1249,98,11,4,-0.466,True
2024-09-25 00:08:56,VID_633016,Gaming,Spanish,IN,112,5317,509,26,16,0.187,False
2024-03-02 23:18:22,VID_297455,Coding,Urdu,IN,2838,12376,970,100,58,-0.966,True
2024-04-24 16:30:20,VID_146289,Tech Reviews,Spanish,US,2391,95,1,0,0,-0.599,True
2024-02-24 17:53:14,VID_593000,Tech Reviews,English,PK,1666,38147,2418,205,187,0.741,False
2024-04-12 01:01:42,VID_606114,Gaming,English,IN,1910,944,61,10,3,-0.395,False
2024-09-23 10:43:33,VID_708646,Tech Reviews,English,BR,495,14473,145,11,59,-0.283,True
2024-01-22 17:02:05,VID_811421,Coding,Urdu,BR,2725,15470,1287,169,67,-0.543,False
2024-07-14 19:17:06,VID_488201,Coding,Japanese,PK,649,3137,248,26,7,-0.291,True
2025-08-12 07:13:49,VID_820670,Vlogs,English,IN,2751,352,8,0,1,0.378,False
2024-04-26 00:27:31,VID_283350,Vlogs,Hindi,US,3277,18315,1826,275,27,0.879,True
2025-09-23 18:11:05,VID_765837,Vlogs,Hindi,UK,2501,12688,326,39,37,0.424,False
2025-02-05 00:04:09,VID_778388,Music,English,UK,2447,27195,466,61,116,-0.581,True
2025-06-02 07:06:34,VID_143787,Education,Hindi,BR,3193,2667,141,23,5,-0.631,False
2024-07-31 07:44:08,VID_271575,Education,Hindi,PK,1488,13333,502,28,54,0.105,True
2024-11-22 00:24:05,VID_223236,Education,Spanish,UK,787,8854,684,101,13,-0.096,True
2024-06-22 14:36:02,VID_191104,Tech Reviews,Urdu,UK,1327,10911,547,60,40,0.748,False
2025-07-20 12:37:26,VID_465179,Coding,Urdu,UK,413,546,13,2,1,0.161,True
2025-01-10 00:33:11,VID_666578,Music,Hindi,PK,1792,9154,621,58,18,-0.908,False
2025-07-09 19:44:51,VID_840437,Tech Reviews,Japanese,PK,1899,3095,174,19,3,-0.552,False
2025-04-25 12:44:48,VID_208571,Coding,Hindi,PK,3459,4093,241,40,6,-0.436,True
2025-02-06 18:51:51,VID_298139,Tech Reviews,Urdu,BR,1324,37428,1269,232,147,-0.305,True
2024-10-16 18:04:22,VID_401554,Education,Spanish,IN,1810,3519,130,18,8,-0.874,True
2024-04-29 08:37:18,VID_561178,Vlogs,Urdu,BR,2583,469,9,1,1,0.619,True
2024-12-08 13:50:19,VID_391935,Vlogs,Hindi,UK,3594,1841,99,11,6,-0.916,True
2024-10-18 11:51:55,VID_565188,Gaming,Japanese,UK,2196,36,1,0,0,-0.685,True
2025-03-02 01:40:19,VID_915524,Vlogs,Urdu,PK,1944,5218,236,42,13,0.584,True
2024-07-28 11:09:10,VID_756647,Tech Reviews,Japanese,US,3533,21035,1723,124,59,-0.727,True
2025-05-19 07:37:39,VID_289591,Coding,English,BR,3346,7407,734,116,21,0.741,True
2025-05-06 18:37:18,VID_536031,Vlogs,Hindi,PK,132,4031,398,28,19,0.872,True
2024-07-01 02:17:54,VID_678281,Coding,Spanish,PK,3461,4597,171,14,10,0.956,True
2024-03-15 19:50:41,VID_473776,Vlogs,English,BR,2861,11930,1036,145,34,0.611,True
2025-10-04 14:15:49,VID_105118,Education,Japanese,BR,1482,4377,266,45,15,0.701,True
2025-03-14 03:33:26,VID_573745,Vlogs,Urdu,US,2230,18150,820,96,80,-0.731,True
2025-10-26 13:31:14,VID_915515,Gaming,Urdu,IN,1867,3127,69,9,4,0.698,True
2025-06-19 20:31:01,VID_998738,Vlogs,Hindi,PK,2446,4819,80,12,20,0.498,True
2025-11-27 16:48:31,VID_840117,Tech Reviews,Spanish,UK,3314,3547,263,39,3,0.099,True
2024-09-05 01:06:33,VID_367196,Gaming,English,PK,1715,1481,108,17,4,-0.605,True
2025-03-26 00:01:27,VID_985228,Gaming,Urdu,UK,1266,11016,936,64,49,-0.851,True
2025-05-31 06:47:01,VID_594038,Vlogs,Japanese,PK,1252,155,11,2,0,0.664,True
2025-02-23 10:36:39,VID_723878,Coding,Japanese,IN,3334,22474,2183,225,92,-0.076,True
2025-04-22 20:00:21,VID_718509,Music,English,US,918,3488,257,20,15,0.659,True
2024-03-01 01:52:18,VID_292070,Music,Urdu,UK,1130,4352,174,10,20,-0.772,True
2024-10-21 19:14:20,VID_808312,Education,Japanese,UK,2177,16449,447,28,28,0.826,True
2025-09-09 07:42:40,VID_625090,Gaming,Hindi,BR,2154,21016,655,72,79,0.606,True
2024-12-19 21:47:05,VID_269699,Music,Urdu,BR,2358,12227,917,70,16,-0.573,True
2025-10-16 10:03:42,VID_164711,Music,Hindi,PK,2767,4945,106,12,10,-0.348,True
2024-02-23 20:33:28,VID_275065,Coding,Spanish,BR,553,31138,1253,221,146,-0.438,True
2025-08-09 10:57:39,VID_790383,Vlogs,Spanish,PK,1816,624,26,3,0,0.026,False
2024-03-07 10:13:41,VID_762754,Vlogs,Hindi,IN,2033,14488,406,37,43,0.886,True
2025-05-06 11:13:37,VID_482131,Music,Urdu,PK,2288,3173,188,16,4,0.573,True
2025-03-03 14:27:59,VID_808553,Education,English,IN,3517,698,23,2,1,0.879,False
2024-11-22 15:09:54,VID_665372,Vlogs,Urdu,US,1433,10814,1081,64,47,0.343,True
2025-06-12 13:53:43,VID_400450,Gaming,Spanish,PK,732,1255,77,10,1,-0.333,True
2025-04-02 17:08:31,VID_556506,Gaming,Hindi,BR,2423,9582,328,60,45,-0.052,True
2025-05-14 13:04:48,VID_936517,Gaming,Japanese,UK,2949,13210,1105,208,54,-0.859,True
2024-03-04 02:12:17,VID_547288,Gaming,Hindi,BR,1951,33,0,0,0,0.617,True
2024-12-13 01:21:04,VID_865856,Gaming,Japanese,US,2287,2820,109,9,9,-0.645,False
2024-08-26 10:23:19,VID_338053,Music,English,UK,465,34914,2139,333,45,0.08,False
2025-05-04 18:53:35,VID_171497,Gaming,English,UK,2315,571,14,0,1,0.813,True
2024-04-12 12:41:18,VID_786362,Tech Reviews,Spanish,BR,1838,889,80,12,2,-0.68,True
2024-01-21 03:48:18,VID_185495,Gaming,Spanish,IN,1107,12378,153,19,40,-0.409,True
2025-01-23 10:53:27,VID_384082,Coding,Japanese,US,754,6749,610,72,28,0.892,True
2025-02-02 16:25:56,VID_175733,Vlogs,English,IN,1629,4889,434,22,10,-0.401,True
2025-08-14 20:37:21,VID_309985,Coding,Japanese,IN,2057,33807,1662,135,99,-0.554,True
2025-01-07 19:43:46,VID_668255,Coding,Japanese,PK,1301,7090,153,26,24,0.462,False
2025-06-04 15:53:56,VID_287162,Tech Reviews,English,PK,3295,2417,168,20,2,0.433,True
2024-07-10 13:19:52,VID_467839,Tech Reviews,Japanese,PK,3512,27096,987,76,123,0.934,False
2025-07-26 06:46:04,VID_580654,Education,Urdu,US,2541,8029,123,14,11,0.622,True
2024-01-06 13:31:02,VID_755448,Education,English,US,103,3967,235,32,6,0.003,True
2025-06-14 17:17:26,VID_141374,Music,Urdu,BR,1177,1725,74,11,4,-0.573,True
2024-12-05 22:20:55,VID_831694,Education,Urdu,UK,2738,611,11,0,2,-0.777,False
2025-01-27 01:20:38,VID_878620,Tech Reviews,Japanese,UK,985,7473,707,65,25,-0.883,True
2025-04-27 18:08:04,VID_518440,Education,Hindi,IN,3564,854,47,3,1,-0.04,True
2025-10-08 19:05:00,VID_500151,Tech Reviews,Hindi,PK,2848,22377,1152,191,69,-0.805,True
2024-06-29 21:19:38,VID_561314,Education,Spanish,BR,2991,26597,1456,224,84,0.64,True
2024-09-28 02:21:15,VID_279389,Vlogs,English,PK,1832,4934,372,61,10,-0.054,True
2024-01-01 21:45:57,VID_230585,Music,Urdu,UK,1556,16061,1345,186,49,0.383,True
2024-08-03 16:13:56,VID_841355,Education,Spanish,BR,1020,32110,3073,573,75,0.349,True
2025-10-27 11:32:18,VID_235624,Coding,Urdu,IN,730,5548,226,12,9,0.369,True
2025-08-31 08:44:53,VID_596405,Gaming,English,BR,1820,2168,211,26,2,-0.63,True
2025-03-20 18:04:17,VID_427981,Tech Reviews,English,PK,1297,5518,499,82,19,-0.348,True
2024-11-17 17:15:28,VID_686708,Tech Reviews,Japanese,PK,2153,37460,531,62,145,0.903,True
2025-09-22 23:31:55,VID_993772,Vlogs,Spanish,US,3062,25364,2509,343,98,-0.477,False
2025-01-29 02:09:14,VID_917114,Gaming,Urdu,BR,1439,8521,295,53,12,0.779,True
2024-11-30 04:51:05,VID_322937,Coding,Spanish,IN,2051,6636,545,104,16,0.66,False
2025-05-23 19:58:52,VID_637029,Tech Reviews,Spanish,UK,2055,33217,816,66,143,-0.693,True
2025-01-20 17:07:53,VID_503499,Music,Urdu,BR,1709,18093,1314,125,75,-0.282,True
2025-02-15 04:42:24,VID_906805,Gaming,Spanish,PK,3188,6693,460,56,31,0.908,True
2025-10-21 05:08:34,VID_496866,Gaming,Spanish,IN,3043,18295,1803,267,46,-0.83,True
2024-09-18 08:46:17,VID_568177,Gaming,Urdu,US,99,1606,84,11,4,-0.145,True
2024-11-15 02:36:21,VID_126361,Tech Reviews,Spanish,US,3040,2750,172,21,8,-0.716,True
2025-05-14 15:24:58,VID_904434,Gaming,Urdu,UK,2719,2645,160,28,11,-0.059,True
2024-12-03 00:12:30,VID_506667,Gaming,English,US,1305,4803,175,24,21,0.057,False
2025-11-10 09:21:40,VID_373230,Gaming,Urdu,UK,2633,13275,206,33,21,-0.285,True
2024-10-21 03:01:08,VID_376411,Vlogs,Spanish,US,2241,1452,60,10,6,-0.175,True
2025-07-28 23:46:39,VID_679080,Coding,Hindi,PK,2162,1754,134,23,5,-0.533,True
2024-06-19 11:08:20,VID_820544,Education,Spanish,IN,791,30499,767,93,93,-0.471,False
2025-03-29 10:26:13,VID_465328,Gaming,Hindi,UK,2707,21696,874,142,84,0.907,True
2025-03-13 08:42:38,VID_827391,Coding,Japanese,IN,2213,2387,156,24,2,0.548,False
2025-06-14 21:32:08,VID_807109,Coding,Japanese,UK,258,2433,41,7,5,0.326,True
2025-02-21 13:25:00,VID_965816,Education,Japanese,IN,382,1923,118,10,5,-0.686,True
2025-07-01 20:48:44,VID_711334,Music,Japanese,BR,191,19560,619,117,35,0.284,True
2025-11-04 04:17:12,VID_541712,Vlogs,Spanish,PK,2637,5414,330,29,18,-0.19,True
2024-01-08 19:04:12,VID_116175,Tech Reviews,Spanish,IN,1545,23377,894,152,44,0.072,True
2024-12-21 02:41:21,VID_210857,Education,English,PK,3357,1831,34,2,7,-0.376,True
2024-01-05 10:26:33,VID_975253,Gaming,Urdu,BR,3014,1314,31,4,1,0.879,True
2024-08-27 15:56:48,VID_115970,Education,Spanish,US,169,1200,37,2,4,-0.835,True
2025-10-27 00:41:29,VID_105113,Gaming,English,US,2378,1800,63,4,7,-0.03,False
2025-08-18 22:59:06,VID_508617,Coding,Urdu,US,130,16493,580,107,81,0.14,False
2025-12-10 02:09:48,VID_579041,Music,Japanese,PK,275,4687,461,50,5,0.569,True
2024-03-25 04:40:34,VID_276895,Tech Reviews,English,BR,2992,25717,1062,126,111,0.3,True
2025-10-30 22:36:13,VID_812428,Gaming,Japanese,IN,3040,18842,201,24,40,0.412,True
2025-03-14 02:28:28,VID_981852,Coding,Japanese,IN,213,1640,35,5,5,-0.702,True
2025-06-19 23:34:35,VID_930063,Education,English,IN,1650,1816,21,4,3,-0.778,False
2025-01-20 18:33:30,VID_238914,Education,Urdu,US,1184,3598,249,17,5,-0.459,False
2025-04-14 16:20:54,VID_627046,Education,Urdu,US,2784,10385,342,29,29,-0.717,True
2024-05-24 09:27:08,VID_659489,Vlogs,Japanese,PK,1472,28072,1625,84,78,-0.025,True
2025-07-03 00:20:42,VID_584463,Gaming,Spanish,UK,1687,16356,197,10,62,-0.377,True
2024-11-06 12:44:23,VID_905628,Music,Urdu,PK,3333,2101,202,12,9,0.645,True
2025-03-07 23:55:34,VID_847693,Gaming,Japanese,US,2229,2016,99,11,4,0.553,True
2025-07-08 02:56:56,VID_669913,Coding,Hindi,IN,761,12397,808,124,47,0.971,True
2025-01-07 09:12:15,VID_977987,Gaming,Spanish,US,2008,6828,179,21,10,-0.817,True
2024-12-16 19:18:50,VID_156713,Gaming,Japanese,PK,2396,1084,52,4,5,0.411,False
2024-08-19 19:47:36,VID_766505,Vlogs,Hindi,IN,817,6603,320,61,7,0.284,False
2025-09-06 22:03:32,VID_664411,Coding,English,BR,2823,21969,1498,97,78,0.061,True
2024-09-03 07:14:12,VID_233627,Gaming,Spanish,UK,1184,4100,210,21,5,0.478,True
2024-05-27 19:37:00,VID_125349,Music,Japanese,UK,3571,1211,46,6,1,0.034,True
2025-06-17 17:46:22,VID_113155,Tech Reviews,Spanish,PK,2229,34389,1476,194,70,0.757,True
2025-06-04 23:49:47,VID_623088,Gaming,Hindi,US,2758,8388,340,64,13,-0.847,False
2025-12-06 11:10:51,VID_799428,Coding,English,UK,2804,1174,97,11,1,0.395,True
2025-04-20 11:12:44,VID_905283,Music,Hindi,UK,2915,4670,160,26,7,-0.905,True
2025-10-11 22:19:45,VID_174906,Music,Japanese,PK,557,496,15,2,1,-0.269,True
2025-01-29 17:32:58,VID_709163,Education,Hindi,IN,1255,27808,1243,87,90,0.863,True
2024-03-15 02:50:11,VID_283875,Gaming,Japanese,US,2018,7516,330,33,32,0.263,True
2025-04-10 22:13:11,VID_527060,Education,Spanish,PK,2307,756,53,7,3,-0.526,True
2025-08-27 10:43:13,VID_254263,Education,Hindi,PK,2514,5498,265,37,27,0.168,True
2024-08-24 19:49:47,VID_312012,Coding,English,UK,2849,15646,199,29,73,0.559,True
2024-12-23 21:02:56,VID_822742,Coding,Japanese,BR,442,3878,158,12,13,-0.461,False
2024-08-29 14:30:43,VID_346015,Tech Reviews,Japanese,UK,695,21775,2029,301,76,0.379,False
2024-06-27 09:55:20,VID_549565,Tech Reviews,Hindi,PK,2138,1821,21,3,4,0.612,True
2025-06-06 13:08:16,VID_639642,Music,Hindi,UK,963,2600,84,12,11,0.294,False
2024-04-06 07:00:00,VID_555609,Education,English,PK,845,18206,709,128,62,0.461,True
2024-09-23 10:06:39,VID_432817,Music,Spanish,BR,2952,1610,154,13,5,0.633,True
2025-07-20 00:31:18,VID_852908,Vlogs,Spanish,US,1835,1317,74,8,1,-0.247,True
2025-01-03 12:57:27,VID_590050,Tech Reviews,English,BR,971,26204,966,54,112,-0.207,True
2025-08-13 03:48:31,VID_748487,Vlogs,Urdu,PK,1879,4082,135,10,13,0.798,True
2025-10-24 05:29:57,VID_844893,Tech Reviews,Japanese,BR,3023,621,21,2,2,-0.258,True
2025-09-14 08:44:41,VID_434194,Music,Hindi,IN,568,47055,2132,237,67,-0.409,True
2025-07-24 18:25:23,VID_232789,Gaming,English,BR,3138,11210,586,46,50,-0.336,True
2024-09-14 21:49:41,VID_285664,Gaming,Spanish,IN,1796,53384,1164,197,69,0.195,True
2024-06-01 00:35:02,VID_402574,Tech Reviews,Spanish,UK,1581,288,13,1,1,-0.066,True
2025-08-26 09:38:38,VID_736290,Coding,English,UK,2622,4858,400,26,13,0.713,True
2024-08-25 05:16:44,VID_336766,Tech Reviews,English,IN,2104,8805,172,18,22,0.666,False
2024-12-21 09:48:41,VID_685633,Vlogs,Japanese,PK,1404,421,38,4,1,-0.945,False
2025-02-04 12:32:11,VID_225455,Music,Japanese,US,1588,1834,177,18,4,-0.25,False
2025-09-20 10:23:22,VID_956834,Vlogs,Spanish,IN,1274,4903,371,60,6,0.8,True
2024-09-24 00:33:53,VID_442936,Music,English,UK,2294,4653,330,17,21,-0.56,True
2024-01-18 01:22:45,VID_684402,Coding,Hindi,PK,2700,389,20,2,0,-0.804,True
2025-12-07 04:18:20,VID_653255,Vlogs,Hindi,UK,1650,10199,978,161,27,0.051,True
2025-07-03 14:52:24,VID_728107,Tech Reviews,English,UK,2690,6278,234,34,8,0.407,True
2024-05-01 23:04:23,VID_399168,Gaming,Hindi,PK,619,22084,359,31,22,0.104,True
2024-10-20 10:20:20,VID_493083,Gaming,Hindi,PK,2563,689,32,5,2,-0.666,True
2024-07-31 02:59:23,VID_972009,Tech Reviews,Spanish,BR,2775,11761,511,57,16,-0.848,True
2024-08-22 06:42:49,VID_768131,Music,Japanese,PK,1095,11868,120,8,24,0.956,True
2025-06-11 02:20:49,VID_392300,Education,Hindi,BR,2498,14095,833,106,43,-0.314,True
2025-06-21 19:25:32,VID_977115,Gaming,English,BR,496,2150,193,30,8,-0.18,True
2025-08-08 15:48:50,VID_649781,Music,English,BR,538,14208,1151,84,25,-0.886,True
2024-10-22 02:13:30,VID_464585,Tech Reviews,Japanese,UK,1957,9854,841,156,11,-0.013,False
2024-08-02 16:57:09,VID_568593,Coding,Japanese,IN,1998,9092,846,150,29,0.409,True
2025-10-05 07:07:58,VID_116435,Coding,English,US,2857,22198,1992,133,79,-0.41,True
2024-06-03 17:40:02,VID_520368,Coding,English,US,255,1325,77,11,2,0.025,True
2025-07-17 04:17:03,VID_373448,Vlogs,English,IN,2930,4431,322,17,5,0.694,False
2025-02-26 07:52:51,VID_835953,Vlogs,Japanese,UK,3246,16905,314,16,70,0.174,True
2024-10-01 20:45:52,VID_915925,Education,Urdu,BR,1533,21263,1958,134,70,-0.047,False
2024-10-18 08:47:47,VID_875915,Education,Hindi,US,958,3411,166,21,12,-0.816,True
2025-10-29 00:17:02,VID_637998,Coding,Spanish,PK,2924,18783,1759,312,86,0.802,True
2024-02-28 06:28:39,VID_758570,Coding,Japanese,UK,1770,3027,40,5,11,0.821,False
2025-07-25 18:37:04,VID_187173,Tech Reviews,Spanish,IN,2631,1368,127,10,6,0.238,False
2025-02-10 16:37:04,VID_100437,Tech Reviews,English,UK,2966,1980,156,10,5,-0.412,True
2024-09-26 16:41:02,VID_649963,Music,Spanish,PK,634,451,34,6,1,0.054,True
2024-02-25 22:35:04,VID_574813,Vlogs,Hindi,IN,2660,1712,145,25,8,-0.202,True
2024-08-13 12:36:42,VID_620557,Tech Reviews,English,IN,3197,7617,100,11,24,-0.716,True
2025-06-26 17:28:24,VID_931483,Tech Reviews,Japanese,IN,3025,4063,219,37,7,-0.746,True
2025-10-01 22:41:15,VID_429187,Tech Reviews,English,PK,3406,717,56,11,2,0.414,False
2024-08-03 15:59:48,VID_930029,Education,Japanese,IN,1042,845,16,1,3,-0.006,True
2025-06-25 19:28:04,VID_615075,Vlogs,Urdu,UK,3469,7268,390,43,18,-0.105,True
2024-10-16 21:32:25,VID_150053,Education,Spanish,UK,653,2994,257,29,13,0.382,True
2024-03-15 16:20:14,VID_197910,Education,Urdu,US,143,1144,76,10,3,-0.389,True
2025-07-10 02:45:40,VID_149778,Gaming,Hindi,US,1455,1470,46,4,4,0.354,True
2024-01-27 07:40:40,VID_144162,Coding,English,IN,3480,6126,390,25,26,0.044,True
2024-03-28 05:21:43,VID_814772,Education,Urdu,US,1488,13126,1127,185,40,-0.148,True
2025-02-12 12:02:51,VID_838871,Coding,Spanish,BR,976,6074,175,33,21,-0.181,True
2025-10-10 13:04:22,VID_901494,Music,Hindi,PK,329,12529,273,50,43,0.196,True
2024-05-16 09:42:12,VID_636924,Gaming,Urdu,BR,2742,17498,372,38,83,-0.157,False
2025-05-24 19:46:17,VID_659728,Tech Reviews,English,PK,978,23584,676,107,62,-0.262,True
2024-07-24 08:41:14,VID_788990,Tech Reviews,Urdu,PK,2599,2824,161,27,3,0.759,False
2024-07-31 23:42:15,VID_122531,Vlogs,Urdu,US,1417,16262,1287,242,55,0.764,True
2025-01-10 19:59:40,VID_374351,Music,Japanese,IN,1734,14155,183,18,53,0.779,False
2024-10-20 04:27:55,VID_370448,Gaming,Hindi,UK,3093,7036,207,26,26,-0.411,True
2024-11-04 11:49:50,VID_340868,Coding,Hindi,PK,1184,9020,761,96,16,-0.255,True
2025-05-14 19:00:04,VID_185712,Tech Reviews,Urdu,BR,2493,10211,600,38,14,-0.044,False
2025-05-18 06:37:47,VID_781471,Coding,Urdu,IN,2355,4111,252,43,18,0.012,True
2025-02-27 11:09:57,VID_390484,Gaming,Spanish,IN,505,1116,39,7,1,0.843,True
2025-02-27 19:00:43,VID_137424,Gaming,English,BR,1173,15197,1017,192,64,-0.908,True
2025-02-27 13:43:46,VID_891817,Coding,English,BR,3281,2999,80,10,13,0.731,True
2025-11-22 14:55:16,VID_479160,Music,Hindi,PK,3108,4871,133,11,13,0.055,True
2024-05-18 00:59:29,VID_968061,Vlogs,Urdu,PK,2532,10120,186,18,15,-0.172,True
2024-08-09 02:46:39,VID_187217,Education,English,BR,2305,1662,84,9,2,-0.544,True
2024-08-02 03:54:56,VID_578156,Coding,Urdu,BR,3239,13673,905,109,50,0.447,True
2025-07-18 13:46:42,VID_563872,Gaming,English,IN,1196,10711,325,64,39,-0.849,True
2025-09-06 23:51:17,VID_327703,Music,Hindi,UK,1559,15123,382,37,15,-0.154,True
2025-10-04 05:23:11,VID_778491,Music,Hindi,BR,1302,2971,278,49,5,0.665,False
2025-11-14 09:18:57,VID_311909,Tech Reviews,Spanish,US,681,23672,2098,177,42,-0.355,True
2025-02-13 00:21:36,VID_351692,Education,Japanese,IN,3468,19388,1196,116,19,0.749,False
2024-01-03 22:26:35,VID_220731,Music,Urdu,UK,378,4307,397,36,9,0.0,True
2025-10-26 11:51:54,VID_842813,Music,Spanish,IN,2718,4297,66,10,14,-0.629,False
2025-11-17 16:59:00,VID_448329,Education,Hindi,BR,2051,7556,354,45,35,0.574,True
2024-08-07 03:14:07,VID_577647,Vlogs,Urdu,UK,795,2171,156,8,3,0.149,True
2025-05-21 07:26:22,VID_857571,Gaming,Spanish,PK,1454,4739,94,11,4,0.45,False
2024-02-13 08:16:51,VID_804213,Gaming,Spanish,US,414,2867,195,22,11,-0.244,True
2025-11-17 15:26:41,VID_878658,Education,English,IN,2450,1686,70,11,6,-0.708,True
2025-01-14 22:02:49,VID_940488,Coding,Spanish,BR,587,930,81,15,1,0.812,False
2025-02-16 20:33:34,VID_746485,Tech Reviews,Japanese,BR,3394,74695,4291,282,200,-0.491,True
2024-11-24 04:17:00,VID_106642,Gaming,Japanese,PK,1274,1900,118,9,6,-0.807,False
2025-11-09 21:50:40,VID_903938,Education,Japanese,US,3094,13041,455,28,36,0.595,True
2025-08-06 10:49:00,VID_729969,Music,English,UK,660,5980,353,60,21,-0.961,True
2024-11-19 13:34:58,VID_102853,Tech Reviews,Hindi,BR,3590,1399,136,8,3,-0.502,True
2024-04-26 17:44:26,VID_137012,Education,Hindi,UK,2685,22032,928,62,28,-0.506,False
2025-08-24 11:04:14,VID_207687,Music,Hindi,IN,3100,5682,352,57,24,-0.478,True
2025-03-30 12:45:17,VID_112069,Tech Reviews,Hindi,UK,264,6756,121,11,14,-0.669,True
2024-03-02 21:40:35,VID_434805,Education,Urdu,PK,1527,124,8,1,0,-0.572,True
2025-11-05 16:32:04,VID_833468,Education,English,UK,1043,14326,1147,87,30,0.797,False
2024-04-07 02:47:03,VID_779128,Education,Urdu,BR,834,32705,2448,290,91,-0.378,True
2025-05-08 16:59:46,VID_500277,Education,Hindi,PK,2646,305,18,2,0,-0.429,True
2025-10-12 09:06:59,VID_930586,Music,Hindi,US,1635,7971,197,15,14,0.591,True
2025-01-11 22:01:53,VID_287144,Music,Hindi,UK,1668,12390,443,70,14,-0.014,False
2025-10-18 14:51:00,VID_464635,Tech Reviews,Spanish,UK,2137,18317,1084,139,90,0.907,True
2024-05-25 21:29:40,VID_447106,Tech Reviews,English,IN,3271,10769,153,23,24,0.27,True
2024-08-27 03:41:13,VID_944209,Gaming,English,US,1817,3733,368,59,16,-0.132,True
2024-06-25 09:51:55,VID_796952,Music,Spanish,US,2928,4006,65,3,11,-0.507,True
2024-10-29 16:55:42,VID_799876,Gaming,Japanese,US,1764,8055,438,61,20,-0.264,True
2024-01-09 08:18:30,VID_810373,Vlogs,Urdu,US,949,12820,371,68,56,-0.169,True
2025-11-24 08:55:50,VID_381945,Music,English,BR,2113,279,16,1,0,0.721,True
2025-11-10 10:24:16,VID_431732,Music,Urdu,IN,661,10174,815,61,18,0.806,True
2025-10-29 16:54:12,VID_251283,Vlogs,English,PK,2885,1430,97,12,5,-0.168,False
2025-08-31 02:24:37,VID_559828,Gaming,Hindi,PK,841,13583,221,31,24,0.762,True
2024-08-18 04:38:21,VID_641516,Gaming,Japanese,US,2821,5241,190,21,7,0.444,True
2024-12-14 18:33:15,VID_682825,Tech Reviews,Urdu,PK,1891,18434,667,113,27,0.038,True
2025-01-17 19:10:55,VID_682060,Vlogs,Spanish,IN,2882,16780,633,51,45,0.707,True
2024-02-08 03:48:56,VID_407030,Music,Spanish,IN,1242,106,9,1,0,-0.147,True
2025-09-02 05:37:15,VID_963195,Coding,Japanese,IN,2039,20971,1880,197,51,0.824,True
2025-07-04 01:21:47,VID_382623,Music,Hindi,UK,3552,1763,118,18,6,-0.37,True
2024-01-06 13:40:00,VID_491040,Vlogs,Spanish,UK,2870,16387,1407,107,65,-0.334,True
2025-10-07 18:06:00,VID_984163,Gaming,English,US,326,15245,575,37,22,-0.117,True
2025-04-08 19:49:03,VID_241153,Vlogs,Urdu,US,161,994,82,7,1,0.544,True
2025-03-01 22:29:32,VID_785078,Education,Hindi,PK,3541,2933,164,30,14,0.511,True
2025-03-14 13:03:09,VID_810766,Vlogs,Japanese,UK,3484,531,33,3,1,-0.537,True
2024-06-03 15:49:51,VID_507202,Education,Spanish,IN,3195,18860,1873,128,64,-0.487,True
2025-10-19 06:33:22,VID_708198,Vlogs,English,US,351,129,2,0,0,-0.535,True
2025-02-01 17:35:45,VID_104404,Vlogs,Spanish,BR,1650,1302,67,3,6,0.662,True
2025-01-24 06:48:43,VID_176925,Gaming,Hindi,IN,2496,4472,322,41,14,0.508,True
2025-07-30 07:16:26,VID_792618,Gaming,Urdu,UK,2412,2277,85,14,5,0.412,True
2024-12-29 21:35:13,VID_534356,Vlogs,Urdu,BR,2991,32,0,0,0,0.26,True
2024-04-24 15:36:15,VID_533681,Coding,Spanish,IN,2323,7928,286,55,12,-0.031,False
2024-04-10 16:52:18,VID_687726,Tech Reviews,Japanese,IN,2475,3310,52,4,11,0.631,True
2024-05-22 13:09:15,VID_585147,Gaming,Urdu,IN,3233,12135,216,18,47,-0.247,False
2024-08-22 16:37:54,VID_452712,Education,Urdu,UK,2467,99,9,1,0,-0.432,True
2025-01-30 03:38:06,VID_823239,Gaming,Japanese,IN,239,2450,52,7,11,-0.756,True
2025-11-04 11:43:24,VID_216361,Music,Hindi,US,128,8484,593,116,23,0.058,True
2025-06-10 05:00:29,VID_664070,Music,Japanese,IN,488,8521,185,15,14,0.03,True
2024-09-19 18:13:55,VID_597077,Music,Hindi,BR,1422,45042,2844,523,190,0.127,True
2024-09-30 03:59:27,VID_137836,Music,Spanish,IN,2986,5009,457,74,10,-0.465,True
2025-02-27 19:03:40,VID_613305,Tech Reviews,Spanish,BR,701,3864,207,36,14,-0.988,True
2025-03-18 09:28:18,VID_926834,Coding,Japanese,US,429,10689,400,67,12,0.612,True
2024-09-09 01:34:58,VID_993820,Tech Reviews,English,BR,1866,10820,183,18,42,-0.401,True
2024-07-16 11:03:24,VID_918606,Coding,Hindi,IN,673,215,6,0,0,-0.654,True
2024-10-26 16:03:23,VID_841495,Coding,Urdu,US,1976,13272,593,38,44,-0.075,True
2025-07-28 17:43:37,VID_964223,Gaming,English,US,1302,2131,163,19,4,0.752,False
2024-11-04 19:45:38,VID_473676,Gaming,Japanese,US,2209,4889,202,29,17,0.554,True
2024-09-25 15:27:40,VID_558864,Tech Reviews,Urdu,US,544,13088,395,21,40,-0.312,False
2025-08-10 10:03:52,VID_487717,Music,Hindi,UK,2117,15033,150,27,49,0.619,True
2024-06-14 23:37:07,VID_954608,Gaming,Spanish,BR,3121,74063,1155,98,316,-0.259,True
2025-11-19 16:40:32,VID_868617,Music,English,BR,1960,5460,355,39,24,-0.258,True
2025-10-21 05:18:25,VID_919041,Gaming,Japanese,UK,2746,5102,399,22,21,-0.832,True
2025-07-10 23:22:52,VID_687010,Tech Reviews,Hindi,PK,149,3597,100,16,16,-0.847,True
2025-05-22 11:43:50,VID_980270,Education,Japanese,PK,3573,1677,34,6,6,-0.905,True
2025-03-22 16:45:41,VID_568293,Coding,Hindi,UK,2574,6958,196,23,25,0.07,True
2025-09-29 11:38:29,VID_629701,Tech Reviews,Spanish,BR,191,18552,185,24,20,-0.907,True
2025-02-03 05:51:07,VID_175604,Music,Urdu,IN,1096,776,11,1,3,-0.554,True
2025-08-10 04:31:36,VID_645824,Coding,Japanese,PK,2602,4074,313,25,19,-0.343,False
2024-03-08 20:52:10,VID_274517,Vlogs,Spanish,IN,64,21983,328,26,32,-0.805,True
2024-12-10 12:08:36,VID_766517,Gaming,Japanese,PK,1814,1526,136,17,2,-0.45,True
2025-06-16 03:45:19,VID_885096,Education,English,UK,2921,782,62,11,3,0.755,True
2024-01-25 12:01:16,VID_133949,Education,Japanese,UK,2635,2696,230,33,8,0.159,True
2025-09-29 21:46:42,VID_745211,Coding,Urdu,UK,417,8620,666,80,18,-0.329,True
2025-03-25 04:13:54,VID_568923,Vlogs,Spanish,US,176,13133,482,26,51,0.33,True
2025-08-22 15:55:52,VID_954243,Tech Reviews,Urdu,IN,1367,14398,205,14,65,-0.178,True
2024-01-26 18:33:24,VID_714310,Gaming,Spanish,PK,2672,2225,106,14,5,-0.852,True
2024-08-12 17:31:30,VID_897753,Gaming,Spanish,IN,924,11259,610,93,30,-0.132,True
2024-09-03 07:07:08,VID_980573,Vlogs,Spanish,UK,3039,2317,171,29,8,-0.265,True
2024-07-18 23:25:51,VID_997994,Music,Spanish,BR,3547,1093,35,5,2,-0.68,True
2025-08-27 23:51:01,VID_573428,Gaming,English,IN,3276,858,29,3,2,-0.651,False
2024-03-21 13:31:17,VID_231294,Vlogs,Hindi,PK,2891,5979,486,85,21,-0.571,True
2025-01-22 22:07:01,VID_550597,Education,Urdu,PK,3456,26534,2266,175,71,-0.618,True
2025-04-24 18:32:07,VID_826609,Music,English,US,501,4771,359,66,18,0.315,True
2024-08-26 19:50:00,VID_964057,Music,Japanese,US,1433,7293,489,46,10,-0.669,True
2025-05-26 06:58:18,VID_862144,Music,Hindi,US,1104,3682,40,4,4,-0.831,False
2024-08-05 05:57:01,VID_494580,Coding,Hindi,UK,378,26321,721,115,40,-0.023,True
2024-05-05 20:31:27,VID_968523,Gaming,Urdu,IN,2316,13147,251,21,16,-0.993,True
2024-12-16 15:08:02,VID_859103,Tech Reviews,Japanese,IN,262,3069,306,35,14,0.762,True
2024-03-23 17:06:37,VID_593745,Education,English,PK,3587,1063,60,4,2,0.717,False
2025-11-19 14:27:17,VID_632761,Vlogs,English,BR,2494,3294,209,21,13,-0.181,True
2024-04-04 01:07:29,VID_626260,Tech Reviews,Hindi,BR,2359,7969,366,68,30,-0.914,True
2025-05-02 08:25:18,VID_189740,Coding,Spanish,IN,2577,2297,146,28,10,-0.038,True
2025-01-04 12:32:26,VID_650771,Vlogs,Spanish,US,210,3203,179,28,9,0.472,True
2025-01-30 13:28:42,VID_105991,Tech Reviews,Urdu,US,3242,14603,1215,71,66,-0.369,True
2024-11-16 20:42:12,VID_390964,Education,English,UK,461,2270,175,33,4,0.74,True
2024-05-29 10:52:02,VID_247686,Tech Reviews,Spanish,IN,1253,1315,45,8,1,-0.526,True
2025-05-03 18:40:44,VID_548656,Education,Urdu,IN,3374,11405,766,67,54,-0.741,True
2024-07-17 04:22:18,VID_854178,Gaming,Hindi,BR,1665,9954,794,41,24,-0.925,True
2025-04-29 22:13:41,VID_342366,Education,Spanish,PK,3242,326,27,4,0,0.784,False
2025-02-09 20:57:37,VID_998238,Gaming,English,BR,2995,2387,134,24,9,-0.827,True
2024-10-10 13:05:17,VID_150968,Gaming,Japanese,IN,295,8860,813,75,32,0.841,True
2025-10-23 09:57:20,VID_299129,Coding,Japanese,BR,633,7748,718,142,9,-0.174,True
2025-12-15 03:05:34,VID_144058,Tech Reviews,Japanese,PK,2313,45,2,0,0,-0.948,True
2025-12-04 15:25:48,VID_990195,Coding,Hindi,BR,1529,2544,227,27,3,-0.017,True
2024-10-28 16:38:20,VID_918136,Music,Urdu,US,1031,3631,181,17,8,0.34,True
2025-04-24 15:30:10,VID_932837,Gaming,English,UK,696,9311,266,17,22,-0.393,True
2025-07-07 00:58:21,VID_699599,Tech Reviews,Spanish,PK,2940,356,27,3,0,0.902,False
2024-05-28 14:46:16,VID_400038,Education,Hindi,PK,2991,5294,219,38,17,-0.249,True
2025-10-03 01:35:57,VID_356055,Gaming,Hindi,US,461,1348,94,9,6,-0.821,True
2024-01-17 13:16:51,VID_875819,Tech Reviews,Spanish,BR,1955,4860,177,13,6,-0.739,True
2024-05-26 13:52:49,VID_867084,Music,Japanese,PK,2541,1600,126,7,4,0.36,True
2024-09-16 15:55:25,VID_673229,Music,English,BR,2241,7084,407,66,11,-0.136,False
2024-04-11 17:10:51,VID_236471,Vlogs,Urdu,IN,1504,6989,239,19,29,-0.397,True
2024-08-07 22:49:17,VID_501844,Tech Reviews,Spanish,IN,1767,8447,364,67,8,0.453,False
2024-08-06 04:00:38,VID_891832,Gaming,Spanish,BR,1048,5293,277,15,10,-0.325,True
2024-08-31 09:28:15,VID_456110,Education,Urdu,UK,2289,5445,474,76,14,0.461,True
2025-03-29 11:50:33,VID_409027,Education,Japanese,BR,2504,15263,466,67,24,-0.115,False
2025-05-13 18:39:32,VID_146644,Coding,Hindi,IN,1373,15685,311,21,68,0.03,False
2025-10-07 14:33:12,VID_629584,Vlogs,Hindi,US,2236,4020,175,22,13,-0.526,True
2025-10-31 15:25:43,VID_504677,Vlogs,Spanish,IN,147,1181,73,8,1,-0.826,True
2024-11-28 18:54:29,VID_176596,Coding,Japanese,UK,2259,14,0,0,0,0.994,True
2025-05-28 23:10:52,VID_557460,Education,English,UK,112,2771,141,23,6,0.052,False
2024-07-16 19:11:40,VID_822448,Gaming,Urdu,UK,417,9335,858,143,46,-0.899,True
2025-05-18 15:59:40,VID_791204,Tech Reviews,Spanish,UK,2895,12576,1211,150,42,-0.216,True
2024-02-29 01:29:54,VID_821730,Music,English,BR,1227,40042,1525,290,73,-0.554,True
2025-12-06 14:36:14,VID_384121,Tech Reviews,Spanish,IN,1829,11015,393,54,31,0.626,True
2024-02-01 22:42:28,VID_847265,Tech Reviews,English,IN,2463,3731,217,32,11,-0.134,False
2025-02-22 03:50:01,VID_585418,Tech Reviews,English,PK,1915,7061,477,24,26,-0.345,False
2025-09-17 07:12:53,VID_661665,Gaming,Japanese,US,423,8746,280,35,14,-0.555,False
2024-03-30 05:04:41,VID_580283,Music,Japanese,BR,2886,30490,544,39,150,0.033,True
2025-02-13 19:55:17,VID_955827,Education,Japanese,US,3119,13064,379,72,47,-0.65,True
2024-07-21 06:36:52,VID_288333,Education,Japanese,UK,2519,30149,663,107,90,0.043,True
2025-09-26 05:02:42,VID_747993,Coding,Urdu,IN,776,514,40,7,1,-0.423,False
2024-02-24 08:53:16,VID_529462,Gaming,Spanish,BR,1620,12754,214,15,44,0.478,True
2024-07-07 18:30:07,VID_590065,Vlogs,Urdu,US,3529,2705,28,2,12,0.058,True
2024-07-11 21:16:37,VID_259734,Coding,Urdu,US,458,12628,949,110,15,0.76,True
2025-07-25 10:08:15,VID_536242,Gaming,Japanese,US,1776,156,3,0,0,0.154,True
2024-02-25 23:34:13,VID_237659,Gaming,Japanese,UK,1253,30797,756,60,42,-0.216,False
2024-01-01 14:09:48,VID_569388,Education,Urdu,UK,2712,1748,85,15,6,0.809,True
2025-10-12 17:42:34,VID_971561,Coding,Japanese,BR,2626,21560,1127,186,96,-0.351,True
2025-07-15 08:38:04,VID_511385,Music,Spanish,BR,2548,18987,1442,245,19,-0.432,True
2025-06-13 16:54:09,VID_233949,Music,Japanese,BR,1812,7455,645,54,27,-0.141,True
2025-01-29 10:43:05,VID_695087,Music,Hindi,IN,2036,7389,437,40,29,0.842,True
2024-09-08 04:38:51,VID_679513,Tech Reviews,Japanese,BR,2157,7381,440,82,21,-0.899,True
2025-04-12 03:00:53,VID_119768,Gaming,Hindi,BR,1614,4354,75,13,6,0.791,True
2024-07-18 00:32:17,VID_314103,Tech Reviews,Urdu,BR,2683,693,32,4,2,0.783,True
2025-03-13 21:16:33,VID_842714,Coding,English,PK,2177,24035,2186,210,44,-0.439,True
2025-05-22 12:34:35,VID_377947,Coding,Hindi,PK,2049,17778,1399,263,26,-0.209,False
2024-09-09 19:21:51,VID_817912,Gaming,Hindi,BR,2051,10279,128,10,29,-0.125,True
2025-12-16 10:04:36,VID_630622,Vlogs,English,BR,2377,2082,127,8,9,0.436,True
2024-09-30 20:18:03,VID_813148,Vlogs,Japanese,BR,1147,4991,99,10,17,0.338,False
2024-06-29 03:30:55,VID_446553,Tech Reviews,English,BR,1041,31816,2336,455,90,-0.824,True
2024-11-28 01:09:54,VID_844893,Education,Hindi,PK,2405,2307,169,19,5,-0.634,True
2024-03-01 11:26:40,VID_618844,Vlogs,Hindi,UK,1530,3208,320,40,6,-0.324,True
2024-10-13 20:25:31,VID_569663,Coding,English,PK,3463,373,7,0,1,0.737,True
2024-02-06 16:46:22,VID_339646,Gaming,Japanese,PK,863,4024,275,42,19,0.242,True
2024-09-13 03:52:39,VID_149896,Tech Reviews,Japanese,US,1138,16263,965,102,17,-0.095,True
2025-08-18 06:32:21,VID_396557,Gaming,Japanese,BR,2347,2247,190,17,6,-0.608,True
2024-04-27 13:30:03,VID_304195,Education,Spanish,IN,1822,3669,327,50,14,0.529,False
2024-11-05 23:25:41,VID_147449,Music,Hindi,UK,1135,2456,129,15,12,0.074,False
2025-11-30 20:26:10,VID_804197,Vlogs,English,US,2175,3039,143,26,9,0.24,True
2025-11-04 02:17:20,VID_330496,Tech Reviews,Hindi,UK,2630,6831,582,102,19,0.614,True
2025-07-14 13:35:31,VID_302602,Vlogs,Japanese,PK,3174,4210,172,10,14,-0.919,True
2025-09-10 14:13:56,VID_198468,Music,Urdu,US,703,1176,67,3,2,0.601,True
2024-07-03 07:44:37,VID_506706,Coding,Japanese,UK,3174,1901,166,29,6,-0.325,True
2025-12-22 07:12:22,VID_212235,Coding,Hindi,US,1955,10166,589,66,49,-0.435,True
2025-03-27 06:18:02,VID_535574,Vlogs,English,UK,3070,18074,789,84,54,0.642,True
2025-12-12 12:54:03,VID_119797,Gaming,Hindi,US,1809,6728,311,21,31,0.853,True
2024-06-30 20:43:07,VID_366413,Education,Urdu,BR,1364,13693,469,36,16,0.782,False
2025-12-04 13:20:50,VID_407684,Coding,Spanish,PK,1665,11988,155,16,50,-0.314,True
2025-05-31 13:33:48,VID_113590,Music,Hindi,US,278,1347,32,3,4,0.606,True
2025-03-31 18:33:42,VID_360287,Music,English,UK,3552,5337,96,10,7,-0.934,False
2025-03-29 10:51:31,VID_775547,Gaming,Spanish,US,1263,20195,1804,221,48,-0.225,False
2025-10-22 20:13:25,VID_308656,Music,Hindi,BR,879,6318,223,42,13,0.074,False
2024-02-03 23:06:03,VID_946368,Vlogs,English,US,2615,1798,110,9,6,-0.116,True
2024-09-01 18:11:13,VID_404562,Gaming,Urdu,UK,3415,10310,585,57,38,0.888,True
2024-12-16 20:34:17,VID_190112,Vlogs,Hindi,PK,758,33594,2268,121,114,-0.229,False
2025-10-09 09:51:57,VID_641045,Tech Reviews,Spanish,PK,3336,8952,546,95,16,-0.909,True
2025-02-10 18:03:25,VID_684464,Vlogs,English,UK,2645,1725,76,4,4,0.781,True
2025-07-10 06:50:27,VID_961389,Vlogs,Hindi,US,1477,7899,491,50,18,-0.457,False
2025-03-26 21:42:07,VID_578593,Education,Spanish,US,725,21359,980,156,87,0.552,True
2025-11-06 04:38:10,VID_543771,Gaming,Japanese,US,2888,4221,80,7,20,0.614,True
2024-09-03 14:51:39,VID_593612,Gaming,English,IN,1970,2601,233,32,11,0.465,True
2024-04-21 08:58:06,VID_426257,Coding,Spanish,PK,511,927,80,13,1,0.764,True
2025-07-19 04:11:05,VID_329792,Education,Spanish,IN,975,15215,1226,184,21,0.135,True
2025-01-20 11:42:38,VID_592019,Coding,Urdu,US,1129,23991,2146,152,39,0.406,True
2024-04-21 07:48:43,VID_372851,Tech Reviews,Spanish,UK,2503,21966,452,51,60,-0.775,True
2024-05-04 05:37:39,VID_694255,Gaming,Urdu,US,1192,13761,1335,102,65,-0.452,False
2025-03-20 01:32:49,VID_624679,Education,Spanish,UK,2540,86822,8674,796,183,0.016,True
2025-08-19 10:58:07,VID_665851,Education,English,PK,1197,3432,167,13,10,0.982,True
2024-11-12 11:48:39,VID_564108,Education,Spanish,IN,1956,10127,507,50,26,0.455,True
2024-07-14 20:09:44,VID_951180,Tech Reviews,Urdu,UK,591,2920,243,33,13,-0.689,True
2025-07-02 16:39:36,VID_753789,Tech Reviews,Japanese,IN,124,16969,636,53,84,-0.51,True
2024-06-28 04:18:12,VID_865203,Gaming,English,BR,2252,10480,332,65,32,-0.079,True
2025-07-31 18:56:59,VID_552103,Coding,Hindi,PK,2231,18,1,0,0,-0.209,True
2025-05-19 12:06:03,VID_929374,Music,Hindi,US,1242,10634,1058,88,23,-0.257,True
2025-09-10 23:19:08,VID_183174,Education,Urdu,IN,2574,1925,126,18,3,0.584,False
2025-08-07 09:46:07,VID_506829,Coding,Hindi,PK,804,33136,899,164,111,-0.259,True
2025-06-07 11:11:18,VID_345105,Education,Urdu,IN,786,1837,56,5,7,-0.342,False
2025-02-05 01:32:57,VID_807202,Vlogs,Urdu,US,2918,38631,2981,341,101,-0.683,True
2024-08-28 04:45:49,VID_353375,Vlogs,Urdu,PK,2037,6373,580,95,14,-0.277,True
2025-01-03 22:18:17,VID_556867,Education,Hindi,US,3299,21045,298,37,48,-0.545,True
2025-07-23 02:14:44,VID_760791,Coding,Spanish,IN,3327,3188,42,2,14,-0.926,True
2025-02-20 07:12:10,VID_429565,Education,Urdu,BR,3181,9305,812,52,11,0.011,False
2025-01-18 15:24:29,VID_849045,Coding,Spanish,UK,2666,17530,830,46,23,-0.367,True
2025-05-04 11:29:55,VID_370313,Education,Urdu,BR,1220,11738,602,80,36,0.201,True
2025-09-21 10:57:13,VID_765111,Education,Spanish,BR,745,7097,193,17,33,-0.283,True
2025-07-16 04:55:03,VID_637795,Tech Reviews,English,US,1884,2971,120,16,9,-0.91,True
2024-05-30 01:56:51,VID_759014,Music,Japanese,IN,711,39630,2247,165,54,-0.057,True
2024-07-22 06:31:24,VID_561739,Tech Reviews,Japanese,US,1151,1425,85,16,2,-0.903,True
2025-07-08 17:21:11,VID_245845,Tech Reviews,Hindi,IN,659,52,1,0,0,-0.41,False
2025-10-30 08:37:45,VID_121978,Tech Reviews,Japanese,BR,1670,1135,16,1,1,0.218,True
2024-04-21 16:17:51,VID_180743,Education,Urdu,PK,3557,42719,1375,231,118,-0.538,True
2025-04-29 10:24:57,VID_449101,Gaming,Hindi,BR,3239,10586,645,122,12,0.64,True
2025-10-09 03:02:18,VID_238460,Music,Hindi,UK,2403,7097,107,10,21,0.115,True
2024-01-18 14:44:26,VID_588617,Vlogs,Urdu,BR,3311,20583,1252,201,31,0.432,True
2024-06-24 07:52:38,VID_833977,Vlogs,Japanese,BR,3483,6827,494,46,13,-0.598,True
2024-06-30 09:55:52,VID_965552,Vlogs,Urdu,PK,1655,29722,551,105,145,0.206,True
2025-10-04 01:38:46,VID_738134,Tech Reviews,Japanese,US,2947,3173,287,28,4,0.438,True
2025-03-12 23:43:31,VID_976189,Coding,Japanese,PK,2017,99,7,0,0,-0.6,False
2025-03-14 00:53:53,VID_266100,Coding,English,US,3156,6794,229,14,20,-0.897,True
2024-02-20 22:57:57,VID_448192,Education,English,IN,2045,2594,62,7,10,0.303,True
2024-03-28 05:40:17,VID_422531,Vlogs,Japanese,IN,102,10605,836,54,17,0.638,False
2024-06-20 00:42:58,VID_227834,Gaming,Spanish,US,1062,17461,226,40,25,0.834,False
2025-01-20 15:56:26,VID_256887,Gaming,English,IN,632,7395,702,46,17,-0.407,True
2025-08-10 06:48:21,VID_254871,Music,English,PK,1806,21986,766,146,30,0.29,False
2024-08-14 19:03:28,VID_612716,Tech Reviews,Urdu,IN,1562,11282,1006,183,22,-0.61,True
2025-07-05 13:02:02,VID_137417,Coding,Urdu,BR,1561,6710,179,35,32,-0.715,True
2024-12-08 01:45:25,VID_858437,Vlogs,Japanese,IN,1736,4329,71,5,13,0.532,False
2024-10-22 02:33:27,VID_578781,Education,Japanese,BR,3217,11704,1049,97,16,0.181,True
2025-01-31 06:13:21,VID_997738,Gaming,Urdu,US,1376,2243,121,6,5,-0.731,True
2024-02-14 19:05:20,VID_889266,Vlogs,English,IN,3431,3101,229,15,6,-0.19,True
2024-09-01 21:03:14,VID_913249,Coding,Japanese,IN,3513,14914,442,55,60,0.557,True
2025-10-21 06:03:30,VID_473877,Coding,Urdu,IN,1214,1228,106,11,4,0.336,False
2025-12-24 03:56:33,VID_605462,Music,Spanish,PK,1439,10709,129,15,15,-0.054,False
2024-10-16 14:34:53,VID_300218,Coding,Japanese,BR,2231,1686,52,7,2,-0.27,True
2025-05-26 02:51:20,VID_657881,Tech Reviews,Hindi,PK,2731,340,23,3,1,0.892,True
2025-11-22 08:58:36,VID_370608,Music,Hindi,BR,299,8938,536,103,25,0.891,True
2024-10-07 07:40:27,VID_692482,Coding,Spanish,IN,138,15848,612,115,26,0.517,True
2025-01-12 20:24:16,VID_609011,Education,English,PK,494,19221,1113,155,61,-0.561,True
2025-05-11 21:55:03,VID_321578,Tech Reviews,English,IN,2162,7962,545,41,28,0.696,True
2024-08-31 09:32:42,VID_225504,Tech Reviews,English,BR,3047,7165,288,54,22,0.215,True
2024-06-13 06:47:47,VID_120978,Gaming,Urdu,PK,621,7515,511,35,29,-0.061,True
2024-01-16 03:53:14,VID_584687,Education,Urdu,PK,1903,9266,508,84,16,-0.488,True
2025-11-12 10:25:50,VID_278284,Gaming,Urdu,IN,2579,6487,204,17,10,-0.917,False
2024-02-05 14:11:48,VID_439237,Vlogs,Spanish,PK,434,3532,203,33,10,0.813,True
2024-09-03 02:02:08,VID_379223,Vlogs,Urdu,BR,1009,2373,47,9,4,0.689,True
2024-11-23 01:33:43,VID_291283,Gaming,Hindi,US,2327,10830,725,124,53,-0.695,True
2024-02-25 16:15:58,VID_298565,Vlogs,Spanish,PK,3367,37639,1912,195,43,-0.251,True
2025-12-28 13:59:23,VID_152789,Vlogs,Urdu,UK,259,8906,707,87,32,-0.873,True
2024-10-01 03:57:54,VID_226351,Coding,English,PK,739,433,35,3,0,-0.52,True
2025-11-20 21:41:30,VID_457699,Coding,Urdu,BR,1215,10464,812,134,50,0.756,True
2024-02-24 08:30:20,VID_369645,Education,Spanish,US,1289,9854,102,19,38,-0.855,True
2024-05-20 09:51:14,VID_918458,Tech Reviews,English,US,3254,18359,979,87,51,0.463,True
2025-02-12 18:26:55,VID_660613,Vlogs,Spanish,PK,371,11064,415,63,22,-0.69,True
2024-11-13 18:53:03,VID_874413,Gaming,English,US,404,4952,369,63,17,-0.189,False
2024-04-18 18:25:42,VID_495640,Tech Reviews,Urdu,US,548,5138,179,32,25,-0.62,True
2024-02-17 10:01:45,VID_552450,Tech Reviews,English,UK,1622,177,11,2,0,-0.549,True
2025-04-14 13:01:03,VID_156888,Coding,Hindi,IN,699,26068,1562,220,76,-0.653,True
2025-11-20 09:42:51,VID_227882,Tech Reviews,Japanese,BR,1227,7819,313,40,20,0.194,True
2024-03-12 17:33:13,VID_567564,Tech Reviews,Hindi,IN,1154,5527,140,21,12,0.077,True
2024-08-02 13:39:05,VID_593801,Vlogs,Urdu,PK,1895,18457,1101,167,57,0.782,True
2025-09-11 02:12:37,VID_801510,Vlogs,English,US,2068,24602,1399,143,70,0.567,True
2025-02-22 05:28:57,VID_520508,Coding,Hindi,IN,1930,1004,88,11,2,0.328,True
2025-11-17 23:28:06,VID_486426,Education,Hindi,PK,1927,2622,238,31,4,-0.439,False
2024-04-15 09:21:49,VID_660529,Coding,Japanese,IN,3174,9297,334,18,44,-0.767,True
2024-12-25 11:28:13,VID_907372,Vlogs,Japanese,US,671,407,17,2,0,-0.799,True
2025-11-17 05:00:27,VID_847376,Vlogs,Japanese,BR,1019,5787,87,5,13,0.882,True
2024-08-20 02:06:22,VID_511886,Music,Spanish,BR,2620,25442,351,64,49,-0.71,True
2024-10-18 10:51:16,VID_862308,Vlogs,Spanish,IN,3295,23030,951,118,109,0.345,False
2025-06-25 23:52:41,VID_878381,Vlogs,Urdu,IN,2533,8526,612,95,27,-0.708,True
2025-06-01 07:01:09,VID_178821,Tech Reviews,Urdu,PK,1147,912,84,9,3,0.299,True
2025-06-17 21:44:59,VID_277141,Music,Hindi,US,3405,4270,116,8,9,0.594,True
2024-10-25 19:30:57,VID_975425,Coding,English,US,2171,902,41,6,2,0.49,True
2025-04-29 00:47:50,VID_829771,Music,Japanese,IN,882,3073,60,7,11,0.673,True
2024-08-07 06:30:37,VID_536803,Education,Japanese,BR,2360,147,14,2,0,0.643,True
2024-11-24 17:12:03,VID_103708,Music,Spanish,UK,3023,5158,472,56,20,-0.616,True
2024-05-31 02:56:59,VID_722937,Coding,English,US,3009,174,12,2,0,0.215,True
2025-09-03 23:31:51,VID_610726,Gaming,Hindi,PK,2057,324,15,2,1,-0.835,True
2024-04-25 08:08:54,VID_913316,Tech Reviews,English,UK,871,36398,2721,371,111,0.419,True
2024-07-07 19:55:25,VID_836504,Coding,Japanese,US,1323,1250,101,6,2,0.088,True
2025-05-16 00:04:12,VID_254294,Education,Urdu,PK,3555,12120,231,18,58,-0.42,True
2025-04-15 01:46:17,VID_730547,Music,English,US,3101,5772,356,57,22,-0.06,True
2024-06-06 16:36:31,VID_479457,Vlogs,Japanese,US,2285,4987,56,9,6,0.244,False
2025-03-24 12:13:48,VID_966850,Education,Spanish,US,2942,7435,464,24,29,-0.501,True
2024-04-12 02:20:41,VID_306203,Tech Reviews,English,IN,2707,7104,245,42,15,-0.502,True
2025-09-15 03:41:49,VID_894538,Gaming,Japanese,US,1300,12343,805,132,37,-0.544,True
2025-08-24 18:13:13,VID_369380,Coding,Hindi,IN,1594,168,9,1,0,0.301,True
2025-01-23 12:31:21,VID_280996,Education,Hindi,IN,2566,11747,976,56,24,0.874,False
2025-11-27 16:41:27,VID_452327,Music,Japanese,PK,1376,17563,1423,112,23,-0.803,False
2025-01-01 12:55:13,VID_640882,Vlogs,Spanish,BR,231,22769,1916,250,93,-0.981,True
2025-03-02 08:33:20,VID_555005,Vlogs,Hindi,PK,2399,1329,115,21,6,0.052,False
2025-08-03 16:46:32,VID_864658,Tech Reviews,Japanese,PK,679,3391,251,36,7,0.269,True
2025-03-16 06:45:26,VID_664859,Music,Urdu,IN,2447,8045,608,103,28,0.093,False
2025-05-29 20:48:12,VID_917255,Gaming,Spanish,PK,1248,14645,163,27,52,0.746,False
2024-06-21 08:06:59,VID_411888,Gaming,English,IN,1955,22346,644,48,24,0.867,True
2024-09-08 20:05:44,VID_630856,Education,Urdu,PK,1616,4672,411,73,10,0.514,True
2025-11-12 23:36:09,VID_613127,Vlogs,Spanish,UK,2899,16438,1166,104,18,-0.596,True
2024-12-19 17:50:07,VID_724590,Education,Japanese,US,1411,24805,1141,66,122,-0.197,True
2025-07-14 13:55:23,VID_858824,Tech Reviews,Hindi,US,3368,8743,158,23,39,0.49,True
2024-04-07 07:43:44,VID_444925,Music,English,US,1691,7198,585,105,16,0.672,True
2024-06-18 00:48:52,VID_472333,Gaming,Urdu,PK,2882,184,7,1,0,-0.259,True
2024-06-04 12:05:06,VID_144960,Education,Urdu,PK,2225,9373,909,142,38,0.427,False
2024-06-15 09:06:15,VID_819547,Music,Japanese,PK,1729,3145,272,46,8,0.883,True
2025-01-23 10:13:29,VID_519198,Music,Japanese,IN,149,6003,179,25,26,-0.371,True
2025-10-08 15:07:33,VID_166021,Coding,Spanish,BR,2992,2459,163,21,11,0.029,True
2025-06-17 23:56:02,VID_957452,Gaming,Urdu,UK,3307,10363,964,86,47,-0.223,True
2024-12-02 09:35:35,VID_896647,Gaming,Hindi,UK,2273,8471,108,19,29,0.949,True
2025-04-06 19:39:04,VID_163270,Music,Japanese,UK,1481,10489,661,122,27,0.615,False
2025-11-23 19:18:41,VID_616251,Music,Hindi,IN,1640,5211,164,30,19,0.407,False
2025-02-05 08:17:58,VID_963750,Tech Reviews,Japanese,IN,1982,11228,406,75,18,0.357,True
2024-07-13 05:31:43,VID_707060,Music,Japanese,IN,834,8264,544,97,15,-0.849,True
2024-07-23 18:55:00,VID_840952,Tech Reviews,Urdu,IN,2459,3103,133,6,10,-0.902,True
2025-10-07 19:59:31,VID_664963,Tech Reviews,Urdu,BR,2566,6005,454,23,29,0.241,False
2024-09-08 15:08:46,VID_118571,Education,Urdu,US,2727,1712,154,19,5,0.607,True
2024-07-10 23:10:22,VID_667233,Tech Reviews,Japanese,UK,1479,4846,89,8,22,0.094,False
2024-08-03 00:48:59,VID_184687,Music,English,PK,1675,4684,445,46,5,-0.647,False
2025-02-16 10:35:57,VID_721095,Vlogs,English,BR,653,2059,34,4,7,-0.439,True
2024-11-29 21:22:44,VID_755524,Music,Japanese,US,2769,13018,572,66,38,-0.132,True
2024-06-27 15:48:16,VID_299967,Tech Reviews,Hindi,PK,2549,16227,204,31,55,-0.765,True
2025-01-31 22:09:30,VID_844175,Coding,English,PK,1811,2325,146,16,3,0.584,False
2024-06-16 19:14:43,VID_211619,Music,Urdu,US,1376,3054,207,38,4,0.111,False
2024-03-08 19:20:19,VID_882624,Gaming,English,BR,3589,15505,337,26,48,-0.843,True
2025-12-09 20:01:30,VID_820674,Coding,Hindi,UK,555,844,68,5,2,-0.906,True
2024-04-28 12:03:15,VID_784274,Coding,Japanese,BR,558,20861,857,119,72,0.205,True
2024-06-19 08:26:38,VID_213608,Vlogs,Japanese,PK,2384,1164,53,6,1,-0.699,True
2025-05-10 11:31:58,VID_934571,Tech Reviews,Urdu,BR,217,1771,20,1,2,-0.619,False
2024-11-25 15:26:33,VID_358424,Education,Urdu,BR,1691,10809,904,70,18,-0.69,True
2025-06-04 20:19:29,VID_889690,Coding,Hindi,IN,2574,2523,80,10,7,0.444,True
2024-10-14 00:09:27,VID_639675,Tech Reviews,Spanish,UK,2377,47854,3131,202,220,-0.477,True
2025-10-23 04:23:19,VID_969154,Coding,Hindi,US,1244,18930,1062,114,69,-0.184,True
2024-11-11 01:18:21,VID_679176,Gaming,Japanese,BR,213,1771,32,6,4,-0.642,True
2024-12-06 00:34:12,VID_206549,Gaming,Hindi,US,3341,13738,528,40,27,0.166,True
2024-02-18 14:56:16,VID_975598,Music,Urdu,US,2454,8347,156,23,36,0.766,False
2025-06-10 07:48:15,VID_167493,Gaming,English,BR,292,10961,505,85,32,-0.31,True
2025-01-25 22:00:16,VID_701905,Education,Japanese,IN,309,12208,384,56,32,0.263,True
2025-08-19 10:14:20,VID_594614,Vlogs,Urdu,UK,1543,7026,90,17,13,-0.535,False
2025-10-01 08:21:39,VID_450542,Gaming,Japanese,US,153,21487,2096,149,44,0.414,False
2024-11-05 13:48:33,VID_785954,Gaming,Hindi,UK,1240,24354,2139,325,57,0.652,True
2025-06-29 20:20:56,VID_493338,Vlogs,Japanese,PK,666,16762,1232,96,34,0.375,True
2025-12-19 20:49:47,VID_324215,Education,Spanish,UK,3194,11116,979,120,49,-0.38,False
2024-01-15 22:47:15,VID_662154,Music,Spanish,PK,522,4661,77,9,6,-0.71,True
2024-05-04 21:41:49,VID_821226,Coding,Urdu,UK,2477,4614,320,60,17,-0.191,True
2025-02-13 08:53:19,VID_969270,Music,Hindi,PK,227,11926,719,70,14,-0.591,True
2024-03-24 03:10:20,VID_880577,Vlogs,Spanish,IN,1768,91,3,0,0,-0.444,True
2024-07-16 19:32:47,VID_208020,Vlogs,Spanish,PK,1509,13103,929,185,29,-0.359,True
2025-04-25 01:11:49,VID_748551,Gaming,Japanese,UK,2778,11315,303,22,16,0.302,True
2025-11-17 09:26:26,VID_137948,Coding,Spanish,BR,3289,15855,751,123,32,-0.7,True
2024-04-16 02:11:46,VID_344274,Vlogs,Urdu,US,1177,9281,564,50,22,0.628,True
2025-02-03 23:57:48,VID_261840,Music,Japanese,US,2360,13250,496,73,19,0.669,True
2024-02-08 08:22:49,VID_361821,Gaming,Japanese,PK,3261,34116,1851,257,47,-0.466,False
2025-05-29 10:19:24,VID_455301,Education,English,IN,1024,8239,136,16,13,0.811,True
2024-08-01 14:02:25,VID_323196,Music,English,UK,430,4410,374,53,6,0.23,True
2025-02-22 11:31:10,VID_707578,Vlogs,Japanese,BR,1726,18063,1691,212,54,0.932,True
2025-06-16 20:22:13,VID_179891,Coding,Japanese,IN,3099,5942,375,27,20,-0.553,False
2025-03-29 02:47:25,VID_905190,Music,Spanish,PK,3519,4122,376,46,9,0.523,True
2024-06-15 14:35:05,VID_716289,Gaming,Spanish,UK,289,6296,81,6,20,0.07,False
2025-05-30 20:27:39,VID_310394,Gaming,Japanese,US,2833,16915,1219,119,69,0.459,True
2024-10-23 23:05:17,VID_500369,Music,Japanese,UK,1763,2619,168,29,3,-0.496,False
2024-10-21 21:21:02,VID_806848,Gaming,Hindi,UK,487,19622,511,30,38,-0.194,True
2025-07-27 02:31:25,VID_885759,Tech Reviews,Urdu,IN,2877,6224,494,39,16,-0.774,True
2025-12-30 22:52:52,VID_184689,Coding,Spanish,PK,2407,9261,603,43,27,0.791,True
2024-06-03 15:48:03,VID_945451,Vlogs,Hindi,IN,1829,17884,572,78,83,0.898,True
2025-09-01 16:37:20,VID_455934,Tech Reviews,Urdu,PK,1809,41241,1367,105,49,0.931,True
2025-01-22 14:53:25,VID_709848,Coding,Japanese,BR,2794,16788,1334,144,57,-0.993,True
2024-01-07 00:51:03,VID_746096,Education,Urdu,US,3508,3597,320,56,14,0.715,True
2024-03-21 14:05:39,VID_288660,Tech Reviews,Japanese,PK,2840,2473,97,5,11,-0.035,False
2024-07-26 18:49:24,VID_534474,Gaming,Spanish,PK,458,20676,767,107,54,0.428,False
2025-02-15 09:04:21,VID_334862,Gaming,Japanese,BR,2235,14909,306,22,24,-0.927,True
2025-07-14 19:40:53,VID_787249,Gaming,Urdu,IN,2240,285,2,0,1,0.88,True
2024-03-25 23:48:33,VID_418410,Education,Hindi,UK,2000,4536,123,11,15,0.504,True
2025-09-27 10:31:17,VID_205902,Gaming,Spanish,PK,858,1242,50,5,3,0.894,True
2024-07-08 08:50:24,VID_970444,Coding,Hindi,PK,2639,9279,651,64,43,0.256,True
2024-05-29 16:31:36,VID_235487,Music,Spanish,BR,2699,478,21,3,1,-0.025,True
2025-07-23 04:57:02,VID_270356,Coding,Hindi,IN,1100,6694,223,12,20,0.638,True
2025-11-01 12:10:58,VID_995986,Tech Reviews,Hindi,PK,765,22835,1045,67,26,0.678,True
2024-06-26 04:45:25,VID_906137,Tech Reviews,Spanish,US,3324,5179,270,24,22,-0.827,True
2025-12-28 03:56:42,VID_895362,Gaming,English,PK,2274,11506,256,20,18,-0.309,True
2024-06-24 08:54:35,VID_636920,Coding,Japanese,IN,2439,35054,1406,260,136,0.992,False
2024-03-20 01:21:09,VID_523623,Vlogs,English,US,3361,7595,95,4,37,0.218,True
2024-10-23 23:07:11,VID_128502,Vlogs,Urdu,IN,2195,11780,628,86,20,-0.497,True
2025-10-15 06:47:03,VID_431445,Coding,Japanese,PK,1127,7265,457,70,25,-0.868,True
2024-02-03 18:09:55,VID_549023,Coding,Hindi,PK,3548,810,52,8,2,-0.528,True
2024-03-20 14:10:17,VID_261928,Education,Spanish,PK,2915,2177,86,16,3,-0.193,True
2024-04-13 09:07:39,VID_514504,Gaming,Japanese,PK,2038,12749,1222,116,15,-0.442,False
2024-03-20 20:34:10,VID_556020,Music,Spanish,US,3049,5327,170,9,12,0.57,True
2025-09-16 11:33:29,VID_775362,Tech Reviews,Hindi,UK,3255,5292,116,19,8,-0.745,True
2025-12-26 17:29:20,VID_988977,Coding,Japanese,PK,1896,2117,46,9,8,-0.739,True
2024-07-27 05:52:55,VID_344170,Coding,Spanish,UK,2245,3569,94,16,8,-0.898,True
2025-02-08 08:56:58,VID_202067,Tech Reviews,Urdu,UK,3230,20169,1879,142,97,0.225,True
2024-01-07 18:45:44,VID_965989,Education,English,BR,2164,19835,1902,356,47,-0.272,True
2024-06-24 02:03:17,VID_190132,Gaming,English,IN,1485,16346,1249,139,29,-0.025,True
2024-10-15 01:04:36,VID_544035,Music,English,PK,1596,1,0,0,0,-0.299,True
2024-01-18 10:30:34,VID_702260,Coding,Hindi,IN,616,1080,83,14,2,0.022,True
2024-02-13 03:54:23,VID_607841,Education,Japanese,BR,2675,9033,589,110,21,0.033,True
2025-11-28 08:24:10,VID_563289,Education,English,IN,1262,6572,185,26,21,-0.478,True
2024-11-13 15:10:16,VID_369598,Gaming,English,UK,747,4260,81,5,7,-0.742,True
2024-03-29 17:43:52,VID_550943,Music,English,IN,2928,1401,57,3,3,-0.171,False
2024-08-04 00:02:29,VID_929356,Vlogs,Japanese,UK,2321,3077,156,23,7,-0.686,True
2025-07-25 11:37:58,VID_468018,Music,Urdu,US,3498,14522,249,23,16,0.933,True
2024-03-04 18:01:05,VID_366803,Education,Hindi,BR,3054,757,14,2,1,0.334,True
2025-02-23 14:20:31,VID_817784,Vlogs,Hindi,US,1896,22375,1958,192,95,0.9,True
2024-03-16 02:16:46,VID_718220,Vlogs,English,PK,2459,4828,108,17,11,-0.454,True
2024-01-18 04:24:58,VID_327338,Tech Reviews,Japanese,BR,1544,7684,134,22,15,-0.058,True
2025-12-30 02:18:54,VID_787545,Gaming,Spanish,PK,2117,23559,947,149,58,-0.707,True
2024-11-28 12:05:25,VID_282975,Tech Reviews,Urdu,UK,970,25105,921,145,33,-0.386,True
2025-08-20 10:23:32,VID_570018,Gaming,English,US,1200,759,18,2,2,-0.545,True
2025-03-18 17:36:32,VID_439833,Gaming,English,BR,1116,2149,66,12,2,-0.231,True
2024-05-04 13:40:00,VID_214730,Coding,Urdu,UK,829,10883,115,20,11,-0.791,False
2025-06-20 15:19:02,VID_588139,Vlogs,Urdu,UK,1808,15130,557,44,27,0.001,False
2024-05-14 23:04:40,VID_536297,Education,Spanish,BR,1592,20599,617,71,59,0.084,False
2024-10-05 15:47:08,VID_824042,Gaming,Spanish,BR,102,5048,458,66,11,0.364,True
2025-08-12 21:15:04,VID_510079,Music,Urdu,UK,678,10950,557,78,41,-0.861,False
2024-02-22 07:47:01,VID_708776,Gaming,Japanese,IN,3335,471,37,4,1,0.869,True
2025-03-20 23:43:20,VID_392416,Gaming,English,BR,2071,9796,888,116,34,-0.542,True
2025-05-09 01:49:26,VID_853298,Vlogs,Spanish,PK,2895,16774,1422,95,80,0.349,True
2025-09-22 22:45:33,VID_439675,Coding,English,BR,2673,18175,1800,157,70,0.576,True
2024-07-31 19:26:56,VID_682283,Music,Urdu,UK,2713,6098,341,59,14,-0.711,False
2024-09-22 00:38:41,VID_917592,Gaming,Hindi,BR,1454,5739,59,11,10,0.19,True
2024-03-04 05:45:16,VID_343417,Vlogs,Hindi,US,1598,7959,440,46,32,-0.116,True
2025-09-09 23:03:42,VID_477772,Music,Hindi,US,690,4654,195,34,11,0.796,True
2024-03-26 20:04:50,VID_160397,Education,Spanish,BR,1639,16744,937,161,25,0.095,True
2025-01-05 16:38:48,VID_357395,Music,Japanese,PK,333,17801,235,32,26,-0.094,True
2024-04-11 05:43:22,VID_221791,Music,Japanese,US,3008,829,77,8,3,-0.603,True
2025-06-19 22:33:42,VID_282447,Coding,Spanish,PK,3266,311,25,3,0,0.773,False
2025-11-07 17:01:40,VID_873315,Tech Reviews,English,BR,3276,6368,503,91,9,-0.823,True
2025-05-19 02:59:50,VID_876426,Vlogs,Spanish,IN,1674,17074,668,43,23,-0.67,True
2024-04-08 22:45:48,VID_898625,Music,English,IN,1223,9793,854,129,38,0.973,True
2025-05-09 02:38:07,VID_356210,Vlogs,English,BR,3104,874,59,7,4,0.027,True
2024-09-15 14:49:22,VID_708095,Coding,Hindi,US,1792,4361,249,24,10,-0.388,True
2024-08-16 11:33:13,VID_257293,Education,Spanish,PK,2288,2952,49,7,4,0.255,False
2024-04-06 16:56:51,VID_497175,Education,Urdu,IN,1915,5222,104,17,20,0.027,False
2024-10-14 12:33:12,VID_837316,Music,Hindi,IN,1619,3065,171,15,14,0.848,True
2025-01-29 19:46:56,VID_820776,Vlogs,English,IN,2174,4609,90,10,22,0.336,True
2025-02-18 04:26:35,VID_931831,Education,English,IN,2024,286,27,2,0,-0.477,False
2024-10-27 20:42:42,VID_213758,Gaming,Japanese,PK,1137,11111,861,155,11,-0.569,True
2024-03-15 01:08:39,VID_436811,Tech Reviews,Spanish,PK,88,15842,416,55,76,-0.21,True
2025-08-08 05:12:57,VID_350848,Music,Japanese,PK,2132,8541,612,106,17,0.494,False
2024-08-28 08:43:13,VID_566827,Music,Japanese,BR,3423,20242,1778,329,100,0.727,False
2024-09-21 04:54:30,VID_990412,Vlogs,Hindi,UK,1469,12324,203,40,43,-0.489,True
2024-03-09 17:06:11,VID_857180,Music,Japanese,BR,531,1270,43,4,3,-0.843,True
2024-10-04 08:03:05,VID_775542,Gaming,Urdu,UK,929,33756,2092,238,50,0.596,False
2024-12-12 08:33:11,VID_538432,Music,English,UK,1766,6426,357,59,27,0.512,True
2024-02-15 22:08:11,VID_574049,Coding,English,IN,2211,832,13,0,0,0.778,True
2025-01-14 17:59:27,VID_651373,Tech Reviews,Urdu,US,559,22073,1893,200,35,0.106,True
2025-12-17 17:15:15,VID_198718,Gaming,Japanese,BR,2271,1681,78,14,1,-0.033,True
2024-05-11 03:40:19,VID_850759,Gaming,Hindi,BR,3403,7124,129,21,30,0.216,True
2025-07-23 20:22:46,VID_549613,Music,Spanish,PK,1330,19627,714,64,31,-0.408,True
2024-12-04 16:04:45,VID_877554,Music,Hindi,UK,2921,1087,101,13,2,0.974,True
2025-02-23 19:32:08,VID_685101,Education,Hindi,UK,96,2378,123,22,4,-0.615,True
2025-02-17 19:28:53,VID_529649,Education,Japanese,PK,3324,863,29,4,3,-0.928,True
2025-01-05 12:33:16,VID_761682,Music,Spanish,PK,300,1405,22,1,3,0.308,False
2025-10-19 03:43:57,VID_230060,Education,Hindi,US,3241,7423,541,60,17,0.434,True
2025-02-19 22:29:17,VID_423195,Vlogs,English,PK,3302,2030,57,6,2,0.442,True
2025-06-19 03:40:43,VID_599438,Gaming,Japanese,BR,1576,2164,48,9,3,-0.43,True
2025-02-18 05:04:31,VID_465863,Gaming,Urdu,IN,1082,9391,211,37,33,-0.02,False
2025-10-27 19:39:54,VID_656859,Gaming,English,IN,1754,2207,216,41,5,0.726,False
2025-03-02 09:49:28,VID_524018,Education,Hindi,BR,2463,3665,165,30,13,0.049,True
2025-12-21 14:43:51,VID_448931,Coding,English,IN,2093,15431,319,47,74,-0.421,True
2025-11-18 03:08:43,VID_996215,Coding,English,PK,120,1660,36,5,5,0.207,True
2025-10-09 19:26:19,VID_644217,Coding,Urdu,IN,893,1762,48,4,8,0.239,True
2025-03-30 16:23:35,VID_151297,Vlogs,Urdu,IN,589,1642,92,16,4,-0.801,True
2025-09-17 15:35:17,VID_793966,Vlogs,Urdu,IN,2852,1053,80,14,3,-0.486,False
2025-09-08 05:09:58,VID_465053,Gaming,Spanish,US,1721,9944,992,95,36,0.339,True
2024-05-14 19:35:35,VID_507696,Gaming,Urdu,IN,2070,18766,1644,259,73,-0.328,True
2024-11-06 19:28:26,VID_534594,Coding,English,PK,286,585,39,3,1,-0.284,True
2024-03-30 07:46:19,VID_216988,Tech Reviews,Spanish,BR,854,582,10,1,2,0.007,False
2025-10-13 13:46:41,VID_119472,Gaming,Urdu,UK,418,56130,889,114,241,0.612,False
2025-04-26 07:50:57,VID_783008,Education,English,PK,137,8525,183,14,14,-0.463,True
2025-11-15 16:36:22,VID_291060,Gaming,English,UK,395,18715,789,137,46,0.266,True
2024-09-07 09:26:22,VID_105514,Tech Reviews,Japanese,IN,1026,1725,90,13,3,0.336,False
2024-11-08 13:46:50,VID_119304,Vlogs,Spanish,IN,1695,6981,450,65,30,-0.883,True
2025-01-14 23:10:30,VID_703141,Vlogs,Hindi,UK,2625,6793,143,14,30,0.486,True
2025-09-30 19:10:07,VID_472858,Music,Urdu,UK,1092,882,47,2,2,0.297,True
2024-09-29 19:14:40,VID_694032,Music,Spanish,PK,456,16240,1329,101,49,-0.757,True
2025-12-16 18:09:52,VID_313497,Gaming,Urdu,PK,1368,16640,1482,209,64,-0.833,True
2024-08-07 17:49:50,VID_776185,Tech Reviews,English,PK,3129,12365,758,43,38,0.975,True
2024-09-24 22:22:23,VID_744107,Education,English,US,2827,15001,330,42,58,0.494,True
2025-06-14 08:52:59,VID_989538,Vlogs,Spanish,IN,95,16222,1604,295,44,0.67,False
2024-08-17 04:52:33,VID_643759,Music,Hindi,PK,2357,5680,284,36,19,-0.388,True
2024-08-28 12:18:39,VID_324697,Education,English,BR,110,9833,748,83,11,-0.282,True
2024-08-06 23:02:14,VID_598708,Music,English,US,2569,4114,225,16,6,0.71,True
2024-11-26 01:39:40,VID_630037,Vlogs,Hindi,IN,811,1709,81,5,7,0.682,True
2024-06-13 04:38:10,VID_590674,Coding,Urdu,IN,278,1574,75,14,2,0.713,False
2024-09-18 21:58:43,VID_684313,Education,English,PK,1538,16588,1214,113,52,0.863,True
2024-12-17 03:50:11,VID_401649,Tech Reviews,Hindi,UK,1478,4593,392,33,11,-0.242,True
2025-08-30 01:17:42,VID_202845,Education,Spanish,US,973,11063,960,185,11,0.133,True
2024-09-25 21:56:51,VID_518578,Coding,Japanese,IN,3292,4028,402,68,13,0.143,True
2024-11-30 11:05:58,VID_367131,Coding,Japanese,IN,1071,158,12,1,0,-0.696,True
2025-01-07 10:40:47,VID_667386,Education,English,IN,1813,6113,347,38,20,0.584,False
2025-07-31 20:26:19,VID_147706,Coding,Spanish,UK,812,23403,1415,220,46,0.251,True
2025-04-23 16:55:48,VID_618894,Vlogs,Japanese,US,1643,27447,2219,205,86,0.298,False
2025-11-25 17:42:12,VID_765782,Education,Urdu,BR,1072,1463,99,19,2,-0.376,True
2024-05-02 14:35:35,VID_250099,Coding,English,US,2266,6700,328,54,7,-0.406,True
2025-02-11 17:04:00,VID_301120,Music,Japanese,PK,2397,7219,505,44,34,0.677,True
2024-07-06 07:12:13,VID_609447,Tech Reviews,Urdu,US,61,3314,298,23,6,0.487,False
2025-11-20 11:51:28,VID_616105,Music,Urdu,BR,350,17953,1363,84,83,-0.072,True
2024-07-13 02:26:17,VID_316379,Gaming,English,PK,934,4375,373,66,10,-0.723,True
2024-04-30 19:31:10,VID_784340,Tech Reviews,Urdu,IN,949,4756,425,76,10,0.282,False
2024-12-20 10:39:02,VID_151708,Coding,Urdu,PK,562,3105,41,6,3,-0.184,True
2025-09-12 05:25:08,VID_792591,Music,Spanish,US,3196,3216,247,45,5,0.058,True
2025-09-29 12:29:31,VID_855803,Tech Reviews,English,PK,3284,2463,97,11,3,-0.853,True
2025-01-06 22:23:32,VID_695428,Coding,Hindi,IN,338,30491,1059,84,126,0.501,True
2024-05-14 13:48:29,VID_403766,Music,Hindi,PK,2209,1763,96,4,7,0.968,True
2024-08-20 17:26:53,VID_909784,Vlogs,English,IN,3193,2453,223,13,8,0.3,True
2025-01-08 07:19:05,VID_999344,Education,Japanese,BR,1135,4682,394,29,15,-0.149,True
2024-01-20 04:43:33,VID_962371,Coding,Spanish,IN,940,2968,237,47,11,0.926,True
2025-10-21 20:44:12,VID_643762,Tech Reviews,Hindi,US,425,13855,944,60,19,-0.299,True
2024-04-29 16:06:49,VID_927557,Education,Spanish,US,3581,21373,737,127,25,0.675,True
2024-07-31 07:35:42,VID_420350,Coding,Spanish,PK,165,184,11,1,0,-0.871,True
2024-01-19 04:16:51,VID_667447,Education,Urdu,BR,247,11824,896,170,50,0.316,True
2024-10-07 12:34:06,VID_672471,Education,Hindi,IN,1242,4548,289,43,21,0.509,True
2024-12-27 01:45:00,VID_262965,Music,Urdu,UK,1048,2362,134,17,10,-0.4,True
2024-10-02 04:21:58,VID_465511,Coding,Japanese,PK,72,14281,150,22,26,0.539,True
2024-04-02 09:17:51,VID_647116,Vlogs,Hindi,US,490,21548,979,59,41,0.729,False
2025-03-26 20:12:41,VID_226429,Tech Reviews,Urdu,BR,1774,5198,242,44,9,-0.679,True
2025-12-30 00:32:55,VID_508033,Education,Urdu,IN,3230,180,11,1,0,0.304,True
2025-10-15 03:11:50,VID_472907,Education,Japanese,UK,472,21440,1194,211,36,0.979,True
2025-01-05 07:51:58,VID_722833,Tech Reviews,English,IN,477,4163,97,16,9,-0.653,True
2025-02-22 21:35:06,VID_461801,Tech Reviews,Japanese,BR,2440,5270,161,14,8,0.526,True
2025-09-14 18:08:40,VID_768639,Tech Reviews,Urdu,UK,1529,1821,36,5,7,-0.174,True
2024-03-08 07:46:56,VID_913073,Gaming,English,IN,269,19964,1134,115,30,-0.54,True
2024-10-23 02:57:33,VID_968570,Tech Reviews,Hindi,IN,3261,33500,1217,201,57,-0.525,True
2025-08-14 16:06:28,VID_391347,Coding,English,IN,2082,22103,1316,115,49,0.581,True
2025-09-04 20:39:50,VID_991499,Gaming,Hindi,UK,1630,715,36,2,1,0.076,False
2024-04-21 15:14:15,VID_401692,Vlogs,Urdu,IN,3476,7237,475,54,34,-0.525,True
2024-10-01 13:12:07,VID_546700,Coding,English,UK,1130,31097,1465,102,56,-0.727,False
2024-03-14 14:10:18,VID_799575,Gaming,Japanese,BR,2562,16221,407,47,46,0.459,True
2024-09-10 23:32:49,VID_872801,Gaming,Japanese,US,2583,41098,1524,124,182,0.277,False
2024-08-24 11:30:11,VID_409761,Coding,English,BR,1329,8452,168,15,16,0.488,False
2025-05-15 23:19:27,VID_945329,Coding,Hindi,UK,1676,3144,71,11,3,0.699,False
2025-06-23 04:07:36,VID_704361,Education,Spanish,UK,3183,4732,76,8,6,0.163,False
2024-10-02 07:34:26,VID_335618,Coding,English,BR,2945,12591,212,15,32,-0.837,True
2024-11-01 08:21:49,VID_577352,Gaming,Japanese,PK,372,5830,226,14,27,-0.224,True
2024-09-28 10:31:17,VID_569201,Vlogs,Japanese,IN,3483,11379,769,117,54,-0.414,False
2024-08-27 22:29:16,VID_706032,Vlogs,English,BR,1927,6939,294,36,10,-0.205,True
2025-02-09 20:53:55,VID_762813,Gaming,Hindi,IN,1219,40311,1343,146,60,-0.998,False
2024-06-03 03:02:54,VID_903225,Vlogs,Urdu,BR,1368,22185,223,29,89,-0.301,True
2025-08-30 13:39:42,VID_703805,Vlogs,Spanish,UK,1598,7383,79,14,13,-0.736,False
2025-07-24 04:54:56,VID_954147,Coding,Hindi,PK,1351,71,5,0,0,0.758,True
2024-04-25 13:43:52,VID_629000,Tech Reviews,English,PK,2344,6171,454,75,24,-0.573,True
2024-10-16 03:38:48,VID_563612,Music,Spanish,IN,1403,17764,968,111,38,0.502,True
2024-10-08 15:30:29,VID_203324,Gaming,English,BR,2177,6939,456,63,20,0.684,False
2025-05-24 16:38:59,VID_291096,Education,Urdu,PK,1979,3958,239,39,13,-0.367,True
2025-10-25 00:00:33,VID_715931,Music,English,IN,183,26097,1108,219,51,0.356,True
2025-02-07 18:34:59,VID_821040,Tech Reviews,English,BR,263,20938,2034,194,36,0.32,True
2024-02-08 03:50:26,VID_114282,Coding,Urdu,US,1258,2439,26,4,11,0.768,False
2024-06-18 11:38:35,VID_933602,Tech Reviews,Urdu,IN,2800,38981,3318,446,69,0.815,True
2025-03-03 04:41:34,VID_414180,Education,Spanish,US,1084,9678,789,132,46,-0.77,True
2024-04-22 01:15:35,VID_254648,Gaming,Spanish,IN,2149,11452,365,36,31,0.045,True
2025-09-18 02:36:21,VID_864526,Coding,Hindi,US,890,19435,1402,139,50,0.288,True
2025-02-20 21:28:27,VID_576787,Coding,Hindi,PK,232,5492,348,32,6,0.143,False
2024-03-01 15:57:22,VID_160896,Coding,Spanish,IN,1362,1118,95,15,4,0.659,True
2024-12-30 10:16:26,VID_665767,Education,Hindi,UK,2369,11284,143,8,25,-0.78,True
2025-02-09 17:07:19,VID_721232,Education,Hindi,BR,336,4784,108,9,15,-0.323,True
2025-10-25 01:23:05,VID_369698,Vlogs,Hindi,UK,2976,5127,466,74,6,-0.431,True
2024-11-07 09:42:12,VID_887435,Gaming,Hindi,PK,1454,8028,375,57,24,-0.574,True
2025-12-16 00:48:13,VID_373428,Education,Japanese,BR,1842,2326,221,12,4,0.069,False
2024-09-06 13:03:45,VID_356284,Tech Reviews,English,BR,601,1799,99,7,2,0.051,False
2025-06-24 23:37:37,VID_442525,Gaming,Spanish,UK,2724,7974,739,38,25,0.072,False
2024-04-25 04:32:36,VID_263108,Vlogs,English,IN,1290,21393,1438,160,102,0.433,True
2025-10-01 08:35:58,VID_790631,Tech Reviews,Urdu,BR,1290,1548,34,5,3,0.971,True
2024-03-16 18:44:20,VID_879592,Vlogs,Urdu,US,1264,2680,179,10,5,-0.828,True
2024-01-31 00:22:54,VID_827052,Tech Reviews,Urdu,BR,2495,5561,167,9,10,-0.442,True
2024-07-16 00:52:58,VID_425811,Vlogs,Urdu,UK,3174,7864,304,45,26,-0.507,True
2024-01-23 10:04:53,VID_533887,Education,Spanish,BR,486,4308,80,7,10,0.468,True
2024-08-10 14:43:33,VID_367204,Tech Reviews,Urdu,BR,591,15715,195,33,18,0.603,True
2024-05-07 02:30:26,VID_793025,Vlogs,Urdu,BR,1784,16674,1234,241,69,-0.844,False
2024-06-21 02:14:14,VID_915302,Coding,Spanish,BR,3078,25929,401,31,120,-0.443,True
2024-08-02 11:27:51,VID_873161,Tech Reviews,Hindi,US,3586,2499,69,13,7,0.417,True
2025-01-06 12:24:42,VID_584829,Gaming,Hindi,US,2867,2478,231,15,8,-0.868,True
2024-10-30 20:02:39,VID_569597,Vlogs,Urdu,PK,2493,19016,1494,90,89,-0.036,True
2024-09-13 00:10:33,VID_107185,Tech Reviews,Japanese,IN,1112,998,40,4,1,0.394,True
2024-09-15 08:09:12,VID_300161,Education,Hindi,UK,869,48660,1342,211,114,0.023,True
2025-01-15 15:02:26,VID_759350,Gaming,Japanese,UK,3409,26867,2380,170,86,0.956,True
2025-03-21 05:14:28,VID_859089,Education,Spanish,PK,1417,4958,457,81,21,-0.956,True
2024-11-06 22:26:35,VID_258528,Education,Japanese,BR,3493,16323,1167,90,20,-0.925,True
2024-10-26 01:30:49,VID_354469,Vlogs,Hindi,UK,3257,5530,173,16,17,0.604,True
2025-06-23 17:29:42,VID_249185,Coding,Japanese,PK,1543,5054,231,23,22,0.392,True
2025-03-16 00:50:40,VID_805089,Tech Reviews,Japanese,BR,2041,27024,2427,226,56,-0.526,True
2025-03-12 16:02:38,VID_289467,Tech Reviews,Japanese,PK,2413,2434,75,4,10,-0.127,True
2024-06-03 22:12:42,VID_167976,Tech Reviews,Urdu,BR,2799,193,5,0,0,0.293,False
2025-05-06 21:31:53,VID_112644,Tech Reviews,Urdu,US,1725,8453,410,26,17,0.034,True
2024-06-15 11:42:55,VID_663976,Music,Spanish,PK,2322,17433,456,48,77,-0.989,True
2025-12-16 09:07:15,VID_853675,Gaming,English,US,222,1656,109,5,3,0.271,True
2024-06-15 22:28:29,VID_564762,Education,Japanese,UK,2474,6477,457,49,7,0.214,False
2025-03-18 15:25:11,VID_567766,Education,Spanish,IN,159,1581,148,8,5,-0.788,False
2025-03-11 02:38:00,VID_517342,Coding,Japanese,PK,1923,14570,1265,210,14,-0.38,True
2024-07-01 01:04:05,VID_880499,Coding,Japanese,UK,957,678,59,6,1,0.103,True
2024-04-10 20:36:07,VID_612980,Music,Urdu,BR,1151,21710,2092,416,61,0.726,True
2025-08-09 07:30:12,VID_257037,Tech Reviews,Hindi,US,685,15190,836,163,15,-0.392,True
2024-10-18 10:26:38,VID_979131,Vlogs,Urdu,BR,783,3549,188,16,8,-0.889,True
2024-04-06 17:27:16,VID_444208,Music,Japanese,IN,434,6633,494,83,11,0.814,False
2025-01-22 20:34:50,VID_382875,Music,English,IN,3247,16110,694,68,60,-0.936,True
2025-12-19 06:27:26,VID_558704,Vlogs,Urdu,IN,3140,30540,1214,66,141,0.424,True
2024-09-26 23:50:25,VID_482377,Gaming,Japanese,IN,2944,22239,1209,213,93,-0.997,False
2024-06-05 15:46:47,VID_674680,Education,Hindi,PK,762,494,13,2,0,0.281,True
2025-01-05 19:19:04,VID_945019,Tech Reviews,Hindi,IN,3020,41208,2040,225,96,0.789,True
2024-01-25 01:51:44,VID_908524,Gaming,Japanese,IN,1614,5031,68,7,5,0.764,True
2025-09-20 11:43:56,VID_876432,Vlogs,Spanish,IN,1457,29604,2166,350,118,0.077,True
2025-01-30 18:18:43,VID_711760,Gaming,Hindi,PK,1536,488,8,0,2,0.914,False
2025-12-11 10:10:36,VID_654293,Gaming,Japanese,IN,1062,6574,613,48,29,0.363,True
2024-05-27 09:54:56,VID_165073,Education,Spanish,IN,858,16132,1162,155,71,-0.317,True
2025-08-27 03:52:27,VID_825780,Gaming,English,UK,1053,5290,247,26,19,0.138,True
2024-03-08 01:04:51,VID_672498,Coding,Urdu,BR,2145,21543,1432,167,99,0.763,True
2025-10-06 23:48:21,VID_508299,Music,English,BR,3552,1329,96,15,4,0.083,True
2024-10-31 02:58:00,VID_398574,Coding,Urdu,US,270,8947,505,83,43,-0.042,True
2024-02-05 21:37:11,VID_226136,Tech Reviews,Spanish,PK,2724,9517,225,15,42,-0.148,True
2025-04-13 15:41:03,VID_668904,Coding,Japanese,BR,3216,932,65,7,0,0.608,True
2025-12-26 09:53:20,VID_473139,Coding,Japanese,BR,2661,4387,134,26,4,0.739,False
2025-11-09 11:14:01,VID_620846,Vlogs,English,UK,3094,1938,155,13,5,-0.584,True
2024-04-21 04:02:30,VID_319000,Tech Reviews,Japanese,UK,1133,33788,3246,201,66,-0.27,True
2024-11-08 21:34:00,VID_887041,Gaming,Japanese,US,1380,9980,936,142,47,-0.452,True
2025-09-21 18:49:21,VID_915674,Vlogs,Urdu,IN,2036,20493,1481,230,43,-0.637,True
2025-08-01 12:25:13,VID_506728,Gaming,English,BR,2320,2858,84,10,9,-0.15,True
2025-05-14 14:44:55,VID_456060,Music,English,UK,2073,8704,483,30,21,-0.565,False
2024-12-31 01:28:28,VID_868032,Coding,Urdu,IN,3362,54812,2636,476,137,0.462,True
2025-07-19 03:31:54,VID_623179,Tech Reviews,English,UK,528,2615,84,8,12,-0.528,True
2024-02-10 00:54:27,VID_562282,Music,Urdu,US,2059,7417,706,59,18,0.139,True
2024-03-08 02:30:39,VID_120879,Education,Japanese,BR,2184,3138,161,13,6,0.36,True
2024-10-12 19:21:17,VID_697233,Tech Reviews,Japanese,US,1641,11432,254,40,25,-0.521,True
2025-12-22 05:19:32,VID_248043,Vlogs,Hindi,BR,2861,782,71,11,3,-0.784,True
2024-10-04 16:48:45,VID_614992,Education,Spanish,BR,497,14748,1101,147,27,0.834,True
2024-01-11 08:26:17,VID_180025,Vlogs,Japanese,IN,1350,11200,588,35,12,0.469,True
2025-07-15 06:45:57,VID_484778,Education,Japanese,PK,712,1169,95,18,1,0.946,True
2025-05-20 06:00:13,VID_594136,Gaming,English,PK,523,2858,182,33,11,0.571,True
2024-08-19 04:12:20,VID_119181,Tech Reviews,Hindi,BR,152,4361,195,14,12,-0.314,True
2024-09-15 13:12:19,VID_220169,Music,Urdu,US,2114,5429,387,55,15,0.086,False
2025-05-27 03:30:37,VID_566160,Music,Japanese,UK,3411,8430,142,9,18,0.046,False
2025-01-13 20:35:57,VID_408221,Vlogs,Spanish,PK,1927,15521,296,14,19,0.893,True
2025-07-31 15:35:27,VID_545826,Vlogs,English,UK,2477,298,27,5,0,-0.257,True
2024-06-30 11:33:30,VID_951704,Vlogs,Hindi,BR,111,6355,211,35,16,0.349,True
2025-04-11 01:03:56,VID_110375,Vlogs,Hindi,PK,3027,5775,281,20,17,0.186,False
2024-12-15 15:56:14,VID_403377,Vlogs,Japanese,US,3189,27456,2108,151,60,-0.916,False
2025-04-24 09:09:49,VID_510923,Tech Reviews,Spanish,IN,1432,2376,234,40,6,-0.429,True
2024-07-10 15:53:18,VID_893572,Tech Reviews,Hindi,UK,2905,25207,1310,231,79,0.515,True
2025-05-17 14:19:55,VID_257529,Education,Spanish,IN,2465,3679,318,61,15,0.679,True
2024-09-02 17:14:34,VID_522862,Education,Spanish,IN,756,3870,206,26,9,-0.171,True
2025-12-24 23:05:29,VID_175949,Music,Spanish,BR,2267,25232,1803,143,119,0.979,True
2025-07-10 14:46:55,VID_807419,Music,Spanish,US,1945,10034,290,16,40,0.823,False
2025-11-05 13:57:20,VID_765754,Music,Japanese,US,727,2912,38,4,4,-0.492,False
2025-01-08 01:36:23,VID_722309,Tech Reviews,Hindi,US,2729,19148,1776,211,87,0.215,True
2024-01-21 15:22:22,VID_410808,Coding,Spanish,PK,2018,6995,384,30,14,0.723,True
2025-07-01 07:53:57,VID_563176,Coding,English,PK,1462,5893,531,99,20,-0.231,False
2024-07-28 19:41:04,VID_722057,Coding,Spanish,UK,3018,26569,1367,242,54,0.809,True
2025-05-25 06:32:02,VID_774884,Tech Reviews,Urdu,IN,386,9776,400,38,17,0.28,True
2025-03-07 17:30:48,VID_231646,Music,Urdu,BR,2685,39257,2264,195,63,0.963,True
2024-01-31 07:20:53,VID_937351,Gaming,Urdu,UK,3149,1532,139,17,7,0.169,True
2024-01-09 14:11:49,VID_168500,Coding,Urdu,BR,1831,14619,473,23,16,-0.715,False
2025-04-05 03:31:41,VID_772410,Music,Urdu,UK,1878,7227,317,27,7,0.7,True
2025-10-16 05:32:27,VID_100055,Coding,Hindi,BR,566,12909,744,124,48,-0.547,True
2025-11-06 01:01:51,VID_641121,Tech Reviews,Spanish,IN,658,1847,37,3,7,-0.536,False
2025-01-15 10:40:32,VID_142906,Coding,Japanese,UK,1701,5705,144,23,26,-0.006,True
2025-11-14 10:05:02,VID_328934,Vlogs,Hindi,IN,1517,17943,284,43,57,0.311,False
2024-12-29 18:26:18,VID_584967,Music,Hindi,US,3206,2561,134,13,3,-0.008,False
2025-01-15 15:08:45,VID_323117,Tech Reviews,Spanish,PK,2070,19606,1298,254,54,0.966,True
2025-09-06 23:45:17,VID_198756,Tech Reviews,Japanese,US,3221,3971,98,17,11,-0.7,True
2024-03-16 20:37:39,VID_651827,Coding,Japanese,PK,1418,4585,283,30,15,0.222,True
2024-09-07 21:36:16,VID_298381,Vlogs,Spanish,IN,2877,4144,231,12,9,-0.935,True
2025-08-10 02:58:12,VID_417653,Coding,English,PK,1531,35378,3401,525,153,0.528,True
2024-11-12 13:51:02,VID_501658,Coding,Hindi,IN,1613,11309,339,54,42,0.822,True
2024-08-18 00:43:05,VID_365812,Music,English,PK,1758,40231,1659,187,196,-0.358,True
2024-08-13 14:07:38,VID_584893,Music,Spanish,PK,3151,12388,915,130,17,-0.209,True
2024-09-23 02:20:37,VID_276644,Music,Japanese,BR,1386,8346,750,108,20,0.576,True
2025-12-14 22:48:07,VID_884714,Tech Reviews,Spanish,PK,2114,20213,1745,197,66,-0.287,True
2024-09-11 16:14:36,VID_696230,Coding,Spanish,US,2048,3966,126,14,18,0.262,True
2025-05-04 16:19:47,VID_273670,Tech Reviews,Urdu,PK,1282,2181,194,26,10,-0.225,True
2024-02-09 08:40:46,VID_410462,Vlogs,English,US,2692,13992,1253,222,45,-0.498,True
2024-11-20 01:26:55,VID_808991,Gaming,Spanish,UK,1902,3036,100,5,7,-0.782,True
2025-09-26 04:10:51,VID_416040,Vlogs,English,PK,1751,7330,490,32,10,0.017,True
2024-03-28 01:46:11,VID_143260,Vlogs,Spanish,IN,1012,7532,213,12,14,0.188,True
2025-10-27 15:37:20,VID_889658,Vlogs,Hindi,BR,2489,27341,662,85,107,-0.536,True
2025-01-15 20:35:38,VID_626177,Coding,Spanish,UK,656,4506,140,14,12,0.176,True
2024-02-13 04:22:23,VID_450112,Education,Spanish,BR,415,24969,1142,119,57,-0.469,True
2025-11-04 02:11:18,VID_133985,Vlogs,English,UK,1166,223,12,2,1,0.847,False
2025-09-23 08:38:00,VID_975560,Music,English,PK,1329,5768,70,12,12,-0.789,True
2024-09-01 21:06:30,VID_268290,Education,Japanese,IN,2606,3462,121,12,13,0.541,False
2025-06-25 11:15:12,VID_447682,Music,Japanese,PK,2207,5973,356,24,14,-0.313,True
2024-05-30 11:25:36,VID_816611,Vlogs,Japanese,IN,1387,16363,1634,189,61,0.674,True
2025-01-09 03:59:43,VID_477504,Tech Reviews,English,IN,1591,10645,1063,130,29,0.326,True
2024-12-28 01:55:40,VID_156406,Music,Japanese,UK,1286,12751,536,87,56,0.588,True
2024-11-15 18:09:42,VID_199369,Music,Urdu,PK,2889,4501,182,15,21,-0.748,True
2025-03-08 14:35:11,VID_225986,Gaming,Hindi,PK,1451,5066,104,9,18,0.455,True
2025-10-01 06:56:00,VID_222122,Vlogs,Japanese,BR,2661,37693,3060,538,58,0.826,True
2024-01-14 05:53:59,VID_832005,Education,Japanese,PK,1251,3752,110,12,8,-0.418,True
2025-12-07 22:07:55,VID_777294,Gaming,Urdu,BR,444,2381,82,15,10,0.484,False
2025-02-09 21:43:29,VID_176813,Tech Reviews,Hindi,IN,2166,11282,338,40,18,-0.744,False
2025-12-23 18:55:34,VID_762810,Gaming,Spanish,PK,922,10599,585,50,33,0.878,True
2025-08-07 04:33:32,VID_814929,Vlogs,Japanese,US,2785,15446,1273,181,51,-0.87,True
2025-11-13 11:52:23,VID_823904,Tech Reviews,English,IN,987,3063,37,2,6,-0.755,True
2025-12-22 19:48:39,VID_214670,Music,Spanish,US,3553,7617,237,35,27,0.927,True
2024-03-03 21:13:04,VID_732636,Tech Reviews,Japanese,BR,1301,1139,83,9,4,0.137,False
2024-11-11 18:10:58,VID_590241,Gaming,Hindi,US,2031,1465,143,17,2,-0.581,False
2025-05-04 11:32:30,VID_332258,Gaming,English,UK,1966,8052,429,59,16,-0.723,True
2024-02-03 07:40:51,VID_790038,Tech Reviews,Urdu,UK,1837,14924,1102,183,18,-0.037,True
2024-01-23 04:28:21,VID_611010,Tech Reviews,Urdu,US,1152,945,43,4,1,-0.492,True
2025-05-13 07:05:02,VID_500135,Education,Hindi,US,1420,86,6,0,0,-0.424,True
2024-05-09 06:51:50,VID_149884,Gaming,Urdu,PK,1429,3176,41,3,10,-0.336,True
2025-10-06 12:22:48,VID_431802,Education,Japanese,PK,795,11071,693,105,45,-0.336,False
2024-04-07 05:11:50,VID_854063,Education,English,UK,3103,8828,710,98,24,-0.936,True
2024-08-13 16:18:37,VID_966547,Vlogs,Hindi,BR,2083,9321,816,159,19,0.31,False
2025-07-26 18:38:59,VID_850417,Vlogs,Japanese,PK,416,21395,1493,279,70,-0.05,True
2024-01-05 03:28:57,VID_740740,Tech Reviews,Urdu,BR,2562,2846,30,5,6,-0.931,True
2024-01-07 02:27:58,VID_219604,Coding,Japanese,US,3276,3220,311,49,7,0.578,True
2024-05-28 16:09:58,VID_363280,Education,Spanish,US,3407,1034,47,5,2,-0.401,True
2025-09-21 08:52:42,VID_552705,Tech Reviews,Spanish,PK,3014,18362,1807,236,18,-0.029,True
2025-05-27 13:19:42,VID_733598,Education,Urdu,BR,812,4483,315,53,5,0.304,True
2025-10-30 02:38:58,VID_445772,Education,Hindi,US,3523,4432,303,48,17,-0.095,True
2024-04-25 18:25:27,VID_569346,Music,Spanish,UK,3040,15302,553,41,33,-0.761,True
2024-12-07 06:34:03,VID_198852,Education,Spanish,US,1751,2984,100,12,9,-0.059,True
2025-05-16 20:35:41,VID_391870,Coding,Spanish,PK,720,16374,478,31,76,-0.631,True
2025-03-08 23:26:55,VID_796330,Tech Reviews,English,PK,2860,10695,265,24,43,0.425,False
2024-06-19 15:21:24,VID_173717,Music,Hindi,BR,815,12630,1058,197,39,0.785,True
2025-06-20 20:36:40,VID_217703,Tech Reviews,Spanish,BR,1849,24464,1525,193,106,-0.003,True
2024-03-01 01:20:49,VID_462359,Tech Reviews,English,UK,1972,3634,129,13,16,0.739,True
2025-05-22 01:34:00,VID_945532,Tech Reviews,Japanese,IN,2336,8738,850,168,39,-0.691,True
2024-03-25 17:05:56,VID_848668,Coding,Hindi,UK,2890,5114,206,22,21,-0.127,True
2024-05-18 21:05:20,VID_612062,Gaming,Spanish,US,1603,7330,584,45,31,0.357,False
2025-03-08 01:52:22,VID_638481,Coding,Hindi,BR,874,38,3,0,0,0.528,False
2025-06-15 05:14:52,VID_934110,Gaming,Hindi,UK,1802,6793,588,72,22,0.732,True
2025-05-02 09:41:17,VID_854266,Tech Reviews,Hindi,BR,2378,2161,98,7,10,0.968,True
2025-04-23 06:19:52,VID_673499,Gaming,Hindi,US,1199,638,18,2,2,-0.789,False
2025-01-18 16:08:29,VID_262077,Education,Hindi,BR,2257,15685,221,38,17,-0.391,True
2025-02-08 13:26:34,VID_879803,Music,Urdu,BR,2313,7974,356,71,36,0.355,True
2024-08-31 08:52:55,VID_979864,Tech Reviews,Spanish,IN,895,906,34,1,2,-0.962,True
2024-07-03 23:47:11,VID_851071,Coding,Hindi,PK,830,1678,102,13,7,-0.363,False
2024-11-22 07:44:06,VID_678118,Education,Urdu,UK,2766,1955,169,19,2,0.946,True
2025-01-21 04:17:21,VID_445422,Vlogs,Spanish,PK,1120,9151,141,17,24,-0.917,True
2024-08-18 10:28:11,VID_450039,Education,Hindi,US,2985,10623,955,94,37,0.908,True
2024-11-25 07:56:17,VID_328372,Education,English,US,2346,19086,588,32,71,0.09,True
2024-01-28 10:27:39,VID_984690,Vlogs,Urdu,PK,854,3744,82,8,12,-0.953,True
2025-07-07 18:57:53,VID_573959,Coding,Hindi,US,3076,41443,427,24,121,0.512,True
2024-08-21 03:14:49,VID_773522,Education,Japanese,US,3508,3504,272,43,13,0.78,True
2024-10-16 13:23:50,VID_173196,Vlogs,Spanish,PK,493,10513,139,19,31,-0.734,True
2024-04-24 02:05:40,VID_145599,Education,English,IN,3547,5462,302,49,9,0.202,True
2025-03-04 02:18:48,VID_429733,Education,Spanish,UK,1926,20710,1794,229,97,-0.475,True
2024-09-26 00:10:36,VID_732116,Tech Reviews,Urdu,IN,2230,14728,1192,184,56,0.822,False
2024-01-07 11:48:10,VID_153820,Gaming,Hindi,PK,2564,19287,1771,228,26,-0.95,True
2025-10-19 08:39:00,VID_611693,Music,Urdu,IN,2988,3591,136,21,7,0.443,False
2025-03-24 17:27:01,VID_908782,Vlogs,Hindi,IN,1363,7906,292,26,39,-0.836,True
2024-08-16 19:25:30,VID_117827,Education,Spanish,US,3596,17563,1255,195,27,-0.369,True
2024-11-30 09:17:50,VID_253184,Tech Reviews,Urdu,PK,1722,7938,604,80,25,-0.106,True
2024-08-01 18:27:10,VID_982472,Vlogs,Spanish,BR,2546,2536,220,21,8,0.487,True
2025-12-01 10:58:22,VID_180491,Tech Reviews,English,UK,292,9540,159,13,22,0.674,True
2025-11-22 14:16:17,VID_890236,Gaming,Urdu,UK,82,17681,1344,172,36,-0.606,False
2024-11-26 22:39:19,VID_221247,Tech Reviews,English,PK,361,14769,983,153,56,0.198,True
2025-11-07 04:25:30,VID_210368,Tech Reviews,Spanish,UK,1247,9845,415,69,16,0.319,True
2025-08-31 22:14:50,VID_666959,Tech Reviews,Japanese,US,2782,4079,236,25,8,0.947,True
2025-12-23 21:33:54,VID_753506,Vlogs,Spanish,UK,1816,6768,165,22,10,-0.965,True
2025-03-24 23:28:01,VID_752822,Music,Japanese,US,108,2082,173,14,8,0.661,True
2025-04-21 15:50:09,VID_951523,Music,Spanish,US,870,958,88,8,1,-0.031,False
2024-01-01 16:23:53,VID_190729,Gaming,English,BR,1688,9522,544,41,43,-0.258,True
2024-08-21 22:37:56,VID_971677,Gaming,Hindi,IN,1146,8739,345,22,8,-0.281,True
2025-03-03 00:13:22,VID_102417,Tech Reviews,English,UK,1109,6506,409,55,6,-0.957,True
2025-09-23 16:26:31,VID_821952,Coding,Hindi,US,755,7284,402,51,31,0.406,True
2024-03-28 20:15:40,VID_690308,Coding,Spanish,PK,3114,22434,2053,297,64,-0.856,True
2024-11-08 11:20:17,VID_245731,Coding,Urdu,BR,256,19697,1252,80,21,-0.038,True
2025-03-22 02:06:00,VID_997561,Gaming,Spanish,US,2321,3857,234,26,4,-0.345,True
2024-09-11 16:56:19,VID_602662,Music,Urdu,BR,2910,6938,199,35,21,-0.596,True
2025-12-24 11:09:09,VID_482660,Coding,Hindi,BR,2336,4492,282,31,9,0.573,True
2024-10-21 03:08:58,VID_405356,Music,Japanese,UK,3018,3878,118,10,10,0.72,True
2024-05-20 13:43:36,VID_557701,Music,Spanish,US,2737,23954,1056,75,107,-0.912,True
2024-10-28 12:37:02,VID_875663,Coding,Hindi,US,3006,2016,130,13,7,-0.925,False
2025-01-07 18:07:30,VID_527544,Tech Reviews,English,BR,3069,2315,140,20,9,-0.973,True
2025-06-10 13:04:26,VID_535144,Gaming,English,UK,3279,4535,393,26,9,0.066,True
2024-05-17 13:37:23,VID_844204,Education,Hindi,BR,2686,3128,190,17,3,0.413,True
2024-05-11 02:48:47,VID_861453,Coding,Spanish,UK,1001,4736,326,49,12,-0.34,True
2024-06-26 06:21:52,VID_354608,Education,English,BR,870,24140,1746,264,27,-0.085,True
2024-03-03 11:52:03,VID_847216,Vlogs,Japanese,PK,2075,2472,157,12,9,-0.466,True
2024-09-01 09:18:19,VID_629066,Gaming,Japanese,PK,2462,11352,461,60,33,0.015,True
2024-06-19 02:45:44,VID_701815,Vlogs,Japanese,US,2979,11977,798,82,47,-0.105,False
2025-07-06 12:56:15,VID_222499,Tech Reviews,Japanese,IN,1978,2989,257,25,11,0.48,True
2024-09-05 06:13:03,VID_436207,Tech Reviews,Urdu,US,979,618,57,4,2,-0.379,True
2025-11-09 18:45:28,VID_876321,Vlogs,Japanese,IN,265,10256,790,56,37,0.102,True
2024-04-14 17:51:27,VID_721154,Tech Reviews,Urdu,IN,2083,11322,564,61,11,-0.19,True
2024-01-28 09:33:37,VID_131428,Music,Urdu,UK,410,17385,529,63,22,0.53,True
2024-03-16 02:59:25,VID_850832,Tech Reviews,Japanese,IN,2674,5530,166,30,20,0.94,True
2024-11-23 00:03:19,VID_797154,Gaming,Spanish,UK,536,3921,53,7,5,0.683,False
2024-06-27 05:30:44,VID_333116,Vlogs,Hindi,IN,3219,3757,51,8,18,0.254,True
2024-09-26 07:53:08,VID_172890,Vlogs,English,PK,2817,3736,198,36,7,-0.737,True
2024-11-03 07:49:27,VID_437776,Gaming,English,US,2072,1296,36,6,5,0.711,True
2025-09-03 05:51:39,VID_423681,Music,Japanese,IN,1628,6742,648,81,24,-0.435,False
2024-12-07 02:40:48,VID_333769,Music,Spanish,BR,3158,9126,199,11,16,0.872,False
2025-08-29 03:09:37,VID_493785,Education,Hindi,UK,656,42,2,0,0,0.333,True
2025-05-09 12:44:46,VID_544613,Coding,English,BR,801,6663,398,58,11,-0.733,True
2024-08-04 19:12:45,VID_604920,Tech Reviews,Japanese,US,413,4561,313,41,14,0.412,True
2025-04-05 18:39:05,VID_280432,Education,Japanese,IN,100,12105,911,52,19,0.342,True
2024-09-24 16:25:04,VID_721797,Coding,Japanese,UK,311,2728,270,40,12,0.635,False
2025-09-27 13:31:22,VID_207886,Tech Reviews,Urdu,IN,1329,35245,1228,98,175,-0.521,True
2025-07-10 12:35:15,VID_681551,Music,English,US,1131,2677,119,6,12,-0.492,True
2024-09-09 15:03:54,VID_132878,Music,Japanese,US,1123,2934,30,3,11,0.541,False
2025-01-11 19:14:48,VID_196961,Coding,Spanish,IN,2607,2407,70,10,7,0.682,False
2025-11-26 21:25:17,VID_759602,Gaming,Japanese,US,76,2665,31,4,7,0.896,False
2025-09-20 13:55:49,VID_243242,Education,English,PK,2751,11419,117,9,21,0.503,True
2024-10-16 13:23:44,VID_125554,Tech Reviews,Spanish,IN,3187,4383,111,16,20,0.984,True
2024-08-21 19:36:17,VID_224168,Coding,Japanese,BR,3061,8738,432,36,42,-0.904,True
2024-07-10 08:04:31,VID_300176,Gaming,Urdu,BR,497,20823,1988,264,58,0.247,False
2025-11-22 07:13:56,VID_319725,Gaming,English,US,1399,7124,538,77,30,0.41,True
2025-12-22 21:21:17,VID_950031,Coding,Japanese,IN,1368,26394,2061,165,72,-0.097,True
2025-09-13 02:55:05,VID_915395,Music,Japanese,PK,1590,8017,176,19,20,-0.489,True
2025-05-12 16:38:56,VID_425923,Music,English,BR,740,2654,263,52,4,-0.562,True
2025-05-17 10:54:22,VID_123604,Music,Urdu,PK,2589,1366,71,9,6,0.014,True
2024-06-09 13:24:09,VID_725608,Coding,Japanese,IN,2247,1981,113,13,4,0.874,True
2024-11-15 22:58:56,VID_604239,Gaming,English,US,81,7128,244,24,15,-0.161,True
2025-10-13 10:20:24,VID_604739,Vlogs,Urdu,BR,1793,3034,167,23,3,0.899,False
2024-10-02 08:22:00,VID_784547,Vlogs,Urdu,UK,2968,9563,570,39,9,0.408,True
2024-12-28 21:28:22,VID_809557,Tech Reviews,Urdu,UK,3031,14203,183,29,60,0.748,True
2024-08-13 23:50:10,VID_554949,Coding,English,IN,3005,7087,602,55,34,0.142,True
2024-05-06 01:23:57,VID_184712,Education,Urdu,US,3166,27671,2520,208,106,-0.363,True
2024-12-09 01:32:30,VID_986473,Tech Reviews,Urdu,BR,1272,21240,1675,172,75,0.011,True
2024-12-05 04:54:41,VID_706451,Tech Reviews,Japanese,UK,787,4284,101,16,11,0.589,False
2024-06-14 18:28:50,VID_854933,Gaming,Spanish,PK,83,4689,334,46,10,0.359,True
2024-09-03 23:43:22,VID_869762,Music,Japanese,UK,3199,21397,525,31,74,0.499,True
2024-10-25 02:01:28,VID_895345,Gaming,English,UK,151,4619,352,69,16,0.731,True
2024-11-08 22:20:14,VID_743271,Vlogs,Urdu,UK,3042,7421,224,22,23,0.258,False
2025-04-25 22:07:51,VID_139209,Education,Spanish,PK,1865,7592,535,74,36,0.996,True
2025-12-20 17:09:02,VID_682217,Gaming,Spanish,PK,1848,12093,1021,155,45,0.893,True
2024-01-12 06:12:06,VID_203558,Vlogs,Spanish,IN,1007,6539,187,23,15,-0.922,True
2025-12-30 23:19:25,VID_341658,Education,Japanese,BR,249,22492,2065,351,27,0.102,True
2025-02-15 18:49:05,VID_737131,Vlogs,Urdu,IN,458,489,33,4,1,0.817,True
2025-05-14 04:53:13,VID_756000,Gaming,Urdu,UK,190,24815,293,55,82,-0.941,True
2025-01-22 14:06:58,VID_234437,Tech Reviews,Spanish,PK,2275,3945,329,50,17,-0.456,True
2024-07-29 05:26:53,VID_460197,Coding,English,UK,627,5195,343,26,22,0.456,True
2025-10-25 05:23:31,VID_388058,Coding,Japanese,US,2287,9267,482,48,44,0.495,True
2024-01-11 16:07:44,VID_842376,Education,Japanese,PK,3033,4281,305,43,6,0.98,True
2024-08-03 04:04:41,VID_174723,Education,Urdu,IN,907,18007,1265,188,36,-0.983,True
2025-08-25 01:58:25,VID_355005,Vlogs,English,US,2904,21718,300,37,105,-0.135,True
2025-08-29 00:55:10,VID_192126,Education,English,BR,3289,17138,870,61,85,-0.587,True
2025-12-14 05:06:45,VID_663349,Music,Hindi,UK,1051,1935,135,17,2,-0.828,False
2025-01-08 19:46:56,VID_956394,Vlogs,Urdu,US,1557,1995,63,8,4,-0.088,False
2024-03-27 02:28:34,VID_449104,Vlogs,Urdu,US,2549,1587,77,9,4,0.284,True
2025-06-27 09:56:42,VID_798628,Music,Spanish,PK,1548,9280,845,144,37,-0.674,True
2025-06-05 17:06:15,VID_423610,Coding,Urdu,IN,388,556,30,3,1,0.509,True
2025-11-26 15:32:19,VID_887888,Tech Reviews,Spanish,PK,3106,18852,1498,291,78,-0.803,False
2024-10-26 08:20:18,VID_411759,Tech Reviews,English,PK,1686,137,3,0,0,-0.21,False
2024-05-06 18:55:41,VID_597240,Music,Hindi,BR,2236,11752,471,38,47,-0.835,True
2025-06-23 02:28:30,VID_146628,Coding,Japanese,IN,1548,12113,200,26,30,-0.689,False
2024-09-18 08:46:52,VID_138220,Gaming,English,UK,1800,17339,1501,207,84,0.303,True
2025-04-11 06:39:08,VID_187566,Gaming,English,BR,279,32580,1521,288,112,-0.522,True
2025-05-29 22:50:51,VID_489633,Music,English,US,1756,2607,113,8,9,0.34,True
2025-03-27 19:07:59,VID_852342,Tech Reviews,Hindi,BR,2809,3543,239,23,5,-0.096,False
2025-08-10 10:56:46,VID_292506,Tech Reviews,English,PK,1983,132,8,0,0,0.101,True
2025-10-17 15:42:27,VID_401781,Vlogs,Japanese,US,1162,6640,540,79,31,0.525,True
2025-09-13 14:58:36,VID_128315,Education,English,IN,506,21,0,0,0,-0.866,True
2024-01-01 09:37:14,VID_119330,Music,Urdu,US,362,18971,1113,139,54,-0.543,False
2024-05-15 08:56:26,VID_162290,Coding,Hindi,UK,3155,6991,121,23,18,-0.982,False
2024-10-14 10:48:03,VID_372255,Gaming,Spanish,UK,2468,9479,848,67,42,-0.713,True
2025-09-07 10:55:40,VID_248653,Education,English,UK,2025,20535,438,75,32,-0.997,True
2025-12-01 22:46:23,VID_735397,Tech Reviews,Urdu,US,3343,4801,248,42,11,-0.918,True
2025-08-26 23:16:39,VID_110834,Gaming,Spanish,BR,1945,40438,3456,409,92,0.496,True
2024-01-10 15:06:08,VID_982598,Coding,Japanese,US,3450,4150,412,45,12,-0.903,True
2025-09-10 20:29:22,VID_516999,Coding,English,BR,2394,2929,53,8,13,-0.254,True
2024-03-07 23:24:14,VID_871127,Education,Japanese,PK,3580,14202,815,51,19,0.595,True
2024-10-28 06:24:41,VID_416725,Music,English,US,1490,3186,246,39,9,-0.602,True
2024-08-08 00:15:37,VID_287811,Coding,Spanish,IN,2992,15690,1396,204,46,-0.068,True
2025-09-20 13:27:31,VID_589721,Vlogs,Hindi,PK,1723,7620,410,30,16,-0.299,True
2024-01-19 16:14:18,VID_977801,Music,Spanish,UK,1331,2495,146,11,7,-0.59,True
2025-08-08 11:02:18,VID_850077,Education,English,UK,2909,7298,86,4,9,0.032,True
2024-12-21 20:57:01,VID_521422,Education,Urdu,IN,826,13668,676,80,59,-0.725,False
2025-03-25 12:18:12,VID_211975,Tech Reviews,English,US,3001,46749,2386,139,155,0.268,True
2025-09-06 04:51:08,VID_342988,Music,English,BR,2742,12015,887,166,48,0.387,True
2025-12-21 13:18:32,VID_666368,Tech Reviews,Urdu,US,1172,17174,909,99,46,0.674,True
2024-11-22 22:42:29,VID_960569,Coding,Japanese,UK,430,10698,767,120,42,-0.078,False
2024-03-09 14:16:11,VID_451901,Vlogs,Spanish,IN,603,10412,512,41,17,-0.235,True
2025-09-03 14:58:52,VID_597219,Gaming,Hindi,BR,113,4518,47,4,20,0.311,True
2024-10-17 03:19:04,VID_448593,Music,Urdu,IN,94,13141,800,71,16,0.173,True
2024-01-26 02:22:13,VID_822317,Education,Hindi,UK,2931,2758,35,6,5,0.621,False
2025-05-27 21:51:24,VID_175803,Vlogs,English,BR,2624,5602,82,8,21,-0.395,False
2025-10-04 04:17:55,VID_976176,Music,Hindi,PK,838,3164,211,14,8,-0.655,True
2025-12-23 07:50:41,VID_673724,Tech Reviews,Urdu,PK,112,4452,305,51,17,0.325,True
2025-11-05 10:36:42,VID_676876,Tech Reviews,English,PK,3198,2590,203,34,7,-0.534,True
2024-07-23 09:11:11,VID_397371,Education,English,PK,1817,3203,318,21,12,0.525,True
2024-06-10 03:35:19,VID_811656,Music,English,UK,2126,6573,614,63,18,-0.847,True
2025-12-07 10:59:53,VID_765259,Vlogs,Japanese,BR,251,7710,299,36,36,-0.482,False
2024-11-10 16:27:56,VID_773683,Education,Japanese,UK,3244,2952,213,17,5,-0.393,True
2024-06-14 00:07:07,VID_353072,Coding,Urdu,IN,875,2920,190,32,10,0.008,True
2025-03-16 17:26:41,VID_961513,Music,Japanese,US,2104,19803,1432,253,31,-0.068,False
2024-12-14 13:37:38,VID_697723,Coding,Spanish,IN,3061,7116,169,15,27,-0.144,True
2024-11-01 16:24:53,VID_976464,Gaming,Spanish,US,2673,6242,493,73,16,-0.433,True
2024-09-04 23:46:08,VID_915304,Coding,English,PK,418,10510,1020,99,30,0.998,True
2024-11-25 13:41:39,VID_797828,Coding,English,IN,2684,15334,997,58,68,0.638,True
2024-10-22 16:03:05,VID_784238,Music,Hindi,UK,1329,7398,625,64,21,0.365,True
2024-05-27 10:09:31,VID_432435,Music,English,PK,2981,11745,345,51,16,0.498,True
2024-05-31 19:06:08,VID_450836,Music,Japanese,IN,2503,1022,52,10,2,-0.106,False
2025-03-12 21:07:53,VID_486782,Music,English,BR,2391,17984,754,131,52,-0.217,True
2025-05-06 08:24:46,VID_539450,Vlogs,Spanish,UK,2839,4797,325,22,8,-0.342,False
2024-03-07 13:32:22,VID_105080,Gaming,Urdu,UK,3382,4202,123,12,18,0.488,True
2025-08-16 08:49:24,VID_887030,Coding,Hindi,UK,2303,2631,137,19,3,0.588,True
2025-03-03 22:17:15,VID_127028,Coding,Urdu,BR,2977,13754,944,137,42,0.851,True
2025-12-21 12:35:26,VID_723833,Education,English,UK,617,329,32,2,0,-0.065,False
2024-12-27 01:32:02,VID_231909,Gaming,Urdu,UK,3199,10220,510,27,14,0.611,False
2025-06-22 02:59:23,VID_731794,Education,Urdu,PK,3160,3712,268,29,9,0.826,True
2025-10-15 16:15:17,VID_726838,Tech Reviews,Hindi,US,1691,1720,154,11,6,0.313,True
2025-03-07 01:13:35,VID_950905,Gaming,Urdu,BR,127,4163,399,63,8,0.961,True
2025-11-20 15:10:03,VID_463145,Gaming,Japanese,US,331,2608,155,18,10,0.281,True
2024-07-02 22:51:07,VID_156793,Gaming,Urdu,UK,3088,4844,424,24,13,-0.725,True
2024-09-01 01:23:54,VID_675420,Tech Reviews,Hindi,IN,1532,1294,27,1,3,-0.14,True
2025-05-19 12:40:05,VID_898459,Tech Reviews,English,US,1715,891,84,15,1,-0.498,True
2024-06-29 01:18:20,VID_463296,Education,Hindi,BR,78,2549,127,9,2,0.485,True
2024-04-18 18:43:19,VID_982850,Tech Reviews,Hindi,US,2536,11758,954,72,37,-0.019,False
2025-08-19 18:06:52,VID_235333,Gaming,English,PK,2104,6845,292,23,15,-0.019,True
2024-11-13 00:29:18,VID_111012,Tech Reviews,English,US,1198,4970,208,38,8,0.013,True
2025-11-13 04:13:47,VID_180157,Music,Hindi,UK,1689,5645,527,29,7,0.517,False
2024-05-15 09:11:05,VID_935924,Music,Hindi,BR,3221,3220,281,16,10,0.143,True
2025-06-09 16:33:41,VID_866264,Education,Japanese,BR,1434,378,17,3,0,-0.25,True
2025-02-24 22:39:18,VID_684496,Music,English,PK,989,12930,1047,155,17,0.558,False
2024-11-29 22:19:30,VID_435977,Gaming,Japanese,IN,775,2142,23,2,3,0.266,True
2024-06-28 18:59:09,VID_827890,Vlogs,English,UK,1252,6245,149,9,12,0.715,True
2025-09-29 06:34:19,VID_676955,Gaming,Hindi,IN,3272,1821,70,3,4,-0.712,True
2024-06-21 23:48:21,VID_112533,Gaming,Japanese,IN,3038,9073,541,42,24,-0.263,False
2024-06-10 23:52:30,VID_603629,Coding,Japanese,US,3324,1038,76,8,3,-0.092,False
2025-11-28 19:39:12,VID_205532,Tech Reviews,English,IN,2507,7793,395,57,21,-0.815,False
2025-08-01 16:23:38,VID_598085,Education,English,PK,2992,2760,214,14,7,0.101,True
2025-12-09 23:53:29,VID_143448,Education,Spanish,PK,277,1472,89,9,4,0.777,False
2024-01-22 07:48:31,VID_701343,Gaming,Hindi,PK,1188,36349,566,60,79,-0.175,True
2025-06-19 03:09:57,VID_591559,Vlogs,Spanish,PK,3057,13001,499,80,13,0.675,True
2025-03-26 23:30:18,VID_671181,Education,Hindi,IN,3562,2235,52,4,10,0.31,True
2025-06-16 15:13:27,VID_340869,Music,English,US,1624,9755,515,35,34,-0.603,True
2024-09-28 21:45:46,VID_269643,Coding,Japanese,PK,2473,13470,1103,65,49,0.878,True
2025-05-07 03:44:06,VID_886611,Education,Spanish,US,3293,64794,5627,1103,322,0.149,False
2025-02-02 22:15:46,VID_824028,Tech Reviews,English,US,3113,3856,368,43,10,-0.001,True
2025-03-20 09:57:09,VID_722499,Vlogs,English,IN,121,7639,455,40,33,-0.907,True
2025-06-22 12:02:37,VID_934456,Education,Japanese,IN,1452,1445,135,25,2,-0.93,True
2024-03-18 06:44:08,VID_393717,Gaming,English,IN,2901,14757,223,21,50,0.253,True
2025-08-05 02:55:30,VID_995088,Vlogs,Japanese,IN,2418,21973,1129,108,63,-0.395,True
2024-04-11 05:29:01,VID_157819,Education,Hindi,IN,1838,1833,160,9,7,-0.585,True
2025-03-11 20:33:18,VID_375376,Music,Spanish,US,1802,8475,523,54,14,-0.409,True
2025-11-09 02:47:32,VID_805318,Tech Reviews,Japanese,IN,1479,3378,263,38,16,-0.618,False
2024-02-27 02:39:58,VID_144439,Music,English,BR,263,11886,171,24,23,0.379,True
2024-06-17 20:13:03,VID_216268,Education,Hindi,UK,3145,19779,856,74,82,0.532,True
2025-11-12 16:40:05,VID_245022,Gaming,English,IN,766,3699,133,9,9,0.198,True
2025-12-13 16:09:36,VID_147290,Music,Japanese,PK,2332,10906,469,28,49,-0.482,True
2024-04-02 19:41:27,VID_280940,Vlogs,English,PK,720,3519,269,35,8,0.529,False
2024-02-19 13:25:24,VID_709920,Vlogs,Urdu,PK,2005,12826,290,17,42,-0.502,True
2024-11-02 13:23:57,VID_275659,Vlogs,Hindi,US,287,21430,1780,224,63,0.331,True
2024-07-08 23:37:37,VID_101468,Coding,Spanish,US,1309,6990,125,21,16,0.042,True
2025-11-20 01:14:39,VID_823029,Coding,Japanese,BR,2529,14283,363,20,24,-0.827,False
2025-11-27 19:58:48,VID_493978,Coding,Hindi,IN,2031,13621,733,126,63,-0.526,False
2025-11-12 17:24:09,VID_620807,Vlogs,Spanish,IN,3388,893,28,1,1,-0.149,True
2024-11-24 07:28:41,VID_121938,Tech Reviews,Hindi,BR,1688,680,64,10,1,0.097,True
2025-12-12 13:00:21,VID_987189,Vlogs,Japanese,PK,886,6896,485,83,15,0.714,True
2025-01-16 03:02:15,VID_593023,Coding,English,IN,2478,26137,1286,77,64,0.181,False
2025-06-30 13:53:38,VID_252644,Tech Reviews,Japanese,UK,3009,3081,216,34,6,-0.036,True
2024-05-27 04:25:44,VID_658006,Tech Reviews,English,UK,909,4045,52,3,19,0.845,True
2025-11-04 17:31:45,VID_890378,Coding,English,PK,3444,15576,471,47,55,0.384,True
2025-03-02 23:17:53,VID_858057,Vlogs,Japanese,BR,1470,1963,39,6,3,0.616,True
2024-04-18 07:20:54,VID_622488,Tech Reviews,Hindi,PK,2168,78,3,0,0,0.747,True
2024-07-10 14:05:59,VID_810496,Coding,Spanish,BR,792,3051,187,13,12,-0.629,True
2025-05-02 23:11:41,VID_991074,Gaming,Hindi,BR,1831,3935,290,44,18,-0.394,False
2025-08-27 20:40:27,VID_956213,Tech Reviews,Japanese,UK,1205,2566,214,30,8,0.12,True
2025-08-08 22:03:21,VID_906222,Education,Urdu,UK,2084,1802,112,13,4,-0.096,False
2025-10-21 06:12:49,VID_911651,Music,Japanese,BR,3294,24106,1747,327,116,-0.44,False
2025-10-23 06:05:03,VID_116943,Coding,Japanese,IN,3298,33051,2366,434,57,-0.012,True
2024-01-07 21:48:47,VID_666968,Coding,Urdu,IN,2269,15256,1104,63,32,0.282,False
2025-08-11 12:39:05,VID_263136,Vlogs,Spanish,IN,219,22347,1005,58,71,-0.407,True
2024-03-06 23:06:46,VID_295684,Vlogs,English,BR,180,3442,226,23,4,-0.448,True
2024-08-25 08:28:33,VID_727420,Gaming,English,UK,768,31416,2923,228,67,0.367,False
2024-06-24 03:06:33,VID_390367,Coding,Spanish,PK,2756,4106,46,8,13,-0.628,True
2024-03-04 21:14:31,VID_278981,Tech Reviews,Hindi,PK,2485,69653,3211,190,175,0.961,True
2025-09-27 19:08:28,VID_717435,Tech Reviews,Hindi,IN,3519,10351,546,93,26,0.799,True
2025-08-26 22:54:25,VID_384914,Gaming,English,BR,2207,2705,37,4,11,-0.705,True
2025-11-22 06:02:43,VID_447179,Vlogs,English,PK,427,6221,72,6,27,0.908,True
2024-09-29 12:06:55,VID_646975,Music,English,BR,1681,9560,515,51,39,0.533,True
2025-11-11 19:23:36,VID_703354,Gaming,English,PK,1194,5130,345,26,5,0.15,True
2024-09-21 07:13:54,VID_917420,Music,Urdu,US,3470,10495,695,54,48,0.344,False
2024-07-23 23:18:57,VID_228021,Education,Japanese,PK,1224,35430,2905,472,56,0.023,True
2025-09-13 22:20:40,VID_924133,Coding,Spanish,UK,937,49716,2424,165,105,-0.801,True
2025-09-14 06:04:26,VID_396418,Music,Spanish,PK,492,5375,132,15,15,0.662,False
2024-03-13 07:45:31,VID_194153,Education,Japanese,IN,2417,2949,201,10,10,0.236,True
2025-02-27 18:37:15,VID_545857,Tech Reviews,English,US,2883,2059,46,6,4,-0.065,False
2025-12-02 20:14:03,VID_256007,Coding,Urdu,UK,2433,24448,1337,246,41,-0.027,True
2024-10-01 09:55:24,VID_994524,Coding,Spanish,BR,255,2201,69,13,9,-0.557,True
2024-02-29 00:54:16,VID_353169,Coding,English,PK,207,1148,100,11,2,-0.028,True
2024-02-10 02:04:33,VID_272593,Coding,Spanish,UK,3215,26542,702,112,110,-0.671,False
2025-10-31 02:05:57,VID_125379,Music,Urdu,PK,979,7991,81,5,22,0.639,True
2024-01-02 23:48:13,VID_448793,Education,Spanish,PK,3538,5229,246,13,11,-0.421,False
2024-12-05 13:30:22,VID_924638,Education,Spanish,UK,2157,809,24,1,2,-0.034,False
2025-10-02 14:09:20,VID_810949,Gaming,Urdu,UK,3081,3053,155,9,11,0.969,False
2024-03-03 15:15:16,VID_144185,Coding,Japanese,IN,3206,16427,1316,139,44,0.157,True
2025-11-11 04:13:46,VID_924536,Coding,Hindi,US,1765,17973,1790,266,86,-0.498,True
2025-01-19 17:42:20,VID_690876,Gaming,English,IN,3371,5765,238,14,12,-0.114,True
2025-06-06 20:15:11,VID_605197,Coding,Hindi,IN,1778,804,65,10,0,0.049,True
2024-09-21 19:48:34,VID_262633,Coding,English,UK,755,17486,359,46,73,0.784,False
2024-12-28 22:54:51,VID_441460,Coding,English,US,2546,3562,199,37,15,0.487,True
2024-04-30 10:27:39,VID_820672,Vlogs,Japanese,PK,3339,17724,777,49,60,-0.568,True
2025-09-01 21:00:55,VID_664525,Music,Hindi,BR,713,6353,75,6,7,-0.113,True
2024-12-04 02:44:23,VID_460639,Vlogs,Japanese,BR,1420,3128,149,14,9,0.207,True
2025-10-05 23:03:11,VID_741462,Music,Hindi,PK,3233,11457,212,19,25,-0.864,False
2025-06-03 15:09:10,VID_247118,Education,Spanish,BR,2075,31016,2889,448,42,0.31,True
2024-02-08 22:16:23,VID_501828,Music,Spanish,UK,3356,518,51,5,1,-0.148,True
2025-10-31 05:18:58,VID_415672,Education,Hindi,US,565,18239,595,80,58,0.693,False
2025-06-29 02:08:03,VID_815519,Education,Japanese,PK,1393,12624,376,32,20,0.042,True
2024-07-04 18:19:49,VID_254364,Tech Reviews,Japanese,US,3218,3465,121,6,4,0.018,True
2025-02-12 21:56:27,VID_781247,Music,Urdu,US,1366,470,36,2,2,0.368,False
2024-06-13 02:50:45,VID_249900,Gaming,Hindi,PK,2087,888,30,3,2,0.14,True
2025-06-20 02:07:35,VID_833246,Tech Reviews,English,IN,516,19504,1867,179,85,-0.33,True
2024-12-22 08:47:51,VID_609401,Coding,Spanish,US,2133,14121,1400,244,31,0.488,True
2025-11-12 19:30:08,VID_425620,Education,Hindi,PK,1436,4299,116,6,8,-0.995,True
2024-01-11 05:32:39,VID_990558,Music,Japanese,BR,607,7046,111,9,15,-0.077,True
2024-02-20 16:37:49,VID_126323,Education,English,US,2599,29858,2849,290,62,0.673,True
2025-01-20 08:45:03,VID_247081,Tech Reviews,English,US,1565,52194,1421,120,186,-0.411,True
2025-11-29 02:55:41,VID_487594,Gaming,English,BR,889,14337,683,112,56,0.506,True
2025-07-02 15:06:52,VID_199149,Tech Reviews,Spanish,PK,775,2791,108,5,10,0.696,True
2025-04-02 23:47:50,VID_169592,Music,Urdu,PK,1062,7072,534,102,26,-0.472,True
2025-08-20 07:32:55,VID_631188,Gaming,Urdu,US,1459,1555,34,5,3,0.993,True
2025-04-28 08:57:13,VID_397530,Music,Spanish,US,352,3852,319,36,9,0.043,False
2024-05-18 08:32:27,VID_831170,Coding,English,US,1444,11031,708,126,26,0.069,True
2025-07-18 08:50:32,VID_283344,Education,Hindi,IN,1312,6364,230,20,17,-0.185,True
2025-11-26 16:12:58,VID_343317,Coding,Spanish,BR,2879,1348,59,4,2,-0.042,True
2025-04-10 00:45:20,VID_907958,Coding,Spanish,UK,3367,6924,656,113,13,0.349,True
2025-05-17 11:30:14,VID_109127,Music,Urdu,IN,2564,10363,398,26,44,-0.497,True
2025-04-30 00:29:45,VID_822841,Gaming,Japanese,UK,1462,76,4,0,0,-0.968,True
2025-06-21 00:51:31,VID_793040,Coding,Hindi,PK,2861,10393,474,39,20,-0.671,True
2025-06-08 06:43:29,VID_570098,Gaming,English,PK,1456,9784,424,42,10,0.221,False
2024-05-28 23:10:41,VID_463868,Music,Japanese,US,3071,422,35,3,1,0.785,True
2024-01-15 16:49:01,VID_478894,Vlogs,Urdu,PK,734,5878,488,77,17,0.601,False
2024-03-11 04:52:57,VID_863419,Gaming,Hindi,BR,2509,339,7,1,0,0.796,True
2024-11-10 10:05:12,VID_103905,Tech Reviews,Hindi,PK,2529,31813,340,51,67,0.087,True
2024-07-29 21:09:48,VID_463207,Vlogs,Japanese,BR,936,5297,452,29,17,0.691,True
2025-08-08 22:53:03,VID_947074,Vlogs,English,US,753,966,76,12,4,0.719,True
2024-12-05 09:57:28,VID_204584,Gaming,Urdu,UK,3276,7484,643,35,21,-0.456,True
2025-10-21 22:47:25,VID_923652,Vlogs,Japanese,US,1402,559,5,0,2,0.307,True
2025-07-11 23:51:29,VID_564627,Music,Spanish,BR,410,3970,67,7,16,0.888,True
2025-03-19 06:52:01,VID_765169,Vlogs,Urdu,IN,2119,838,38,6,2,-0.565,False
2025-01-15 06:37:34,VID_126898,Music,English,UK,2487,1891,176,13,3,0.746,False
2024-03-28 13:42:35,VID_439955,Gaming,Urdu,IN,1735,7809,212,12,13,-0.17,False
2025-06-22 09:25:43,VID_570593,Education,Spanish,US,3130,25648,1500,207,54,0.744,True
2025-11-05 10:05:02,VID_867815,Vlogs,Japanese,UK,765,11664,171,12,46,0.505,True
2024-12-10 14:42:51,VID_864178,Gaming,Hindi,IN,2352,3745,89,14,16,0.41,True
2024-01-15 16:51:27,VID_323503,Tech Reviews,English,IN,321,8444,341,42,37,0.972,True
2024-06-05 16:30:04,VID_970573,Music,English,UK,3466,4170,100,8,12,-0.402,False
2024-08-17 15:56:47,VID_545740,Tech Reviews,Hindi,PK,3359,11450,564,101,29,-0.002,True
2024-07-19 18:46:36,VID_769386,Vlogs,Urdu,IN,3009,20219,1890,191,90,-0.053,False
2025-04-15 20:53:31,VID_253286,Education,Japanese,IN,2844,8186,762,128,25,0.576,True
2024-05-26 00:16:47,VID_175472,Education,Spanish,IN,470,19371,1065,109,23,0.53,False
2025-11-02 02:43:51,VID_660853,Coding,Spanish,US,1402,27763,709,132,101,0.581,True
2024-09-23 06:33:35,VID_170284,Gaming,English,IN,428,6179,123,11,28,0.072,True
2025-09-12 06:09:08,VID_802693,Gaming,Hindi,IN,2752,2120,96,18,6,-0.487,True
2025-09-12 23:35:18,VID_866211,Gaming,Urdu,BR,2694,5902,173,13,12,-0.193,True
2024-07-03 15:20:55,VID_661706,Coding,English,PK,2216,4855,174,21,9,-0.286,True
2025-11-09 20:39:13,VID_624651,Music,Hindi,UK,318,12780,1091,73,25,-0.49,True
2025-03-26 09:21:23,VID_727682,Education,English,PK,861,5957,555,61,15,-0.822,True
2024-01-24 07:01:05,VID_232423,Music,English,US,2340,6603,337,48,11,0.852,True
2024-10-13 00:09:19,VID_950605,Gaming,Japanese,IN,1631,12095,1033,162,26,0.379,False
2024-12-21 09:29:45,VID_300834,Education,Urdu,UK,3046,18155,856,61,88,0.461,True
2025-04-09 13:43:07,VID_649653,Coding,Japanese,BR,90,7970,735,93,17,-0.331,True
2024-10-11 11:10:17,VID_443785,Coding,English,US,3035,8429,463,85,39,-0.457,True
2025-04-04 10:22:45,VID_688265,Tech Reviews,English,US,1540,7504,597,41,26,0.266,True
2025-01-16 10:52:33,VID_847280,Tech Reviews,Spanish,BR,222,1370,117,7,4,0.257,True
2024-02-22 05:46:53,VID_642408,Gaming,Spanish,UK,3472,2652,77,14,8,-0.763,False
2024-04-08 07:41:23,VID_426758,Gaming,English,BR,2431,3331,317,33,14,-0.374,True
2024-07-02 09:13:42,VID_708107,Music,Hindi,IN,1096,29017,399,52,130,-0.299,True
2024-07-15 12:54:29,VID_368718,Education,English,PK,3156,5194,232,19,11,-0.131,True
2025-10-28 06:19:40,VID_760498,Coding,Japanese,BR,916,4476,123,21,15,-0.925,False
2025-09-04 13:24:59,VID_937188,Coding,Hindi,IN,843,13480,824,125,38,0.713,False
2024-01-01 02:41:13,VID_256763,Education,English,US,1774,9907,318,20,16,0.366,True
2024-02-24 10:01:15,VID_891003,Vlogs,English,BR,2661,32467,2998,407,54,0.109,True
2025-10-08 04:27:33,VID_613338,Education,Urdu,US,3315,2286,58,7,7,0.965,True
2025-07-13 00:55:31,VID_109955,Gaming,English,IN,83,603,44,7,2,0.416,True
2024-06-25 06:50:23,VID_608870,Tech Reviews,Urdu,UK,2476,34226,1081,178,158,-0.307,True
2025-04-25 20:32:46,VID_510070,Vlogs,Spanish,US,3155,10649,792,155,26,0.94,True
2025-12-30 15:30:56,VID_217678,Music,English,PK,344,2035,31,1,5,-0.563,True
2025-04-14 16:17:12,VID_477229,Education,Spanish,BR,2954,26195,1414,275,55,0.035,True
2025-04-16 08:08:37,VID_520447,Tech Reviews,Spanish,BR,2081,10670,476,83,11,0.529,True
2025-01-01 01:06:54,VID_578968,Education,Spanish,IN,3557,53251,2557,232,178,-0.72,True
2024-12-01 17:49:06,VID_724631,Vlogs,Urdu,PK,2779,6400,119,19,23,0.52,True
2025-01-11 17:07:15,VID_773070,Vlogs,Urdu,IN,1031,11575,281,30,46,-0.829,True
2024-06-12 06:23:51,VID_335445,Coding,English,UK,2674,19417,1458,204,85,-0.285,True
2025-01-11 22:55:15,VID_495659,Music,Spanish,PK,2338,9688,789,89,26,-0.742,True
2025-11-04 16:08:06,VID_360177,Vlogs,Spanish,UK,216,688,22,3,2,0.097,True
2024-07-01 11:27:29,VID_261038,Education,Japanese,BR,2626,4534,310,51,21,-0.61,True
2025-09-08 01:14:38,VID_294798,Gaming,Urdu,UK,2940,320,8,0,0,-0.796,True
2024-05-14 04:40:39,VID_246822,Vlogs,Urdu,UK,718,35330,2794,303,149,-0.819,True
2025-02-17 01:01:23,VID_933872,Tech Reviews,Urdu,UK,1972,8491,572,47,33,-0.656,False
2025-10-26 04:18:26,VID_803890,Music,Urdu,PK,1999,20704,627,42,95,0.613,True
2024-02-16 02:06:03,VID_671309,Education,Japanese,IN,698,316,13,2,0,-0.78,False
2024-11-19 13:52:13,VID_256017,Education,Spanish,PK,3528,9559,861,91,27,0.371,True
2024-05-22 21:19:50,VID_371987,Vlogs,Hindi,BR,3488,16830,618,39,27,-0.4,True
2024-09-21 12:44:31,VID_853608,Vlogs,Hindi,BR,1908,1825,21,3,7,0.885,False
2025-07-17 04:32:45,VID_797326,Education,English,PK,2094,2882,72,14,10,-0.661,True
2025-01-28 13:19:49,VID_138581,Music,Hindi,PK,252,1781,66,12,3,-0.353,False
2024-03-22 09:57:14,VID_193547,Tech Reviews,Urdu,IN,2535,5557,224,20,9,-0.71,False
2024-12-06 12:49:58,VID_774384,Education,Japanese,PK,2524,2981,39,2,12,-0.128,True
2025-06-30 13:17:38,VID_672480,Gaming,Urdu,BR,2025,17934,422,73,86,-0.232,True
2024-08-23 17:11:26,VID_777173,Gaming,Urdu,IN,2654,10541,787,120,45,-0.376,True
2025-05-12 07:51:00,VID_289318,Education,Urdu,BR,67,1620,154,16,6,-0.259,False
2024-03-05 23:52:47,VID_168231,Gaming,English,UK,1614,2865,217,32,6,0.843,True
2024-10-04 16:37:21,VID_508448,Education,Hindi,UK,1689,284,27,3,1,0.382,True
2025-01-12 23:29:33,VID_921632,Education,Spanish,BR,1474,17783,1543,155,23,0.546,True
2025-01-25 14:57:12,VID_834393,Education,Urdu,UK,1393,9376,137,24,14,-0.453,True
2025-07-09 10:12:58,VID_586858,Vlogs,Spanish,UK,3414,1707,133,11,6,0.028,True
2024-08-29 19:47:53,VID_696632,Coding,Hindi,IN,1650,27550,1328,95,98,-0.528,True
2025-01-15 12:36:05,VID_687014,Music,Urdu,IN,2677,35581,2248,349,146,0.534,True
2025-02-16 16:52:49,VID_876215,Coding,Spanish,BR,2375,16139,612,37,41,-0.748,True
2024-07-23 23:11:52,VID_641506,Tech Reviews,English,UK,1625,4324,404,51,20,0.249,True
2025-09-28 06:43:54,VID_446402,Tech Reviews,Japanese,BR,946,4293,388,43,5,0.482,True
2024-10-30 22:59:25,VID_409261,Tech Reviews,Spanish,PK,2713,15460,497,53,53,-0.573,True
2024-08-21 14:06:34,VID_591835,Coding,Spanish,UK,1158,16061,265,41,37,0.078,False
2024-11-18 20:30:54,VID_840688,Music,Urdu,IN,407,2619,52,5,9,0.406,True
2025-12-16 11:46:42,VID_168347,Gaming,English,US,2732,3085,194,35,12,0.281,True
2024-03-15 13:10:09,VID_869735,Gaming,Urdu,IN,1157,679,35,6,2,-0.335,True
2025-07-08 17:25:07,VID_637942,Gaming,Hindi,UK,2330,11830,161,31,48,0.009,True
2024-03-11 04:23:46,VID_827225,Gaming,Spanish,PK,2257,7979,93,17,18,0.691,True
2024-06-19 02:36:21,VID_331157,Vlogs,Hindi,BR,616,23926,2241,276,107,-0.225,True
2024-09-26 13:46:51,VID_572913,Coding,Spanish,BR,1381,20078,1439,146,27,0.369,True
2024-07-28 11:34:55,VID_341298,Music,English,BR,1673,2572,130,24,7,0.457,True
2025-12-13 14:03:04,VID_591568,Coding,Hindi,UK,1734,1809,38,2,5,-0.399,True
2024-07-04 21:34:58,VID_111015,Music,English,US,3164,4078,323,49,6,0.732,True
2024-04-21 21:01:21,VID_396974,Education,Spanish,PK,1374,977,78,7,4,-0.188,False
2025-03-04 21:25:06,VID_989834,Education,English,UK,2111,5120,235,38,17,-0.734,True
2024-12-24 08:21:19,VID_999903,Music,Hindi,US,3172,6104,218,15,23,-0.448,True
2025-08-24 01:25:40,VID_155225,Gaming,Japanese,BR,3591,32033,1396,278,53,0.817,True
2024-09-22 03:54:26,VID_188284,Education,Spanish,BR,1746,384,18,2,0,0.714,False
2024-06-23 20:19:22,VID_441919,Education,Spanish,US,2572,9128,421,34,33,-0.804,True
2025-05-06 15:38:39,VID_217120,Vlogs,Hindi,BR,3054,2344,70,7,9,0.195,False
2025-10-14 05:14:44,VID_920992,Tech Reviews,English,PK,2353,13478,727,142,38,-0.313,True
2024-07-06 18:24:46,VID_127542,Tech Reviews,English,US,1435,10444,621,89,45,-0.669,False
2024-04-17 11:00:33,VID_391227,Coding,English,PK,2901,5935,210,14,15,-0.171,False
2024-02-10 19:18:24,VID_640451,Vlogs,Urdu,IN,1149,4281,385,34,5,-0.996,True
2024-05-27 02:59:44,VID_224637,Vlogs,Spanish,IN,927,1267,88,14,3,-0.93,True
2025-05-28 13:31:54,VID_466857,Vlogs,Urdu,BR,62,448,44,2,1,-0.52,True
2024-08-15 01:22:55,VID_421015,Music,Hindi,UK,2080,3024,173,33,3,-0.062,True
2024-07-30 09:28:31,VID_740158,Education,Hindi,IN,3207,474,19,2,2,0.359,True
2025-09-28 08:35:27,VID_711342,Coding,Hindi,BR,404,5108,313,43,21,0.845,False
2025-05-03 17:06:34,VID_700977,Gaming,Spanish,UK,253,5336,203,18,13,0.681,True
2025-08-29 09:43:49,VID_487864,Music,Hindi,US,792,6336,405,70,7,0.768,True
2025-09-02 04:55:14,VID_423936,Coding,English,UK,2481,3352,270,34,7,-0.912,True
2025-06-09 08:31:37,VID_755444,Coding,English,PK,1712,31825,2814,171,86,-0.708,True
2024-06-23 04:26:52,VID_777869,Vlogs,Urdu,UK,2213,9822,855,112,27,0.861,True
2025-04-23 15:26:24,VID_482327,Tech Reviews,Spanish,US,793,3291,172,16,12,0.184,True
2024-03-26 05:07:05,VID_252953,Music,English,IN,1671,24858,555,33,29,-0.45,True
2025-01-16 18:28:21,VID_160276,Music,Spanish,US,3084,3647,194,10,7,0.811,True
2024-09-01 19:55:09,VID_345345,Music,Spanish,PK,1477,4130,345,31,11,-0.708,True
2025-11-16 09:25:01,VID_751049,Education,Japanese,UK,2765,2099,41,7,9,-0.586,False
2025-05-01 20:15:12,VID_787717,Music,Japanese,BR,534,1826,154,24,5,0.118,True
2025-09-19 05:03:49,VID_780863,Gaming,Spanish,IN,1891,11380,821,160,31,0.788,True
2025-04-18 08:51:44,VID_850273,Tech Reviews,Urdu,US,185,12540,389,26,38,0.362,True
2024-07-30 12:48:29,VID_192151,Gaming,Japanese,PK,204,4967,461,67,10,-0.583,True
2024-03-31 23:34:01,VID_451006,Music,Japanese,US,2730,14213,1329,193,22,-0.443,True
2025-12-02 00:41:23,VID_465234,Gaming,Japanese,BR,3257,15086,587,58,52,0.992,True
2024-10-20 16:12:04,VID_659129,Vlogs,Hindi,UK,770,30349,808,117,55,-0.322,True
2024-05-11 11:26:01,VID_782568,Coding,Urdu,US,2726,3290,280,32,14,-0.231,True
2025-09-03 07:21:51,VID_905856,Vlogs,Spanish,US,1965,7834,339,27,26,-0.374,True
2024-11-07 17:53:26,VID_249855,Tech Reviews,English,UK,2574,2350,136,23,7,-0.241,True
2025-01-30 02:58:03,VID_442118,Music,English,IN,1517,1861,38,5,7,-0.094,True
2024-03-03 11:54:12,VID_402416,Vlogs,English,UK,1242,3037,276,16,6,-0.005,True
2024-12-28 18:04:03,VID_369630,Tech Reviews,Japanese,UK,184,2698,267,24,3,0.255,True
2024-05-14 16:35:45,VID_308802,Tech Reviews,English,PK,2906,23085,1098,164,77,0.454,True
2024-10-15 13:53:30,VID_676780,Tech Reviews,Japanese,IN,2682,13139,990,56,65,-0.287,False
2024-04-18 00:56:48,VID_888900,Vlogs,Hindi,UK,634,12656,649,84,25,0.389,True
2024-04-09 22:48:38,VID_894751,Coding,Hindi,BR,163,2601,229,18,7,-0.409,True
2024-02-22 01:14:07,VID_821649,Vlogs,Urdu,PK,1821,10269,765,72,16,0.876,True
2025-08-30 05:50:00,VID_650067,Education,Hindi,US,2458,6558,534,42,17,0.619,True
2025-02-06 22:58:19,VID_901537,Coding,Japanese,US,133,2703,209,29,12,-0.273,True
2025-02-14 17:55:08,VID_270992,Music,Hindi,BR,1298,2064,138,7,9,0.837,True
2025-11-30 13:58:55,VID_644141,Coding,Spanish,UK,2990,2349,208,26,7,-0.003,True
2025-11-22 15:50:11,VID_318291,Tech Reviews,Urdu,IN,1051,14502,1372,144,71,-0.069,True
2025-08-22 05:18:33,VID_828257,Tech Reviews,Urdu,BR,809,7082,73,4,32,0.794,True
2025-08-26 17:40:16,VID_426505,Music,Urdu,IN,1581,5701,446,83,20,0.733,True
2025-03-22 21:53:29,VID_746667,Gaming,Japanese,UK,3328,15152,1035,205,30,-0.496,True
2024-08-19 20:20:03,VID_265605,Education,Hindi,US,444,6234,167,23,13,-0.356,True
2025-09-08 17:40:31,VID_659910,Gaming,Hindi,PK,1337,13247,777,71,20,-0.575,True
2024-06-01 10:28:27,VID_968222,Music,Spanish,PK,1604,12959,721,105,57,-0.572,True
2025-09-07 16:42:27,VID_464028,Vlogs,English,IN,2324,4165,306,45,19,0.041,False
2025-10-19 17:54:24,VID_629816,Music,Japanese,UK,2880,9480,181,28,41,-0.987,True
2025-09-17 06:30:43,VID_121222,Music,Spanish,PK,830,15093,608,105,19,-0.418,True
2024-01-30 18:10:04,VID_231739,Music,Hindi,BR,876,26643,2538,397,71,0.759,True
2024-02-12 20:27:56,VID_557532,Coding,Urdu,IN,2575,1251,119,18,4,0.178,True
2025-06-15 09:00:54,VID_603084,Gaming,Hindi,US,632,29204,1010,98,56,0.786,True
2025-10-07 05:16:06,VID_285392,Vlogs,English,UK,3466,13228,1244,207,18,0.405,True
2024-08-27 02:06:22,VID_451619,Music,Urdu,BR,3458,6050,568,83,10,-0.462,True
2024-12-06 20:46:18,VID_881683,Gaming,Spanish,US,538,5427,232,43,26,-0.598,True
2025-11-03 05:32:15,VID_223006,Vlogs,Japanese,PK,2309,3519,218,19,11,-0.349,True
2025-01-21 07:58:55,VID_786795,Gaming,Japanese,US,1377,3630,278,22,6,0.705,True
2024-05-28 05:21:22,VID_219263,Vlogs,English,US,2034,15956,742,57,22,-0.006,True
2025-03-17 15:24:59,VID_793343,Tech Reviews,Japanese,PK,1256,12466,891,118,42,-0.217,False
2024-03-09 06:29:09,VID_188779,Music,Urdu,US,556,796,77,14,1,0.48,True
2025-03-17 15:43:02,VID_661017,Education,Urdu,US,406,7878,587,116,14,0.481,False
2024-02-15 04:09:55,VID_895218,Gaming,Spanish,UK,2948,9258,322,22,33,-0.429,False
2024-06-13 01:07:27,VID_948270,Gaming,Hindi,US,2152,5556,134,14,8,0.016,False
2024-11-21 06:09:36,VID_446776,Education,English,US,1829,13525,702,58,65,-0.622,True
2024-12-04 10:29:56,VID_284607,Education,Hindi,BR,1201,650,39,4,2,-0.639,False
2025-04-05 02:07:45,VID_858345,Education,English,US,2460,12791,318,26,16,-0.011,True
2025-09-24 11:35:03,VID_185212,Vlogs,Hindi,BR,790,745,34,4,3,-0.277,True
2025-07-05 00:40:16,VID_881473,Coding,Japanese,BR,1562,4877,278,40,14,0.594,False
2025-09-11 04:57:18,VID_296111,Tech Reviews,Urdu,US,2829,1825,86,13,5,0.501,False
2024-09-21 04:11:07,VID_447539,Vlogs,Spanish,US,2050,3023,60,3,13,-0.015,False
2025-06-23 13:46:41,VID_718335,Vlogs,Hindi,US,2476,7532,86,15,16,0.835,True
2025-05-03 15:58:20,VID_686248,Education,English,IN,2991,8946,646,71,41,-0.89,True
2025-12-27 02:35:04,VID_634183,Education,English,PK,2266,5320,88,14,14,-0.843,True
2025-12-21 18:46:46,VID_973701,Gaming,Hindi,UK,1397,1137,24,1,2,-0.676,True
2025-05-29 10:37:22,VID_131483,Vlogs,Urdu,PK,2111,5245,271,40,5,-0.221,True
2025-03-19 07:04:07,VID_444765,Music,Urdu,US,2403,2525,139,9,12,0.417,True
2025-09-09 10:47:55,VID_749277,Gaming,Urdu,PK,377,8182,458,88,24,0.211,True
2024-10-01 20:27:38,VID_899650,Music,English,BR,1480,2075,134,11,5,0.985,True
2025-03-05 05:12:32,VID_558645,Gaming,Urdu,UK,1647,7372,141,23,29,0.769,False
2025-11-13 05:16:13,VID_877005,Gaming,Spanish,BR,2448,10857,462,45,30,0.581,True
2025-06-03 12:21:30,VID_203335,Music,English,IN,1023,16476,391,39,65,-0.825,True
2024-04-03 17:12:19,VID_160870,Music,English,UK,1443,10012,268,23,14,0.419,True
2024-06-23 02:19:19,VID_313758,Music,Urdu,IN,3073,35824,1505,86,81,-0.165,True
2025-12-05 07:16:31,VID_199378,Education,Japanese,IN,2528,2,0,0,0,0.719,True
2025-03-21 18:42:55,VID_554681,Vlogs,Japanese,IN,84,7148,246,17,34,-0.632,True
2025-08-21 16:25:52,VID_958152,Vlogs,English,BR,3229,19850,651,97,58,0.672,True
2025-06-02 19:24:49,VID_759420,Vlogs,Spanish,UK,3504,22336,2054,376,67,-0.689,True
2024-03-07 09:45:40,VID_890285,Vlogs,English,BR,2490,28362,1725,184,95,-0.698,True
2024-01-22 04:13:45,VID_162590,Vlogs,Japanese,BR,1903,12196,967,108,57,-0.946,True
2024-03-28 03:42:43,VID_962380,Coding,English,PK,738,21979,1745,337,90,0.177,False
2025-05-02 00:33:53,VID_674670,Gaming,Japanese,BR,3048,7164,112,13,12,-0.532,True
2024-01-30 06:40:02,VID_552562,Tech Reviews,Japanese,BR,1734,1325,73,4,2,0.453,True
2024-01-20 22:19:36,VID_533164,Gaming,Hindi,BR,3265,14449,1212,129,39,0.673,False
2025-10-20 08:54:29,VID_667056,Coding,English,PK,2114,2089,69,9,4,0.851,True
2025-05-01 13:08:41,VID_860480,Vlogs,Japanese,PK,2729,14762,1140,181,36,0.088,True
2024-02-23 10:11:01,VID_106574,Tech Reviews,Japanese,UK,1727,5180,52,4,22,0.094,True
2024-05-06 09:02:24,VID_505243,Coding,Hindi,US,3036,12378,486,48,50,0.865,False
2025-09-15 13:58:56,VID_932190,Coding,Japanese,PK,3299,90,4,0,0,0.756,True
2024-07-18 21:33:50,VID_867126,Vlogs,Urdu,US,2744,1499,21,3,6,0.376,True
2024-05-29 15:58:49,VID_588260,Education,English,BR,3218,11279,794,101,18,-0.411,True
2024-06-16 01:20:10,VID_865661,Education,English,IN,156,5130,321,44,8,0.929,True
2024-01-28 20:00:21,VID_200405,Education,Hindi,IN,1133,7278,286,54,18,-0.07,True
2025-07-02 22:32:31,VID_338590,Education,Japanese,IN,2638,980,89,5,4,-0.893,True
2025-01-17 23:39:54,VID_210865,Education,Japanese,IN,995,26048,1207,240,40,-0.435,True
2025-01-21 07:21:18,VID_460784,Coding,English,US,727,21562,342,36,68,-0.775,True
2025-12-27 16:45:50,VID_104243,Gaming,Spanish,IN,1100,17163,878,172,77,-0.803,True
2025-09-08 10:22:46,VID_441507,Vlogs,English,IN,2757,2592,245,18,10,0.857,True
2024-07-29 02:28:54,VID_250016,Education,English,PK,889,18101,1103,181,55,0.043,True
2024-11-04 01:23:04,VID_155981,Music,English,PK,2227,2475,46,3,12,0.645,False
2024-08-13 14:16:53,VID_347252,Vlogs,Japanese,UK,2186,3652,170,28,9,0.398,True
2024-06-07 21:02:21,VID_771292,Tech Reviews,Hindi,PK,1082,6912,210,28,22,0.269,True
2025-05-04 13:50:18,VID_420123,Vlogs,English,UK,3278,13078,1236,144,29,0.776,True
2025-03-27 09:10:06,VID_525805,Coding,Urdu,US,836,7029,656,126,25,-0.877,True
2025-10-17 07:26:42,VID_984891,Education,English,IN,1794,14810,1426,83,47,-0.58,True
2025-10-24 22:39:16,VID_549756,Vlogs,English,UK,3353,23418,1635,278,43,-0.745,True
2024-03-28 07:01:31,VID_717986,Tech Reviews,Hindi,PK,2322,20860,518,90,57,0.247,False
2025-01-22 21:30:00,VID_390772,Education,Hindi,IN,1589,10141,560,39,21,-0.306,True
2025-07-24 06:29:37,VID_301376,Vlogs,Japanese,BR,2355,9780,799,109,11,-0.054,False
2025-05-19 19:12:29,VID_400772,Education,Hindi,UK,2574,850,52,4,3,-0.069,True
2025-04-02 19:27:10,VID_987481,Vlogs,Spanish,BR,1375,700,36,4,2,-0.26,True
2024-04-16 02:04:28,VID_793526,Vlogs,English,US,807,1640,115,12,6,0.237,True
2024-07-23 05:21:24,VID_830970,Vlogs,Spanish,IN,1438,3780,45,6,18,0.403,True
2025-07-16 08:59:37,VID_842704,Tech Reviews,English,US,651,9879,967,74,42,-0.742,True
2024-09-24 11:31:46,VID_635463,Tech Reviews,Urdu,US,456,26953,1473,106,44,0.223,True
2025-12-22 09:24:21,VID_360122,Education,Hindi,IN,2607,37105,385,27,99,0.258,False
2024-11-25 20:48:47,VID_739141,Gaming,Hindi,UK,2822,4922,173,17,16,-0.374,True
2025-06-13 00:18:38,VID_517093,Vlogs,Urdu,US,198,7309,429,49,7,-0.608,False
2025-03-07 17:25:48,VID_542101,Music,English,PK,3027,16088,1544,129,45,-0.397,True
2025-05-25 06:59:27,VID_712268,Music,Urdu,US,1090,11357,783,74,23,0.764,True
2024-09-20 06:05:56,VID_816915,Tech Reviews,Japanese,UK,2247,3067,202,34,11,-0.124,True
2025-07-12 08:39:24,VID_385490,Tech Reviews,Spanish,IN,1363,8773,705,100,27,-0.678,True
2025-10-11 20:54:12,VID_703360,Music,Japanese,BR,1536,1018,78,13,4,-0.315,True
2024-02-26 10:04:13,VID_343406,Gaming,Hindi,IN,204,1179,22,3,1,-0.577,True
2024-12-21 02:51:05,VID_513379,Gaming,Spanish,BR,1877,12102,445,61,38,0.009,True
2025-01-17 03:12:01,VID_582649,Music,Hindi,PK,1000,3941,120,17,8,0.75,True
2025-08-21 03:49:14,VID_981505,Coding,Urdu,PK,256,461,34,4,1,0.6,False
2024-04-15 04:44:18,VID_815549,Tech Reviews,Urdu,PK,1233,18127,1594,278,36,-0.965,True
2024-03-17 00:33:38,VID_200568,Vlogs,Japanese,UK,865,3199,56,3,7,0.27,True
2025-08-24 13:24:54,VID_242033,Education,English,US,1807,10466,411,74,50,0.775,True
2025-04-20 18:53:02,VID_522741,Education,English,UK,1561,23321,2188,115,31,0.517,False
2024-08-13 02:39:02,VID_773868,Vlogs,Hindi,US,3349,2773,226,41,11,-0.102,True
2024-10-20 07:01:35,VID_525095,Tech Reviews,English,BR,2464,14206,335,63,20,-0.956,True
2025-09-08 05:27:30,VID_682688,Music,Urdu,US,3202,1272,122,14,1,0.829,True
2024-01-13 07:41:41,VID_298111,Gaming,Spanish,BR,171,100,8,1,0,0.676,False
2025-11-10 08:17:25,VID_467481,Education,Hindi,PK,1832,52,2,0,0,0.867,False
2024-07-10 18:34:28,VID_259707,Coding,Hindi,IN,1909,20541,601,76,44,0.959,True
2024-12-21 13:29:21,VID_658762,Coding,English,PK,3368,7826,255,18,20,-0.782,True
2024-12-03 00:03:37,VID_436789,Education,Japanese,IN,3389,1392,116,7,3,0.666,False
2024-05-26 10:54:32,VID_683895,Education,Urdu,UK,1213,1550,46,6,6,-0.158,True
2025-12-11 02:05:54,VID_339725,Vlogs,Hindi,UK,2616,4587,316,30,7,-0.819,True
2025-06-07 15:59:37,VID_302043,Gaming,Urdu,IN,3132,19334,1908,323,80,-0.619,True
2025-06-03 17:50:21,VID_809950,Tech Reviews,Hindi,IN,413,1421,29,5,4,-0.574,False
2024-12-01 20:17:21,VID_946274,Coding,Spanish,BR,3286,34476,1975,99,106,-0.3,True
2025-01-16 23:31:21,VID_535580,Gaming,Urdu,IN,2162,6714,121,21,29,0.588,True
2025-09-16 19:15:21,VID_577792,Gaming,Spanish,US,115,930,74,9,1,0.162,True
2024-11-07 15:44:33,VID_888128,Education,Hindi,US,3347,24318,840,72,64,-0.497,True
2025-04-07 07:04:35,VID_810723,Coding,English,BR,2437,1417,55,10,6,-0.729,True
2025-08-16 02:29:55,VID_736578,Tech Reviews,Hindi,US,2230,10355,571,69,13,-0.225,True
2024-03-15 21:21:45,VID_938151,Vlogs,English,BR,2632,549,6,0,0,-0.278,True
2024-04-17 15:39:18,VID_473478,Gaming,Urdu,BR,796,3923,276,33,7,0.242,True
2024-12-23 11:53:04,VID_236461,Vlogs,Urdu,IN,3054,18902,660,84,69,0.108,True
2025-10-13 16:35:13,VID_197800,Tech Reviews,Hindi,UK,2199,3537,312,29,9,0.973,True
2024-12-31 11:19:24,VID_230958,Gaming,English,UK,2258,2786,51,6,13,0.89,True
2024-03-07 08:55:11,VID_628557,Gaming,Spanish,US,1101,10559,1001,62,25,-0.436,False
2025-04-26 11:52:08,VID_994385,Music,Spanish,US,2394,25893,1287,245,29,0.215,False
2024-03-23 16:14:42,VID_359912,Tech Reviews,English,PK,941,2725,32,1,11,0.971,True
2024-02-19 17:19:58,VID_120793,Vlogs,Spanish,UK,2325,30577,469,51,138,-0.488,True
2024-11-04 04:36:18,VID_365781,Gaming,Japanese,UK,186,104,1,0,0,0.656,True
2024-01-15 17:38:52,VID_711662,Coding,Hindi,BR,2194,26647,2224,381,44,0.547,True
2025-12-05 21:15:52,VID_729898,Coding,Spanish,BR,1394,11066,983,69,43,-0.209,True
2025-06-19 00:25:00,VID_127994,Coding,Hindi,UK,466,14612,444,53,47,0.337,True
2025-07-03 20:29:41,VID_922662,Tech Reviews,Spanish,UK,879,21266,874,143,33,0.699,True
2025-03-18 09:27:14,VID_371501,Coding,Japanese,BR,1009,1254,99,5,4,-0.114,True
2024-12-03 07:54:24,VID_560823,Coding,Japanese,PK,556,16198,802,98,71,-0.74,True
2024-08-17 22:15:36,VID_367748,Education,Spanish,PK,1618,11468,281,45,14,-0.445,True
2025-11-25 19:41:38,VID_881068,Music,Urdu,UK,1648,1131,12,0,4,0.338,True
2024-10-26 04:09:58,VID_248295,Coding,Hindi,PK,1207,971,82,13,1,0.642,True
2025-03-25 14:24:47,VID_827175,Coding,Spanish,UK,2499,12050,976,180,25,0.321,False
2024-08-20 15:00:27,VID_818044,Gaming,Japanese,BR,499,10820,333,36,11,0.148,True
2025-08-04 12:37:09,VID_613672,Education,Spanish,PK,1360,15357,795,104,73,-0.63,True
2024-05-27 07:52:49,VID_384370,Gaming,Spanish,IN,1640,23268,1933,291,27,0.023,True
2025-01-24 10:01:52,VID_269796,Coding,Spanish,US,2784,11014,562,36,24,-0.898,True
2024-01-05 22:59:25,VID_865562,Vlogs,Urdu,IN,2660,7682,650,68,14,-0.829,True
2024-04-29 17:22:18,VID_493116,Tech Reviews,Spanish,PK,784,2400,191,15,10,-0.654,True
2025-03-28 23:24:09,VID_384047,Gaming,Hindi,IN,2588,3439,267,37,7,0.428,False
2024-10-18 02:56:13,VID_398264,Music,Spanish,UK,240,730,8,1,1,0.739,False
2025-02-20 15:19:48,VID_594732,Coding,English,UK,1364,7266,458,78,28,-0.729,True
2024-10-26 12:13:16,VID_125626,Education,English,US,882,10022,488,32,18,-0.023,True
2025-07-10 13:54:46,VID_153275,Music,Spanish,US,3550,9005,662,115,17,0.179,True
2025-06-26 01:47:57,VID_481739,Music,Japanese,US,1042,16776,1413,161,17,-0.854,False
2025-09-29 07:57:45,VID_641273,Education,English,PK,1463,7195,235,29,20,0.977,True
2024-01-10 02:39:40,VID_393289,Music,Hindi,UK,1653,11352,324,44,25,0.788,False
2024-12-04 21:12:13,VID_649507,Tech Reviews,English,IN,729,732,46,2,3,-0.441,False
2024-08-19 05:47:11,VID_549816,Music,English,UK,297,11959,658,118,42,-0.478,True
2025-09-02 02:20:56,VID_634885,Education,Japanese,PK,1886,12147,135,14,52,-0.074,True
2024-06-29 09:45:03,VID_537127,Coding,Hindi,BR,1950,1014,81,8,3,0.487,True
2025-08-02 01:37:22,VID_102399,Coding,Urdu,BR,1439,5866,247,21,20,-0.964,False
2025-09-10 01:44:51,VID_258153,Tech Reviews,English,US,3094,570,10,0,2,-0.213,True
2024-06-22 04:40:16,VID_821578,Music,English,PK,2366,22564,2059,134,103,0.023,True
2025-03-25 03:41:52,VID_123668,Education,Japanese,BR,2997,13775,1191,175,43,0.316,True
2024-05-23 02:57:48,VID_191557,Tech Reviews,English,IN,2350,11118,224,22,14,0.838,True
2025-10-30 02:18:47,VID_718740,Tech Reviews,Urdu,US,3255,13143,562,72,18,-0.297,True
2024-07-11 15:58:39,VID_840155,Education,Hindi,PK,3487,4109,214,39,8,-0.295,True
2024-04-20 13:52:09,VID_137794,Coding,English,IN,400,11771,742,109,37,-0.947,False
2024-06-17 21:53:03,VID_113099,Coding,Hindi,PK,312,4418,395,63,18,-0.465,True
2025-05-15 08:51:23,VID_730499,Coding,Urdu,PK,2140,3906,143,24,5,0.183,False
2024-10-23 17:05:49,VID_802560,Music,Urdu,PK,1052,15349,366,47,63,-0.119,True
2025-01-29 05:51:01,VID_931541,Music,Urdu,IN,2905,7403,473,91,34,0.631,True
2024-02-18 10:35:38,VID_162094,Vlogs,English,IN,1927,8457,190,22,35,-0.827,True
2024-09-13 22:15:29,VID_622933,Tech Reviews,Hindi,BR,626,2067,39,3,9,0.399,True
2024-03-11 01:54:35,VID_801476,Music,Hindi,US,3019,20840,1677,291,30,-0.911,True
2024-06-06 03:18:12,VID_297794,Coding,Hindi,US,478,5738,83,13,15,0.887,True
2024-11-09 00:22:32,VID_704377,Vlogs,Urdu,US,2743,4698,159,14,14,-0.342,True
2025-11-30 20:17:00,VID_178820,Education,Urdu,PK,3295,2850,50,4,4,-0.85,True
2024-09-25 14:49:32,VID_969354,Vlogs,Japanese,BR,2240,2286,134,15,5,-0.72,True
2025-07-10 23:08:35,VID_660926,Vlogs,Hindi,US,2395,4723,460,23,16,-0.989,True
2025-07-18 18:32:28,VID_636960,Music,English,US,3440,2207,166,25,10,-0.854,True
2025-02-20 03:36:15,VID_715155,Gaming,Hindi,UK,2619,23519,558,70,90,-0.976,False
2024-10-19 03:38:41,VID_720647,Music,Urdu,BR,1075,61957,1786,122,277,0.795,True
2025-04-08 19:10:52,VID_233243,Coding,Spanish,US,3435,335,17,1,1,-0.068,True
2024-08-02 02:09:38,VID_916150,Education,Urdu,PK,2796,2767,176,31,3,-0.044,True
2025-05-23 12:51:57,VID_873169,Tech Reviews,Urdu,UK,67,23295,571,56,59,-0.188,True
2024-02-16 21:47:02,VID_540839,Education,Hindi,UK,1078,10653,990,74,39,-0.437,False
2025-03-27 08:09:56,VID_397389,Gaming,Hindi,US,1823,9418,246,26,21,0.964,True
2025-07-30 12:51:07,VID_872657,Gaming,Hindi,BR,2019,10067,169,11,41,0.808,False
2024-09-25 18:57:53,VID_377297,Vlogs,Japanese,IN,3430,5063,354,42,8,0.882,True
2025-07-03 06:58:20,VID_676517,Vlogs,Hindi,IN,2242,77358,4497,589,223,0.171,True
2025-01-13 09:26:47,VID_494177,Music,Japanese,IN,1869,4098,287,32,11,0.982,False
2024-10-22 01:36:42,VID_888761,Music,English,PK,1521,4815,303,21,5,0.705,True
2024-06-11 13:04:53,VID_377053,Music,Hindi,PK,3461,5906,302,17,11,0.582,True
2025-08-09 17:28:42,VID_856687,Gaming,Urdu,UK,2293,14892,1052,114,33,0.103,True
2025-03-18 06:45:27,VID_378185,Music,Spanish,US,2772,7788,157,8,12,0.957,True
2025-04-24 00:35:10,VID_243752,Tech Reviews,Japanese,UK,2450,27221,2563,272,43,-0.21,False
2024-03-27 02:20:06,VID_372789,Vlogs,English,UK,733,15463,197,32,51,0.339,False
2025-01-17 23:40:14,VID_400848,Tech Reviews,English,IN,3444,17684,1170,199,71,-0.711,True
2024-02-26 10:18:37,VID_137080,Tech Reviews,Urdu,UK,1313,1458,67,5,2,-0.954,True
2024-01-28 14:03:00,VID_448646,Education,Hindi,IN,3310,29393,2818,277,70,-0.633,True
2024-12-26 07:37:22,VID_902755,Tech Reviews,Hindi,US,3362,6250,560,93,11,0.314,True
2024-04-29 01:38:53,VID_748855,Vlogs,Spanish,US,840,1750,17,1,7,0.482,True
2024-06-06 22:42:31,VID_252891,Education,Japanese,BR,3128,37141,2336,136,144,0.102,True
2025-07-23 01:52:20,VID_198791,Music,Hindi,IN,1022,4018,234,18,9,0.285,True
2025-05-19 21:00:05,VID_927482,Gaming,English,PK,3108,39851,2475,464,149,-0.287,False
2025-01-29 14:11:06,VID_606560,Coding,Hindi,PK,2124,78,7,1,0,-0.899,True
2025-11-10 01:36:25,VID_228214,Tech Reviews,Hindi,BR,3173,8967,311,18,38,-0.48,False
2024-02-03 10:06:49,VID_527662,Vlogs,Hindi,IN,2400,18179,910,46,36,0.439,True
2025-07-10 07:56:55,VID_114185,Music,Hindi,UK,623,21586,663,39,80,0.759,True
2024-03-20 20:36:18,VID_222271,Vlogs,Hindi,IN,977,4320,93,16,19,-0.224,True
2025-01-09 08:08:40,VID_674563,Vlogs,English,IN,3441,3700,80,10,16,-0.107,True
2025-11-22 22:40:21,VID_148966,Music,Japanese,BR,557,10,0,0,0,-0.994,True
2025-07-31 17:06:40,VID_127337,Music,Urdu,BR,2811,17921,727,139,87,0.441,False
2024-12-29 08:19:56,VID_899130,Music,Spanish,PK,1567,3194,222,14,9,-0.168,False
2025-08-04 22:35:32,VID_968188,Coding,English,IN,1181,4254,304,37,18,-0.071,True
2025-09-25 02:21:47,VID_602959,Coding,Urdu,BR,315,3658,171,17,6,-0.146,True
2025-10-08 18:27:31,VID_579373,Education,English,IN,3166,9932,281,25,9,-0.545,False
2024-07-09 15:53:18,VID_759721,Tech Reviews,Urdu,US,1751,127,2,0,0,-0.728,True
2024-11-20 03:38:26,VID_180657,Music,Hindi,UK,2523,21558,1708,178,101,0.192,False
2025-08-10 06:23:01,VID_703001,Education,English,BR,697,11604,401,62,23,0.031,True
2024-09-11 22:24:55,VID_365791,Music,Spanish,PK,3113,24180,803,103,45,-0.574,False
2024-10-14 02:04:11,VID_642870,Gaming,Urdu,BR,539,7774,85,15,20,0.054,True
2024-12-15 20:08:36,VID_159667,Music,Hindi,BR,2481,25312,1788,221,120,0.502,True
2025-01-12 09:40:53,VID_125773,Gaming,Hindi,UK,849,7197,476,68,35,-0.862,True
2025-03-28 00:02:18,VID_652834,Education,Japanese,PK,2586,3596,42,2,6,-0.268,False
2024-09-09 19:12:37,VID_186571,Vlogs,Hindi,UK,2857,235,11,1,1,-0.822,True
2025-06-29 07:58:42,VID_732939,Education,Japanese,UK,330,2184,157,23,6,-0.244,True
2024-03-24 11:22:59,VID_525626,Coding,Spanish,UK,704,1666,79,15,5,0.21,True
2025-08-09 18:47:47,VID_679179,Vlogs,Spanish,US,992,10968,1018,130,28,0.084,True
2025-03-27 04:30:55,VID_141275,Education,English,IN,2868,21993,2119,249,91,0.142,True
2024-01-25 06:14:06,VID_199914,Gaming,Spanish,IN,1359,6123,142,27,11,-0.299,True
2025-04-16 00:52:05,VID_148274,Gaming,Spanish,US,2389,2100,190,19,5,0.734,True
2025-02-09 23:32:25,VID_594859,Education,Urdu,BR,548,3898,382,41,12,0.824,True
2025-04-30 23:19:55,VID_554816,Education,English,US,1127,22185,1587,84,45,-0.949,True
2025-07-27 14:13:10,VID_203599,Music,Japanese,BR,1150,4799,145,26,14,-0.021,True
2025-03-11 13:09:26,VID_939408,Tech Reviews,Spanish,UK,1020,8636,101,15,38,-0.231,True
2024-03-17 01:57:47,VID_369415,Vlogs,Spanish,US,556,1906,25,3,8,-0.993,True
2024-08-10 00:27:42,VID_860820,Gaming,Urdu,IN,1164,3493,113,17,15,-0.285,True
2024-05-18 16:36:25,VID_505245,Education,Japanese,PK,847,33142,626,75,73,-0.436,True
2024-03-28 12:50:21,VID_678964,Education,Hindi,US,1035,12748,602,97,30,-0.356,True
2025-01-16 06:48:39,VID_502590,Education,Japanese,BR,588,9941,847,71,45,-0.029,True
2024-07-08 15:10:46,VID_240975,Education,Hindi,IN,2736,5917,223,40,12,0.212,True
2024-08-13 14:50:18,VID_161968,Gaming,Hindi,PK,1731,2835,180,33,9,-0.316,True
2024-08-06 09:19:52,VID_940110,Tech Reviews,Japanese,IN,278,4358,175,28,4,0.44,False
2024-10-11 19:44:32,VID_720728,Tech Reviews,English,IN,1256,2642,64,10,12,0.189,True
2024-06-20 03:06:24,VID_620431,Gaming,Urdu,PK,3520,19079,1331,119,65,-0.348,True
2025-12-22 23:02:31,VID_659587,Coding,Japanese,US,3111,8012,241,44,24,0.198,False
2024-01-11 15:51:53,VID_310998,Education,English,BR,1765,7201,364,60,23,0.876,True
2024-08-21 23:49:48,VID_791018,Vlogs,Urdu,PK,2095,7340,732,75,10,0.363,True
2025-05-06 09:04:27,VID_756126,Education,Hindi,PK,1473,15130,201,24,43,-0.98,True
2024-06-20 10:37:47,VID_630376,Music,Japanese,BR,254,2891,249,13,12,-1.0,True
2025-11-15 06:43:27,VID_295018,Tech Reviews,Japanese,PK,3125,4060,107,12,16,0.243,True
2025-01-19 00:25:40,VID_372804,Music,English,PK,1675,4179,280,40,12,0.562,True
2025-05-12 18:27:00,VID_691529,Education,Spanish,US,2848,10330,1016,66,10,-0.054,False
2024-04-17 08:08:07,VID_739172,Vlogs,Japanese,PK,1456,11110,687,57,44,-0.739,True
2024-10-09 14:48:20,VID_279883,Music,Japanese,US,1611,1603,44,3,2,-0.445,True
2024-07-24 08:44:36,VID_180918,Music,Spanish,PK,140,37842,3775,207,50,-0.269,True
2024-06-25 01:14:58,VID_434348,Music,English,PK,3562,4243,291,27,19,-0.586,True
2024-08-19 18:22:51,VID_110069,Vlogs,Hindi,IN,1661,4348,216,37,10,-0.805,True
2024-08-18 18:24:13,VID_836497,Coding,Hindi,IN,860,2050,120,6,10,-0.323,True
2024-01-24 06:47:07,VID_206991,Vlogs,Japanese,US,738,16026,1223,162,58,0.309,True
2024-10-13 21:21:10,VID_150575,Coding,Japanese,UK,585,1096,83,15,1,0.946,True
2024-01-30 08:34:26,VID_927438,Coding,Hindi,US,713,15315,1425,189,31,0.194,True
2024-12-08 07:50:22,VID_179966,Vlogs,Hindi,PK,2179,6969,93,6,28,-0.03,False
2025-01-31 13:45:23,VID_948024,Education,Japanese,US,1366,15644,397,48,36,-0.71,True
2025-07-06 17:56:33,VID_507201,Coding,Japanese,PK,2368,2929,254,24,8,-0.227,True
2024-08-16 04:46:21,VID_751951,Tech Reviews,English,BR,3388,16238,1222,205,61,-0.121,False
2024-02-04 06:40:13,VID_334493,Music,Urdu,US,450,10112,548,57,35,0.243,True
2024-02-06 09:11:15,VID_592126,Gaming,Hindi,UK,1612,5399,129,7,20,-0.594,False
2025-12-21 00:48:39,VID_741417,Tech Reviews,Hindi,US,2978,758,18,3,3,-0.524,False
2025-06-11 19:52:22,VID_953404,Music,Spanish,BR,660,2496,154,21,4,-0.473,False
2025-05-17 19:31:55,VID_716744,Education,Spanish,IN,301,8203,118,11,36,0.429,True
2025-11-14 12:32:45,VID_152415,Coding,English,PK,208,3511,275,53,7,-0.803,True
2024-11-16 02:57:07,VID_520027,Tech Reviews,English,UK,1871,15896,1274,124,53,-0.728,True
2024-03-31 10:33:57,VID_121976,Education,Japanese,PK,1515,16611,412,35,50,0.82,True
2024-06-10 02:14:46,VID_344492,Vlogs,Japanese,US,3320,16950,171,13,36,-0.666,True
2024-04-19 18:36:37,VID_387902,Tech Reviews,Urdu,PK,3278,1389,22,1,6,-0.719,False
2025-07-15 22:30:02,VID_946260,Tech Reviews,Japanese,UK,3576,12834,270,36,31,-0.428,True
2025-09-19 22:26:16,VID_684767,Vlogs,English,IN,3464,1945,126,8,9,-0.753,True
2025-10-12 20:59:04,VID_757851,Education,English,BR,450,2141,60,8,4,-0.444,True
2025-01-08 19:34:12,VID_164190,Vlogs,English,BR,1839,2850,253,12,13,0.798,True
2024-07-28 12:38:40,VID_909419,Coding,Hindi,IN,716,10832,751,46,21,-0.877,True
2025-04-29 23:24:14,VID_184931,Tech Reviews,Spanish,UK,391,6183,169,21,13,-0.79,True
2024-01-03 02:42:25,VID_370546,Gaming,Japanese,PK,1600,12484,847,75,46,-0.155,True
2024-10-20 10:35:27,VID_455123,Education,Japanese,BR,818,22776,1206,139,80,-0.812,True
2025-03-21 08:33:54,VID_845514,Music,Spanish,UK,431,1519,40,7,7,0.589,True
2025-01-11 05:11:00,VID_786546,Vlogs,English,IN,574,11724,128,17,25,-0.43,True
2025-10-22 10:21:00,VID_636501,Music,Japanese,UK,3422,6141,296,33,29,-0.724,True
2024-03-26 21:30:05,VID_681665,Tech Reviews,English,IN,1594,15691,744,131,31,0.068,False
2024-01-29 02:42:17,VID_370640,Music,Hindi,US,577,13966,565,80,37,0.086,False
2024-06-11 09:34:52,VID_515784,Vlogs,Spanish,PK,602,19772,1291,99,22,-0.191,True
2024-07-18 23:33:51,VID_324651,Coding,Japanese,PK,3120,8302,130,17,16,-0.998,True
2025-07-21 22:49:33,VID_872345,Gaming,Spanish,BR,2959,14529,569,59,65,-0.742,True
2024-03-04 22:18:44,VID_369109,Music,Spanish,UK,1693,57872,656,118,202,0.947,True
2025-05-11 00:09:09,VID_888304,Music,Spanish,IN,1009,19900,1217,243,67,-0.101,True
2025-03-27 14:05:37,VID_175937,Coding,Urdu,BR,1754,8129,348,64,31,0.6,True
2024-02-05 13:00:25,VID_425876,Gaming,Urdu,US,2837,14230,1119,64,55,-0.899,True
2025-07-24 01:17:11,VID_706415,Tech Reviews,Spanish,US,255,22646,1046,183,60,-0.48,True
2025-09-02 18:03:43,VID_352682,Gaming,Spanish,UK,2017,3255,126,18,12,0.144,True
2024-01-05 03:06:33,VID_821841,Education,English,PK,202,12721,517,97,43,0.294,True
2025-10-08 21:38:31,VID_381064,Tech Reviews,Hindi,BR,412,4815,327,46,6,-0.494,True
2024-07-23 00:29:51,VID_403627,Gaming,English,PK,730,1339,14,1,2,0.35,True
2024-06-18 19:58:34,VID_648240,Music,Japanese,IN,284,41567,1022,125,166,0.861,True
2024-07-08 12:14:45,VID_920513,Coding,Hindi,PK,135,19129,1893,130,78,-0.564,True
2024-09-06 07:59:07,VID_361263,Vlogs,English,US,3157,5917,494,59,21,-0.766,True
2024-08-31 00:36:48,VID_681648,Gaming,Hindi,BR,2273,1867,139,20,6,-0.075,True
2025-07-10 20:36:10,VID_579162,Tech Reviews,Hindi,PK,3344,42915,1969,247,45,0.628,True
2025-03-08 07:29:31,VID_989431,Tech Reviews,Urdu,PK,923,34335,3266,633,80,0.206,True
2025-08-08 05:32:58,VID_631599,Education,Urdu,IN,545,7039,700,137,30,0.19,True
2025-03-18 04:33:26,VID_762241,Gaming,Urdu,IN,2459,2590,116,6,11,0.738,False
2025-01-07 14:52:24,VID_684674,Music,English,BR,593,22667,1485,103,60,0.905,False
2025-08-03 11:09:50,VID_426792,Music,Hindi,UK,2988,32845,867,161,125,-0.263,True
2025-06-12 22:01:17,VID_411354,Vlogs,Hindi,UK,3284,1984,88,14,8,0.134,True
2024-07-29 13:59:29,VID_849515,Tech Reviews,Spanish,BR,561,2962,271,16,4,0.193,False
2025-01-30 10:34:03,VID_921406,Gaming,Urdu,US,965,5577,308,23,8,0.609,True
2024-12-26 02:54:11,VID_133954,Coding,Hindi,US,3574,2664,243,32,6,0.888,True
2025-12-17 22:03:20,VID_334342,Gaming,Hindi,UK,1343,11565,709,73,43,-0.846,False
2024-03-11 23:16:36,VID_285079,Tech Reviews,Hindi,IN,2618,535,8,0,2,-0.367,True
2025-09-05 00:47:14,VID_958069,Vlogs,English,BR,2031,2451,126,9,6,0.433,True
2025-07-19 18:32:32,VID_620552,Education,English,PK,2121,3282,185,33,9,0.27,False
2025-02-14 03:24:45,VID_132161,Tech Reviews,Spanish,IN,2160,7229,538,76,25,0.261,True
2025-10-25 13:57:52,VID_966109,Music,Spanish,PK,890,76,5,0,0,-0.392,False
2024-09-09 23:06:12,VID_245386,Tech Reviews,Urdu,UK,775,5993,119,21,27,0.216,True
2024-09-13 09:58:12,VID_729177,Gaming,Spanish,IN,188,1688,68,4,7,0.844,True
2025-06-15 03:47:25,VID_374784,Tech Reviews,Spanish,PK,2859,2668,53,4,3,0.147,True
2024-08-01 06:34:59,VID_358994,Tech Reviews,English,US,157,5078,110,13,17,0.56,False
2025-09-03 01:51:17,VID_390415,Tech Reviews,English,US,1581,450,14,1,1,-0.022,True
2025-04-03 05:17:56,VID_239822,Tech Reviews,Urdu,PK,2869,19785,1231,138,95,-0.907,True
2024-04-05 03:06:21,VID_970932,Tech Reviews,Hindi,PK,3130,5561,480,84,20,-0.527,True
2024-12-24 12:27:32,VID_452566,Education,Urdu,UK,3379,13938,758,67,57,-0.476,True
2024-07-04 17:44:44,VID_867455,Music,Japanese,UK,634,11207,1112,64,44,-0.099,True
2025-08-02 04:19:54,VID_977905,Gaming,Spanish,UK,277,6606,188,24,22,0.735,True
2025-04-15 17:01:51,VID_931574,Gaming,Spanish,BR,3490,5448,427,28,25,-0.636,True
2025-12-12 21:06:29,VID_858490,Gaming,Spanish,PK,3577,5172,262,38,24,-0.959,True
2024-03-28 04:23:54,VID_678791,Education,Hindi,UK,2996,2187,192,35,8,-0.054,True
2025-07-11 19:11:22,VID_677917,Education,Spanish,BR,62,1760,131,14,2,-0.21,True
2024-08-27 19:08:26,VID_378941,Education,Spanish,US,928,3166,172,32,4,-0.893,True
2025-04-21 00:44:00,VID_373965,Music,Spanish,PK,2320,9957,230,29,46,0.688,True
2024-07-20 07:39:24,VID_240483,Tech Reviews,Hindi,US,2369,4939,204,28,5,-0.482,True
2024-07-31 14:58:44,VID_363941,Gaming,English,IN,950,548,33,6,2,-0.437,True
2024-10-15 17:41:09,VID_154308,Music,Urdu,PK,2267,26678,2291,128,65,-0.852,True
2024-09-26 05:05:50,VID_773998,Coding,Japanese,UK,1677,6346,151,7,31,0.652,True
2025-01-14 01:58:53,VID_225434,Tech Reviews,Japanese,UK,1895,14463,395,25,19,0.051,True
2025-05-30 19:35:01,VID_973072,Education,English,US,697,7764,758,76,19,0.33,False
2025-07-28 04:36:56,VID_588301,Vlogs,Hindi,US,787,22309,1313,261,58,-0.959,True
2024-06-17 00:32:16,VID_967294,Music,Hindi,US,2527,692,47,3,2,0.287,False
2024-11-25 09:17:10,VID_939819,Education,Japanese,UK,2560,7421,460,71,19,0.19,True
2024-08-28 04:12:28,VID_990875,Coding,Hindi,IN,1129,4667,109,13,10,-0.572,True
2024-08-28 08:54:46,VID_884854,Vlogs,Hindi,IN,2916,15907,870,147,59,-0.897,True
2024-04-20 14:21:55,VID_557746,Vlogs,Hindi,US,2098,21345,1326,163,100,-0.322,True
2024-10-16 11:09:14,VID_266106,Vlogs,English,PK,2729,8496,533,34,35,0.625,True
2024-12-28 21:27:55,VID_546251,Gaming,Hindi,BR,878,13290,1054,148,54,-0.495,False
2024-04-05 04:20:57,VID_234004,Music,Spanish,UK,152,8604,850,142,12,0.625,True
2024-12-19 15:09:45,VID_945597,Coding,Urdu,UK,2271,2864,54,9,9,0.753,True
2025-03-02 12:19:57,VID_244728,Vlogs,Hindi,IN,3253,24141,1667,226,52,0.648,True
2024-09-11 01:02:48,VID_307836,Gaming,Urdu,UK,2430,12277,1056,104,45,-0.74,True
2025-05-12 21:57:30,VID_696423,Tech Reviews,Spanish,PK,807,2957,155,28,6,-0.593,True
2025-11-11 08:11:34,VID_106648,Music,Japanese,US,1525,9241,151,29,10,0.423,True
2024-07-13 09:26:43,VID_948699,Vlogs,Japanese,PK,2782,5635,372,24,24,0.045,True
2025-03-14 06:16:32,VID_857336,Education,Urdu,IN,2671,33979,2631,415,72,-0.067,True
2025-05-21 13:44:52,VID_831289,Music,Urdu,US,2475,2958,64,7,5,-0.467,True
2025-10-12 07:37:38,VID_804455,Education,Spanish,IN,1956,4421,76,12,14,-0.959,True
2024-03-08 05:15:56,VID_796464,Coding,English,IN,1897,3968,324,19,7,-0.625,True
2025-03-26 02:37:17,VID_254372,Vlogs,Urdu,BR,1487,6232,173,18,18,0.437,True
2024-09-11 07:18:50,VID_713349,Gaming,Urdu,BR,1231,13701,715,57,33,0.804,True
2025-10-08 04:24:32,VID_521636,Vlogs,Hindi,US,1761,1911,134,6,4,0.245,True
2025-11-24 18:01:56,VID_967641,Music,Urdu,IN,2785,6761,665,94,19,-0.488,False
2024-03-19 18:14:26,VID_124490,Tech Reviews,Japanese,UK,411,13653,214,38,18,-0.523,True
2024-05-17 18:55:02,VID_225774,Education,Spanish,UK,1058,3185,170,32,5,0.421,True
2025-10-07 03:13:06,VID_264798,Gaming,Spanish,IN,2281,1725,66,7,3,-0.042,True
2024-05-14 08:32:09,VID_941964,Coding,Japanese,US,774,6985,405,59,33,-0.564,True
2024-11-19 21:33:16,VID_720736,Coding,Spanish,BR,2670,4739,365,72,22,-0.192,True
2025-05-01 00:49:40,VID_296243,Music,Japanese,BR,3269,21595,1685,224,101,-0.394,True
2024-06-07 18:40:44,VID_392842,Education,Spanish,PK,647,37916,3452,517,131,0.324,True
2025-12-28 19:43:18,VID_793937,Tech Reviews,Japanese,BR,1207,4447,439,78,8,-0.566,True
2025-07-25 10:53:31,VID_163484,Music,Spanish,BR,3125,16265,1623,290,70,-0.304,True
2024-03-28 16:39:37,VID_168884,Vlogs,Japanese,BR,1963,8543,262,42,9,-0.461,True
2025-01-09 02:18:51,VID_875616,Education,English,PK,3457,20532,1282,152,46,0.857,True
2024-11-20 18:25:36,VID_731449,Education,English,PK,3133,12807,982,92,33,-0.086,True
2025-01-09 17:13:22,VID_316033,Tech Reviews,Urdu,IN,1367,9381,916,63,12,0.829,True
2024-01-07 22:53:35,VID_151682,Vlogs,English,UK,2337,2006,144,27,6,0.548,False
2024-06-19 01:06:43,VID_587755,Music,Japanese,US,1448,317,26,3,1,-0.887,True
2025-01-20 17:58:04,VID_878058,Coding,Spanish,IN,2502,1096,58,7,4,-0.613,True
2024-07-04 10:07:14,VID_658686,Vlogs,English,PK,1063,3598,255,50,13,-0.468,True
2025-03-08 13:51:42,VID_529875,Tech Reviews,Hindi,PK,1510,5872,496,82,10,0.768,True
2025-10-08 02:01:50,VID_558205,Tech Reviews,Hindi,UK,1247,5155,311,43,9,0.036,False
2024-07-14 23:10:45,VID_838817,Gaming,English,PK,3075,9145,615,108,14,-0.827,True
2025-02-28 11:02:22,VID_686578,Vlogs,Hindi,BR,588,21426,2022,148,90,-0.002,True
2024-04-03 13:56:24,VID_808172,Education,Hindi,IN,1435,11368,1119,167,43,-0.909,True
2024-12-31 06:12:42,VID_635230,Gaming,Spanish,BR,739,2221,180,20,3,0.865,True
2024-07-26 23:47:17,VID_177795,Education,Spanish,UK,1632,3766,285,45,6,0.482,True
2024-10-23 22:06:47,VID_562342,Tech Reviews,Spanish,UK,709,1378,106,10,3,0.52,True
2024-06-06 14:11:25,VID_132124,Vlogs,English,IN,176,3150,127,21,9,0.117,True
2025-03-13 15:19:52,VID_881693,Tech Reviews,Hindi,UK,3420,20663,1707,218,91,0.42,True
2024-05-28 10:51:39,VID_989857,Tech Reviews,Urdu,BR,2439,6658,498,51,19,0.886,True
2024-05-19 17:12:29,VID_571005,Music,Urdu,UK,3511,31611,1106,70,58,-0.171,True
2025-07-07 04:56:28,VID_759664,Coding,Japanese,BR,933,22051,1845,183,99,-0.298,True
2025-11-09 15:45:27,VID_853327,Coding,Spanish,BR,1017,17738,1074,144,26,-0.939,True
2025-12-08 01:07:59,VID_928459,Music,English,PK,1090,6204,551,73,8,-0.004,False
2025-08-13 22:00:34,VID_766175,Tech Reviews,Urdu,IN,725,2597,234,14,8,-0.18,True
2025-04-04 16:37:20,VID_775357,Coding,Urdu,BR,2723,6513,96,15,15,-0.394,True
2024-10-03 17:45:48,VID_830538,Vlogs,Hindi,UK,1649,3886,329,37,5,-0.64,False
2024-10-23 18:23:11,VID_761917,Education,Hindi,PK,1370,13238,727,41,29,-0.042,True
2025-07-25 05:13:24,VID_798580,Vlogs,Japanese,US,491,20767,1957,245,99,0.684,False
2024-01-20 21:53:41,VID_592845,Tech Reviews,English,PK,1514,1502,144,25,1,-0.124,True
2025-01-23 10:29:54,VID_754812,Vlogs,Hindi,PK,2589,825,73,8,0,0.668,True
2025-01-09 04:20:14,VID_415937,Vlogs,Japanese,BR,202,947,40,7,3,-0.245,True
2025-10-25 08:28:36,VID_881965,Vlogs,Hindi,PK,2440,3631,157,29,7,0.679,True
2024-12-01 14:03:42,VID_896040,Gaming,Urdu,US,2560,173,9,1,0,-0.16,True
2024-02-20 21:30:04,VID_703073,Tech Reviews,Spanish,BR,2227,6694,581,34,11,-0.611,True
2025-05-11 06:23:20,VID_348319,Gaming,Urdu,UK,2202,23870,2270,447,57,-0.794,True
2025-03-29 09:54:28,VID_383213,Education,Hindi,IN,2121,11193,970,174,24,0.562,True
2025-05-28 03:15:21,VID_753548,Gaming,Spanish,UK,1583,3229,274,49,14,-0.981,False
2024-08-05 12:41:55,VID_471297,Tech Reviews,Urdu,UK,2376,28830,354,57,34,-0.98,True
2025-09-02 16:31:45,VID_257907,Education,English,UK,1688,2770,140,20,13,0.473,True
2024-05-03 10:57:51,VID_388236,Gaming,English,US,127,2443,41,6,4,-0.623,True
2024-10-15 23:49:29,VID_286833,Tech Reviews,Urdu,IN,1741,18981,1885,150,74,0.089,True
2025-06-02 15:19:52,VID_982915,Tech Reviews,Spanish,PK,226,28420,2569,196,77,-0.417,True
2024-10-10 15:14:35,VID_373771,Vlogs,Hindi,US,1796,1854,96,13,5,0.668,False
2024-04-28 22:11:21,VID_719567,Music,Spanish,UK,788,26831,1878,356,52,-0.113,True
2025-09-01 04:31:00,VID_261036,Education,Spanish,IN,697,621,55,6,1,-0.132,True
2024-01-28 13:51:56,VID_263975,Tech Reviews,English,US,2768,15329,359,52,52,0.556,True
2025-02-22 22:23:29,VID_857335,Vlogs,Urdu,BR,1986,3683,245,48,17,-0.353,True
2024-02-19 22:05:01,VID_722931,Tech Reviews,Spanish,UK,2616,15126,1131,69,31,0.204,True
2024-03-13 04:42:38,VID_399507,Tech Reviews,Hindi,BR,2262,4179,383,40,18,-0.521,False
2024-06-18 11:24:21,VID_420366,Coding,Japanese,IN,676,17229,932,154,69,0.182,True
2024-09-14 10:08:29,VID_533554,Vlogs,Japanese,PK,603,22260,874,153,57,-0.371,True
2024-01-29 14:29:51,VID_901994,Gaming,Urdu,US,2078,10778,843,66,48,0.491,True
2025-10-04 17:47:28,VID_278258,Vlogs,Japanese,US,217,48183,3112,581,115,0.959,True
2025-08-18 15:58:50,VID_799790,Gaming,Japanese,UK,3445,8155,708,49,8,0.109,False
2024-09-19 04:04:51,VID_292765,Education,Spanish,US,3583,27477,650,121,101,0.559,True
2024-04-02 05:45:53,VID_906848,Coding,Japanese,UK,1028,6010,367,56,14,0.01,True
2025-05-10 17:18:50,VID_330293,Gaming,Urdu,BR,691,4767,262,38,21,-0.517,True
2025-01-18 03:39:04,VID_891211,Vlogs,Japanese,PK,2586,4692,407,61,16,0.579,True
2024-12-01 09:35:02,VID_739135,Education,Hindi,US,120,3,0,0,0,-0.018,True
2025-01-23 15:27:33,VID_652051,Education,Japanese,BR,2137,4623,218,33,7,0.451,True
2025-06-20 10:35:09,VID_598613,Education,English,IN,3076,26946,1123,64,118,-0.291,True
2025-07-07 08:35:07,VID_681253,Coding,Hindi,IN,3598,3097,85,11,4,0.511,True
2024-03-13 06:40:33,VID_208262,Coding,Hindi,PK,3187,216,16,2,0,0.022,False
2024-08-29 08:42:16,VID_644910,Music,Urdu,BR,783,9573,412,64,47,-0.433,False
2024-04-10 12:15:34,VID_195613,Education,Hindi,US,1238,33391,1496,84,108,0.937,True
2025-10-14 17:37:08,VID_313582,Coding,Japanese,IN,2281,1493,73,8,3,0.51,True
2025-07-07 02:02:40,VID_376956,Education,Japanese,BR,3012,822,14,1,3,0.094,True
2024-02-21 19:56:58,VID_759666,Music,Spanish,IN,501,1286,39,1,2,-0.327,True
2024-03-13 05:39:17,VID_785080,Gaming,Hindi,UK,2329,15481,507,40,20,0.644,True
2024-04-03 20:48:41,VID_356485,Vlogs,Urdu,UK,3129,4554,134,9,21,0.897,True
2024-02-28 16:24:37,VID_803707,Gaming,Urdu,PK,3482,39900,1501,199,195,0.563,True
2025-05-17 03:35:19,VID_842718,Music,English,PK,767,927,84,13,1,0.152,True
2025-12-30 22:53:14,VID_463972,Gaming,Urdu,BR,2208,8066,472,73,31,0.443,True
2024-05-31 22:36:09,VID_935459,Vlogs,English,IN,1553,6566,620,101,23,-0.23,True
2024-09-20 08:32:55,VID_385986,Tech Reviews,Spanish,PK,1840,1034,81,9,2,0.848,True
2025-03-19 11:16:17,VID_981040,Gaming,Japanese,PK,108,2193,79,11,6,-0.736,True
2025-07-14 10:59:28,VID_879639,Coding,Japanese,BR,636,31221,3039,365,141,-0.56,True
2025-05-31 14:16:28,VID_300033,Music,Urdu,PK,3509,14072,151,18,31,0.19,False
2024-10-21 02:29:10,VID_693945,Tech Reviews,Urdu,PK,1613,1456,58,5,6,0.554,False
2025-08-15 13:31:13,VID_886077,Tech Reviews,English,US,2133,132,3,0,0,0.816,True
2025-12-02 15:00:09,VID_296668,Coding,Hindi,IN,1015,14661,1202,105,15,0.811,True
2024-10-18 08:50:20,VID_292620,Coding,Urdu,IN,928,27725,2772,507,110,0.007,True
2024-07-08 17:27:35,VID_115972,Vlogs,English,IN,2880,12326,613,68,49,0.115,True
2025-04-08 14:27:29,VID_680855,Gaming,Hindi,IN,2731,1185,22,2,1,-0.352,False
2024-07-08 23:55:24,VID_231925,Education,Hindi,US,2786,18978,1529,255,21,0.865,True
2024-07-27 07:34:10,VID_591305,Tech Reviews,Japanese,BR,2618,21213,1650,254,35,0.551,False
2025-03-14 01:26:33,VID_646324,Music,English,US,3318,784,12,1,2,0.45,True
2025-12-21 22:28:14,VID_231170,Tech Reviews,Urdu,UK,2277,469,40,7,1,0.288,True
2025-05-16 11:59:44,VID_648692,Gaming,English,UK,2875,3581,238,26,8,-0.731,True
2025-02-28 11:57:52,VID_739661,Music,Spanish,US,444,27204,643,69,73,-0.713,False
2024-02-23 07:27:03,VID_280929,Gaming,Spanish,UK,1562,10021,853,140,35,0.078,True
2024-06-02 20:21:40,VID_578106,Vlogs,English,UK,1333,1085,43,3,2,0.92,True
2025-11-19 19:04:37,VID_803437,Gaming,Spanish,IN,3457,4104,134,19,13,0.711,False
2025-03-18 10:51:36,VID_865302,Gaming,English,BR,357,6084,388,35,24,0.916,True
2024-03-30 20:43:29,VID_126645,Gaming,Hindi,IN,3053,6677,202,12,31,0.924,True
2024-05-06 22:44:46,VID_729002,Music,Hindi,US,3159,29105,853,110,70,-0.489,False
2024-02-14 04:17:33,VID_898937,Education,Urdu,BR,2133,12740,275,46,56,-0.921,True
2025-09-13 15:56:03,VID_983866,Education,Hindi,UK,3059,9782,922,172,34,-0.409,True
2025-09-04 12:48:06,VID_808539,Gaming,Urdu,BR,3482,1234,97,6,5,-0.692,True
2024-10-03 21:20:27,VID_772333,Vlogs,English,IN,616,9145,456,46,37,0.827,True
2025-05-30 01:42:14,VID_666045,Coding,Urdu,IN,442,4268,190,28,5,-0.395,True
2024-07-26 23:20:38,VID_455545,Coding,Spanish,UK,2747,6024,164,11,27,-0.515,True
2025-09-08 09:35:32,VID_614565,Education,Hindi,BR,3531,11204,765,84,51,0.673,True
2025-09-07 19:19:11,VID_379328,Music,Japanese,US,2357,14874,710,127,37,-0.357,True
2025-03-13 03:01:22,VID_357195,Tech Reviews,Urdu,UK,2125,15532,656,54,55,0.229,False
2024-06-02 19:17:43,VID_379407,Coding,English,US,2527,14337,318,38,20,0.11,True
2025-12-21 22:55:54,VID_300822,Coding,Urdu,IN,1130,3749,284,31,7,0.718,True
2024-11-06 11:27:03,VID_839880,Vlogs,Urdu,BR,2929,31471,763,64,100,0.251,True
2024-09-22 08:00:16,VID_374301,Gaming,Hindi,UK,2064,2412,137,11,6,-0.112,True
2024-09-01 22:23:24,VID_807986,Education,Japanese,UK,1235,2908,144,20,12,0.839,True
2025-10-05 16:17:38,VID_735324,Gaming,English,IN,2545,7961,330,54,20,0.577,True
2025-09-15 18:46:58,VID_945981,Gaming,English,IN,3172,18920,982,109,53,-0.299,True
2024-03-27 16:28:57,VID_194156,Tech Reviews,Hindi,US,260,28886,2779,201,121,-0.528,True
2024-05-20 08:15:37,VID_434204,Vlogs,Urdu,PK,1017,28117,369,46,108,-0.101,True
2025-11-23 07:13:36,VID_331928,Tech Reviews,Urdu,PK,197,17493,428,40,56,0.24,False
2024-02-08 23:52:01,VID_473804,Coding,Urdu,BR,1476,993,41,2,1,0.456,True
2024-05-12 12:31:56,VID_368724,Vlogs,English,BR,357,3971,80,9,5,-0.591,True
2025-10-05 23:05:56,VID_180279,Education,Hindi,US,1097,3374,160,26,9,-0.998,True
2025-04-02 09:13:15,VID_881984,Coding,Urdu,PK,2649,7532,257,33,32,0.897,False
2025-04-28 13:40:16,VID_650969,Education,Hindi,PK,1448,1578,99,11,1,0.687,True
2025-05-28 16:48:53,VID_874271,Gaming,Urdu,PK,271,7761,432,39,27,-0.44,True
2024-01-12 04:43:57,VID_947438,Gaming,Hindi,PK,3444,12040,215,26,29,-0.536,True
2025-12-26 18:26:51,VID_136612,Education,English,IN,843,3627,154,9,16,-0.034,True
2025-04-25 07:49:56,VID_207534,Tech Reviews,Urdu,UK,2944,2640,221,13,11,-0.25,True
2024-05-04 00:48:05,VID_922090,Gaming,Hindi,IN,113,416,13,1,0,-0.156,True
2024-01-12 20:19:52,VID_866343,Vlogs,Japanese,PK,179,8697,328,56,18,0.515,True
2024-03-13 19:34:36,VID_139709,Vlogs,Spanish,UK,221,14025,1167,158,41,0.415,True
2025-08-02 11:57:21,VID_996778,Vlogs,Hindi,PK,3408,5981,132,8,7,0.178,True
2025-06-28 01:19:33,VID_230476,Education,Japanese,US,3193,2343,106,8,3,-0.31,True
2025-01-13 05:09:53,VID_602156,Education,Japanese,US,2342,4596,104,17,21,-0.341,True
2025-07-03 19:20:43,VID_161834,Education,Japanese,UK,2875,4382,79,4,12,-0.956,True
2024-02-24 00:53:34,VID_915841,Tech Reviews,Spanish,IN,3276,48347,1160,151,196,0.565,True
2025-04-07 15:10:55,VID_932026,Tech Reviews,Spanish,BR,2320,9304,692,92,30,-0.893,True
2025-10-15 21:13:16,VID_667782,Coding,Japanese,PK,304,4553,344,62,20,0.316,True
2024-12-25 14:27:58,VID_424728,Vlogs,Hindi,IN,3466,17458,901,176,60,0.974,True
2025-07-04 21:25:26,VID_961905,Music,Japanese,PK,2688,3800,369,71,17,0.037,True
2025-09-21 00:22:30,VID_615989,Gaming,Spanish,UK,2583,38384,3719,502,54,0.037,True
2025-10-19 13:03:50,VID_703346,Coding,Hindi,UK,870,38256,475,60,70,-0.583,True
2025-08-16 01:28:52,VID_596159,Vlogs,Spanish,BR,678,21227,1294,251,78,-0.488,True
2025-04-12 11:53:16,VID_596224,Gaming,Japanese,US,483,4450,307,29,18,0.785,True
2024-08-19 23:16:26,VID_905839,Education,Spanish,IN,2533,4907,360,56,5,-0.647,True
2024-06-29 00:57:15,VID_687888,Vlogs,Urdu,IN,1416,18019,199,30,35,-0.446,False
2025-10-11 16:28:47,VID_249231,Music,Japanese,BR,1385,16616,1381,81,43,0.604,False
2024-11-21 07:26:07,VID_913805,Coding,Urdu,PK,2536,408,6,0,0,0.841,True
2025-08-28 13:12:54,VID_354365,Music,Hindi,BR,1211,6597,574,32,19,0.216,True
2024-07-05 17:57:24,VID_715985,Gaming,Hindi,PK,2154,12183,647,42,27,0.417,True
2024-01-01 02:51:10,VID_359802,Education,Japanese,IN,1198,15418,197,37,61,0.762,True
2024-04-03 02:10:29,VID_511998,Gaming,Hindi,IN,1643,7994,523,28,13,-0.592,True
2024-01-19 08:23:18,VID_849551,Vlogs,Japanese,IN,2797,3693,57,6,6,0.328,True
2024-07-28 14:58:54,VID_942741,Gaming,Urdu,PK,265,9951,234,38,19,0.175,True
2024-02-12 17:14:17,VID_968902,Tech Reviews,Hindi,IN,1868,1535,85,12,4,-0.316,True
2025-11-18 13:45:54,VID_453262,Coding,English,US,3025,3407,82,10,13,-0.875,True
2025-07-08 01:07:51,VID_265596,Coding,Hindi,PK,3003,5492,199,29,27,-0.121,True
2024-07-20 21:07:07,VID_290472,Gaming,Hindi,PK,987,5908,75,5,23,0.283,True
2025-06-13 11:23:58,VID_149328,Music,Urdu,BR,3400,11787,781,92,27,0.328,True
2025-01-04 21:38:39,VID_411906,Education,Japanese,BR,907,571,19,1,0,-0.756,True
2025-11-20 12:49:10,VID_578664,Coding,Japanese,BR,460,6580,74,14,30,0.335,True
2024-04-25 04:00:47,VID_958226,Vlogs,Spanish,UK,148,9375,771,110,34,0.951,True
2025-01-26 00:00:24,VID_863971,Education,Japanese,UK,1285,947,93,18,3,0.464,False
2024-07-26 19:50:09,VID_900092,Vlogs,Hindi,BR,3327,175,16,2,0,-0.983,False
2025-11-23 15:17:38,VID_620735,Education,Japanese,BR,494,2467,57,8,12,-0.336,True
2025-01-24 01:01:31,VID_415162,Tech Reviews,Spanish,UK,961,12072,714,75,52,0.842,False
2024-07-12 02:59:33,VID_456281,Music,English,PK,3202,514,23,1,1,0.279,True
2024-02-23 19:11:56,VID_637487,Vlogs,Spanish,US,2126,2543,148,21,2,0.486,True
2024-10-30 11:22:15,VID_680227,Gaming,Hindi,UK,1643,4376,69,4,10,0.213,True
2025-04-15 16:03:48,VID_821051,Music,Hindi,UK,107,4840,284,22,8,-0.209,True
2024-03-20 06:49:32,VID_775261,Tech Reviews,Spanish,IN,1078,2613,251,37,3,0.437,True
2024-03-03 19:09:42,VID_280311,Music,Japanese,US,2342,11623,374,21,43,0.892,True
2025-06-28 01:54:31,VID_912449,Education,Urdu,PK,2959,5665,177,14,21,0.6,True
2025-07-18 06:43:02,VID_853162,Gaming,Japanese,UK,902,2326,168,23,11,-0.499,True
2024-03-07 03:32:27,VID_397201,Coding,Hindi,US,1263,3849,175,32,5,-0.349,False
2025-10-02 08:52:14,VID_111629,Vlogs,Japanese,US,2033,14774,181,21,67,-0.485,True
2024-06-29 01:09:25,VID_472429,Coding,Hindi,PK,2837,11914,805,105,40,-0.69,True
2025-09-11 19:00:03,VID_807590,Education,English,PK,888,24672,1632,138,113,0.399,True
2025-11-10 16:07:17,VID_286483,Music,Japanese,US,3560,34836,2941,546,71,-0.96,True
2025-04-27 20:41:31,VID_557783,Education,Spanish,PK,3533,1654,139,12,3,-0.392,True
2024-07-28 19:55:47,VID_546823,Tech Reviews,Japanese,IN,255,566,43,8,0,-0.665,True
2024-12-21 16:00:05,VID_419182,Education,Urdu,IN,1744,6775,360,24,18,0.566,True
2024-01-24 06:18:46,VID_310099,Music,Hindi,US,1421,843,17,1,2,-0.489,True
2024-12-15 14:08:05,VID_436730,Tech Reviews,Hindi,IN,2843,3683,111,16,16,-0.931,True
2024-02-10 02:20:34,VID_856279,Gaming,Japanese,IN,1333,14198,1070,211,38,0.929,False
2025-01-13 21:02:21,VID_413837,Tech Reviews,Hindi,US,1528,12627,182,30,61,-0.116,True
2024-11-09 06:15:47,VID_790881,Coding,Urdu,US,958,7166,380,54,19,-0.244,True
2024-08-25 09:48:06,VID_695466,Coding,Hindi,IN,3446,2212,96,6,4,-0.861,True
2025-04-24 12:58:30,VID_572667,Education,Urdu,US,2513,2164,206,21,6,-0.061,True
2025-07-11 15:21:58,VID_274535,Music,Urdu,PK,3589,18560,290,25,77,-0.269,True
2025-09-01 02:47:54,VID_577641,Music,Urdu,UK,729,29629,1471,289,34,-0.498,True
2025-08-31 13:54:08,VID_219762,Tech Reviews,Urdu,IN,480,13545,415,27,65,-0.407,True
2024-10-08 08:03:31,VID_405275,Vlogs,Urdu,UK,1008,747,32,2,1,-0.119,True
2024-03-02 23:58:09,VID_240143,Tech Reviews,Spanish,IN,1364,46,2,0,0,0.248,True
2025-02-03 09:25:53,VID_988770,Tech Reviews,Spanish,IN,726,34868,2251,416,70,-0.704,True
2024-01-11 12:54:17,VID_777760,Coding,Urdu,US,2144,4500,185,24,15,0.603,True
2025-11-10 03:11:24,VID_580133,Tech Reviews,English,BR,1708,127,3,0,0,0.254,True
2025-09-30 01:31:06,VID_965447,Vlogs,Spanish,PK,254,13938,853,105,30,0.452,False
2025-01-11 02:39:21,VID_902598,Education,Japanese,PK,800,1875,66,4,5,-0.998,False
2025-03-04 19:41:42,VID_912938,Tech Reviews,English,US,2372,6302,158,8,15,-0.792,True
2024-05-20 15:58:00,VID_338038,Vlogs,Japanese,PK,3170,5834,224,30,22,-0.14,True
2024-10-07 02:50:43,VID_210434,Education,Hindi,UK,2838,3954,234,43,16,-0.266,True
2024-04-17 22:14:59,VID_149625,Coding,Hindi,BR,2523,492,17,1,0,-0.783,False
2025-06-20 10:44:31,VID_201421,Coding,English,BR,3430,6097,344,54,15,0.644,True
2025-09-03 18:56:53,VID_513047,Education,Spanish,US,2660,23491,316,39,25,0.28,True
2025-10-02 21:12:39,VID_674033,Vlogs,Spanish,UK,3171,4611,253,36,12,0.38,True
2024-10-11 16:19:46,VID_579649,Tech Reviews,Japanese,US,2484,9987,762,108,37,-0.13,True
2024-03-03 00:22:14,VID_486075,Tech Reviews,Hindi,UK,1161,17391,938,88,75,0.813,True
2024-02-23 11:11:15,VID_492173,Music,English,PK,1532,213,9,0,0,0.827,True
2025-07-25 16:57:40,VID_472076,Education,Japanese,BR,1215,18207,1732,100,67,-0.937,True
2025-08-23 18:30:40,VID_640883,Music,Spanish,PK,3013,566,51,2,1,-0.427,True
2024-09-01 17:52:29,VID_402427,Gaming,English,IN,2491,28366,1679,302,113,0.857,True
2025-08-07 06:15:14,VID_611962,Education,Hindi,PK,2874,2210,152,15,9,-0.126,False
2024-02-23 16:09:40,VID_499565,Music,English,IN,3375,30141,594,70,89,-0.814,True
2024-10-26 21:51:31,VID_696286,Music,Japanese,UK,1249,3567,309,29,17,-0.662,True
2024-10-13 11:58:24,VID_180008,Vlogs,Japanese,US,1036,146,10,0,0,0.046,True
2025-09-11 11:07:53,VID_595465,Coding,English,US,332,11394,907,70,31,0.545,True
2025-03-01 01:35:06,VID_403740,Tech Reviews,Hindi,IN,802,3581,119,9,4,0.137,True
2024-06-16 05:11:22,VID_256207,Coding,Urdu,US,1730,2948,266,40,12,-0.939,False
2025-03-25 19:03:03,VID_460627,Education,Hindi,US,875,6471,432,73,25,-0.641,True
2024-10-17 14:57:23,VID_969948,Education,Japanese,UK,824,2528,246,38,8,0.957,False
2025-02-25 15:49:00,VID_550602,Music,Hindi,PK,1628,4344,187,20,10,0.46,True
2024-11-29 17:38:39,VID_332929,Music,English,US,1599,4246,303,30,16,0.939,True
2025-07-22 12:35:08,VID_197710,Coding,English,UK,2083,14524,176,23,67,0.311,True
2025-05-06 23:21:27,VID_450959,Coding,Spanish,US,3263,811,23,2,1,-0.768,True
2025-12-22 09:53:03,VID_249725,Education,Hindi,BR,3063,1838,134,12,8,-0.001,True
2024-12-16 11:44:49,VID_154472,Vlogs,Japanese,US,2424,10060,552,53,16,-0.662,True
2024-03-17 19:33:28,VID_333872,Coding,Japanese,UK,1126,4597,136,12,4,0.794,True
2024-07-28 02:11:22,VID_903417,Gaming,Spanish,PK,1986,27893,2361,287,95,-0.574,False
2025-08-11 13:56:56,VID_145542,Tech Reviews,Hindi,IN,2640,15382,296,30,69,-0.225,True
2024-02-04 07:33:33,VID_202518,Gaming,Hindi,BR,285,13400,606,101,50,0.944,True
2024-02-25 02:18:25,VID_343685,Gaming,English,PK,2557,6070,475,45,18,-0.943,True
2024-06-23 12:14:35,VID_498819,Gaming,Spanish,BR,2541,6600,228,14,28,0.096,False
2024-04-06 19:14:58,VID_272052,Education,Spanish,BR,1106,23536,1365,261,76,-0.74,True
2024-04-27 03:21:59,VID_696226,Gaming,Hindi,US,1136,2041,117,11,3,0.054,True
2025-07-12 08:34:01,VID_358274,Gaming,Hindi,PK,269,21635,418,80,95,-0.029,True
2025-12-09 21:18:00,VID_112575,Education,English,PK,3308,13998,1119,127,42,-0.333,True
2025-02-05 12:43:32,VID_546640,Coding,Spanish,US,2160,1525,39,4,7,-0.635,True
2024-08-14 22:43:22,VID_528467,Music,Hindi,BR,425,8822,302,39,17,0.529,False
2024-03-28 01:18:09,VID_131205,Education,Spanish,IN,2403,20270,1200,222,34,-0.365,True
2025-05-13 18:20:59,VID_350915,Gaming,Urdu,IN,2164,962,54,6,1,-0.952,True
2024-05-10 13:12:11,VID_369558,Music,English,PK,230,13949,1268,70,61,-0.903,True
2025-09-08 08:30:54,VID_343069,Coding,Japanese,BR,2394,53271,2026,373,55,0.171,True
2024-12-28 20:54:26,VID_623733,Education,Hindi,US,2279,604,37,5,1,0.683,True
2025-03-10 11:24:48,VID_881059,Music,Urdu,US,2402,6480,274,28,17,0.48,False
2024-05-23 07:05:34,VID_528016,Coding,English,BR,2896,12162,593,72,19,0.804,True
2025-06-27 07:49:18,VID_339346,Vlogs,Hindi,UK,2818,1101,30,4,4,-0.979,True
2025-07-13 21:58:07,VID_119117,Music,Spanish,US,838,2323,60,3,2,-0.593,True
2024-10-27 03:47:32,VID_600121,Education,English,US,1520,30045,666,65,41,-0.117,True
2025-12-06 16:31:15,VID_895850,Tech Reviews,Spanish,BR,509,6148,269,15,26,-0.837,True
2025-10-09 11:34:47,VID_556491,Music,Japanese,PK,655,4189,289,23,18,-0.053,True
2024-02-28 04:41:17,VID_548849,Gaming,English,BR,3210,19588,1519,86,48,-0.595,True
2024-08-05 02:42:41,VID_907558,Tech Reviews,Spanish,PK,2724,1866,65,6,3,0.684,True
2024-07-26 22:35:54,VID_185722,Education,English,BR,3116,18040,1704,231,67,-0.418,True
2024-01-25 12:48:39,VID_396184,Music,Japanese,US,1974,225,9,0,0,-0.518,True
2025-02-14 09:21:46,VID_712569,Gaming,Spanish,BR,2768,32076,488,80,33,-0.542,True
2024-08-27 16:57:57,VID_784048,Tech Reviews,Japanese,IN,1532,1164,109,10,3,0.692,True
2024-08-19 04:44:44,VID_754299,Music,Japanese,BR,1692,13970,1354,206,47,-0.748,False
2025-01-01 12:26:48,VID_729515,Music,English,UK,3060,2876,146,21,5,0.135,True
2024-09-14 18:22:49,VID_315773,Vlogs,Hindi,UK,2561,25669,2248,196,110,0.177,True
2024-03-02 08:03:25,VID_978877,Coding,Urdu,IN,2767,3949,233,36,10,-0.08,False
2024-01-22 19:51:52,VID_217044,Gaming,Spanish,UK,972,16005,793,66,68,0.744,True
2025-08-16 19:27:34,VID_541448,Vlogs,English,IN,879,41519,1554,284,103,0.251,True
2024-04-21 11:01:32,VID_648481,Gaming,Spanish,BR,1707,8367,489,79,36,-0.852,True
2025-03-19 16:26:08,VID_148209,Gaming,Spanish,IN,559,3585,69,11,7,-0.614,True
2024-05-10 08:31:49,VID_359301,Gaming,Japanese,PK,1865,7442,88,16,27,0.775,True
2025-04-07 02:35:19,VID_781795,Education,Japanese,PK,1506,840,36,3,2,0.561,True
2024-11-03 03:35:29,VID_789941,Education,English,PK,2514,22251,266,25,33,-0.079,True
2024-05-26 06:35:23,VID_943364,Coding,Japanese,PK,3368,2257,91,8,10,0.484,True
2024-05-02 20:47:56,VID_667399,Vlogs,Japanese,PK,990,7141,78,4,33,-0.804,True
2024-10-25 19:15:07,VID_753184,Coding,Spanish,UK,3055,12224,976,109,13,0.514,True
2024-03-06 00:13:00,VID_202261,Vlogs,Urdu,BR,758,4179,99,15,14,-0.042,False
2025-08-27 17:48:11,VID_434681,Vlogs,Hindi,UK,1054,16195,1428,115,63,-0.916,True
2024-10-17 13:02:06,VID_502775,Tech Reviews,Spanish,UK,2172,2668,125,6,9,-0.502,True
2025-09-09 01:26:36,VID_557795,Education,Japanese,PK,418,3503,155,9,4,-0.43,True
2024-08-03 00:07:12,VID_774184,Music,Spanish,US,2012,6476,456,86,12,0.849,True
2024-03-01 15:18:06,VID_850527,Tech Reviews,Spanish,IN,1048,29223,1529,252,93,-0.346,True
2024-01-03 03:39:22,VID_556473,Gaming,Japanese,BR,1478,25858,565,43,108,0.406,True
2024-01-08 17:32:48,VID_390271,Vlogs,Japanese,UK,1800,3138,138,26,13,-0.444,True
2025-11-29 04:02:53,VID_346920,Gaming,Japanese,US,1820,3401,258,24,16,-0.005,True
2025-12-02 15:36:52,VID_979236,Coding,Japanese,UK,581,38598,3282,271,130,-0.926,False
2024-10-11 19:52:44,VID_660872,Education,Spanish,UK,1139,603,31,2,0,-0.59,True
2024-07-18 01:45:10,VID_376398,Gaming,Hindi,US,3596,3961,352,46,13,0.097,True
2024-03-13 23:52:25,VID_237352,Education,Urdu,BR,800,112,10,1,0,0.463,False
2024-04-15 13:46:34,VID_895381,Music,Urdu,IN,3526,9029,863,70,10,-0.171,False
2024-05-01 21:36:24,VID_818387,Music,Spanish,BR,2689,3230,160,15,5,0.587,True
2024-03-04 13:35:17,VID_854771,Music,Urdu,IN,3009,4009,62,4,7,0.253,True
2025-03-23 06:21:12,VID_296740,Gaming,English,UK,2331,2993,276,36,4,-0.509,True
2024-09-07 11:58:02,VID_462286,Music,English,BR,1666,5924,118,22,25,-0.512,True
2025-06-17 08:02:59,VID_826923,Education,English,UK,470,13380,1227,243,21,0.744,True
2024-04-11 16:53:29,VID_570930,Vlogs,Urdu,PK,1477,14255,427,27,41,-0.838,False
2024-04-21 06:03:27,VID_169842,Music,Japanese,BR,3189,3080,96,17,11,0.339,True
2024-05-24 22:44:03,VID_165532,Education,Spanish,IN,2505,4727,162,14,14,-0.363,False
2024-07-27 16:11:47,VID_943446,Music,Japanese,PK,2400,13271,364,55,22,0.409,True
2025-03-16 04:03:29,VID_863444,Music,Spanish,US,2257,19005,1632,227,41,-0.123,False
2024-12-31 14:01:58,VID_126361,Coding,Hindi,US,3534,15902,399,45,40,0.308,True
2025-07-08 17:17:29,VID_510036,Education,Hindi,BR,381,4832,434,57,21,0.34,True
2025-07-13 04:07:44,VID_210168,Tech Reviews,Spanish,UK,1887,10031,696,81,16,0.587,True
2025-11-15 07:02:05,VID_641946,Gaming,Urdu,UK,2529,4090,109,12,17,0.582,True
2024-09-22 19:18:20,VID_563887,Coding,Hindi,US,3354,8040,214,31,21,-0.33,False
2024-11-27 05:38:51,VID_177043,Coding,Spanish,BR,641,6879,303,37,33,0.105,True
2025-09-04 12:19:10,VID_717630,Gaming,English,PK,2684,3994,278,46,10,0.574,False
2024-01-06 09:30:20,VID_866284,Music,Hindi,US,272,18006,1050,207,47,0.073,True
2024-03-21 18:20:21,VID_187119,Tech Reviews,Urdu,UK,1261,9962,415,21,47,0.616,True
2024-08-04 15:56:19,VID_538726,Music,English,US,3476,1737,117,22,2,-0.342,True
2025-07-24 06:28:38,VID_351117,Education,Urdu,UK,2071,675,46,3,3,0.916,True
2025-01-22 03:07:24,VID_151931,Coding,Spanish,IN,890,9411,605,120,46,0.23,True
2025-11-28 17:31:43,VID_281192,Gaming,English,UK,110,1358,101,15,5,-0.687,True
2025-02-15 00:04:43,VID_633223,Education,Hindi,PK,2891,7735,472,36,13,-0.318,True
2024-06-08 13:12:06,VID_717681,Gaming,Urdu,IN,1283,2033,71,12,9,-0.735,True
2025-03-19 21:40:53,VID_484033,Vlogs,Japanese,BR,909,798,50,3,2,0.751,True
2024-10-16 18:15:49,VID_669197,Vlogs,English,US,2386,16424,598,44,77,-0.059,True
2025-10-25 19:20:22,VID_148690,Music,Japanese,UK,789,358,28,2,1,-0.222,True
2025-05-30 02:33:11,VID_173031,Tech Reviews,Hindi,UK,429,583,13,2,0,0.925,False
2024-05-20 23:47:23,VID_877633,Tech Reviews,Hindi,IN,3511,14737,919,61,66,-0.493,True
2025-03-28 12:26:18,VID_265048,Coding,Hindi,PK,242,4187,98,9,16,0.234,True
2024-01-02 15:56:51,VID_675695,Education,Spanish,BR,1018,27,0,0,0,-0.725,True
2024-07-31 20:11:25,VID_111019,Tech Reviews,Urdu,US,2359,18258,428,46,37,-0.424,True
2025-11-21 18:28:23,VID_329782,Gaming,Hindi,BR,1378,7841,184,13,16,-0.11,True
2025-02-06 04:29:13,VID_105796,Music,English,BR,1934,6755,474,61,19,-0.73,False
2024-10-06 05:04:41,VID_544437,Coding,Hindi,PK,2965,10330,126,15,41,0.881,True
2024-04-10 20:43:59,VID_790460,Coding,Spanish,BR,3132,8642,405,37,29,0.199,False
2025-01-10 17:32:23,VID_257396,Music,Hindi,UK,1752,8720,223,19,34,0.201,True
2024-11-18 15:55:40,VID_670677,Coding,Spanish,UK,3077,3963,389,72,4,-0.714,True
2024-08-21 00:09:07,VID_923473,Vlogs,English,US,3211,6463,488,60,17,-0.355,True
2025-06-22 23:57:06,VID_280974,Coding,Hindi,IN,109,716,67,9,1,0.334,True
2024-04-23 00:08:33,VID_489534,Tech Reviews,Urdu,IN,3272,3574,176,25,14,-0.949,True
2025-12-16 21:32:21,VID_329467,Vlogs,Urdu,US,2010,19015,438,65,41,-0.258,True
2025-12-11 21:56:14,VID_228381,Tech Reviews,English,UK,1299,16123,1595,277,27,0.743,True
2025-10-22 04:29:54,VID_587968,Coding,Spanish,PK,960,2866,122,21,6,-0.57,True
2024-10-25 20:59:56,VID_642897,Coding,English,UK,2559,8497,655,97,23,0.787,True
2024-08-20 18:37:42,VID_662733,Music,Japanese,US,1088,808,29,2,1,0.036,True
2025-03-24 03:01:29,VID_796693,Vlogs,Spanish,BR,702,6589,212,22,28,-0.334,True
2024-07-14 00:44:46,VID_332843,Vlogs,Hindi,PK,2240,16238,865,48,60,0.991,True
2025-09-22 12:25:48,VID_695312,Music,English,US,705,4068,385,21,20,-0.11,True
2025-03-12 14:39:50,VID_106803,Coding,Spanish,BR,94,8196,354,34,21,-0.753,True
2024-10-29 07:57:21,VID_910081,Coding,Urdu,IN,3587,6378,634,110,24,-0.362,True
2025-09-09 05:39:32,VID_126413,Coding,Hindi,BR,3444,3767,303,46,5,-0.92,False
2024-04-29 18:23:02,VID_356862,Education,English,US,984,9660,258,44,46,-0.737,False
2024-05-28 03:57:09,VID_936368,Coding,Japanese,US,202,1495,144,24,2,0.804,True
2025-04-19 15:41:24,VID_762310,Education,English,BR,894,28940,2740,504,62,-0.129,False
2024-07-04 00:52:59,VID_503993,Coding,English,BR,256,29593,742,45,33,-0.411,True
2025-10-18 14:41:50,VID_443137,Coding,Spanish,IN,907,331,30,2,1,0.393,True
2025-09-08 00:50:23,VID_362797,Music,Hindi,PK,379,1179,41,2,1,0.472,False
2025-06-26 04:10:52,VID_557052,Vlogs,English,BR,2320,764,10,1,1,0.305,True
2024-11-10 20:17:05,VID_100070,Education,Urdu,UK,963,6203,225,30,21,-0.996,True
2024-12-25 10:39:36,VID_123836,Tech Reviews,English,US,1159,3450,292,27,13,0.824,True
2025-10-11 17:21:49,VID_389640,Education,Urdu,US,754,3976,164,23,11,0.037,True
2024-07-30 09:44:36,VID_597748,Gaming,Urdu,BR,1424,793,22,1,1,-0.713,True
2024-09-21 08:51:26,VID_896231,Gaming,Japanese,PK,3183,838,57,8,4,0.972,True
2024-07-27 01:03:38,VID_399561,Gaming,English,PK,2038,21600,1854,356,64,0.023,True
2025-07-11 00:08:43,VID_964973,Education,Japanese,PK,2042,5227,346,36,21,0.982,False
2025-11-10 09:06:25,VID_222169,Music,Japanese,BR,2455,18769,1549,292,24,-0.696,False
2024-04-22 20:33:34,VID_770394,Vlogs,Hindi,PK,1985,25663,820,122,52,-0.96,True
2024-10-01 05:42:48,VID_606431,Gaming,Spanish,US,1161,18514,546,85,84,0.532,True
2025-02-05 09:33:31,VID_337349,Tech Reviews,Japanese,IN,2384,2623,260,51,3,0.777,True
2024-04-01 15:08:00,VID_311434,Education,Japanese,UK,1144,16363,986,98,43,0.58,True
2024-11-27 07:24:47,VID_616890,Music,English,UK,2523,8483,289,51,35,0.26,True
2025-10-19 11:54:32,VID_171831,Coding,English,US,2096,181,1,0,0,0.907,True
2025-09-28 13:14:46,VID_518669,Vlogs,Spanish,US,669,23163,1721,206,99,0.308,False
2025-10-18 20:44:13,VID_481153,Coding,Japanese,PK,696,3825,254,15,7,0.855,True
2024-10-30 20:20:25,VID_667985,Music,Spanish,US,2961,14075,434,47,26,-0.353,True
2024-11-09 05:09:27,VID_171024,Coding,Japanese,US,865,2544,134,20,10,-0.618,True
2024-04-21 20:38:01,VID_626744,Gaming,Spanish,PK,2526,2947,292,55,4,0.258,True
2024-09-20 17:56:37,VID_577795,Vlogs,Urdu,US,3037,7643,741,116,18,0.063,True
2024-01-27 10:58:15,VID_993670,Gaming,Urdu,UK,685,2236,191,11,2,-0.105,True
2025-09-01 06:15:22,VID_487098,Music,Hindi,PK,2144,17672,968,136,82,0.436,True
2024-01-07 16:07:41,VID_366880,Gaming,Hindi,IN,1288,12156,488,35,22,-0.868,True
2024-02-18 01:14:29,VID_458098,Vlogs,Spanish,US,995,11718,579,69,34,-0.877,True
2024-05-05 21:42:34,VID_485633,Vlogs,English,IN,3544,1335,103,13,5,0.859,True
2024-10-13 14:33:01,VID_947784,Education,Japanese,IN,2496,12614,776,137,53,-0.039,True
2025-09-01 20:52:23,VID_160861,Vlogs,Hindi,PK,984,2343,207,26,7,0.109,True
2025-03-02 13:13:55,VID_330513,Vlogs,Japanese,US,1793,14466,1110,202,70,0.052,True
2025-03-22 18:43:03,VID_389746,Gaming,Hindi,IN,1987,5169,370,41,21,-0.217,True
2024-03-05 19:47:48,VID_128033,Gaming,English,US,2895,11921,203,30,47,0.916,True
2024-12-17 15:33:36,VID_750279,Education,Spanish,IN,1370,2071,192,37,8,0.312,True
2024-07-31 00:06:05,VID_188684,Music,English,BR,1261,12879,353,53,57,0.592,True
2025-02-07 14:34:22,VID_589400,Music,Urdu,US,821,30796,2582,242,80,-0.272,False
2025-06-17 04:21:12,VID_525172,Vlogs,Spanish,US,203,3754,285,31,14,-0.882,True
2025-11-20 18:16:31,VID_995436,Education,English,BR,1331,15914,1269,228,69,-0.073,True
2024-02-03 18:44:23,VID_251603,Music,English,UK,787,1020,94,16,2,0.959,True
2024-07-08 06:55:46,VID_243310,Coding,English,PK,1740,866,44,6,1,-0.152,True
2024-05-27 06:02:38,VID_574731,Music,Japanese,UK,2121,7711,477,95,24,0.614,True
2025-05-08 18:57:03,VID_551633,Music,Hindi,US,2414,16390,1624,151,48,0.219,True
2024-12-10 02:42:48,VID_334068,Education,Spanish,IN,1589,9898,464,54,32,0.687,True
2025-03-20 06:57:29,VID_881210,Tech Reviews,Hindi,BR,279,26394,1701,208,124,0.885,False
2025-06-23 23:02:15,VID_573307,Music,Hindi,PK,2955,3842,55,4,8,-0.549,True
2025-08-12 11:39:55,VID_959376,Gaming,Hindi,PK,392,13133,737,83,22,-0.647,False
2024-06-08 09:33:07,VID_718838,Education,Urdu,US,1761,4007,167,25,12,-0.301,True
2024-07-14 00:14:13,VID_671656,Coding,Spanish,IN,279,169,9,1,0,0.709,True
2024-01-13 11:30:11,VID_382299,Coding,Spanish,UK,1214,10152,365,64,38,-0.1,False
2024-03-02 14:54:20,VID_495347,Music,Urdu,IN,3400,14310,801,139,14,0.048,True
2025-07-04 14:15:31,VID_189133,Music,Spanish,BR,484,12713,911,100,62,0.154,True
2024-07-01 00:47:37,VID_264463,Gaming,Urdu,UK,462,2587,75,9,5,-0.603,True
2024-01-08 09:34:09,VID_199961,Gaming,Hindi,US,1040,8062,107,18,30,0.393,True
2024-04-02 07:10:18,VID_149001,Vlogs,Japanese,BR,2646,14756,538,49,53,-0.858,True
2024-02-20 03:40:13,VID_257190,Music,Urdu,PK,915,7116,440,24,30,-0.002,True
2024-07-11 01:37:47,VID_361521,Music,Spanish,PK,1060,8675,366,53,29,0.308,True
2025-04-26 06:19:32,VID_750313,Music,Spanish,PK,653,38076,3208,245,73,-0.293,True
2024-11-20 22:17:21,VID_286909,Tech Reviews,Urdu,UK,2901,3667,359,60,10,-0.767,True
2025-03-07 03:58:07,VID_754985,Coding,English,PK,2693,15026,398,24,62,-0.561,False
2024-09-27 05:08:56,VID_220795,Gaming,English,IN,1879,15525,916,57,25,0.102,True
2025-04-27 05:35:00,VID_820672,Tech Reviews,Japanese,PK,3219,7048,289,42,9,-0.384,True
2025-06-14 19:20:55,VID_776366,Vlogs,English,BR,2054,8159,475,31,31,-0.512,True
2024-12-05 19:04:11,VID_558166,Music,Hindi,UK,2815,23460,935,134,49,0.549,True
2024-12-29 08:37:09,VID_760953,Coding,Spanish,PK,662,14100,1134,209,22,0.22,True
2025-04-07 15:24:30,VID_762178,Vlogs,English,IN,2891,7302,122,8,15,0.681,False
2025-05-26 21:57:26,VID_373709,Vlogs,Japanese,UK,2113,51526,2830,387,98,0.28,True
2024-04-30 18:59:21,VID_197855,Vlogs,Japanese,IN,2720,1385,31,2,4,0.906,True
2024-07-25 03:05:44,VID_830128,Education,Japanese,US,3060,4705,280,41,19,-0.554,True
2025-09-26 14:13:00,VID_347880,Music,Urdu,PK,1586,13883,1130,185,15,0.227,True
2025-04-18 22:50:12,VID_302397,Tech Reviews,Spanish,UK,572,20460,575,102,34,0.903,True
2024-05-07 13:50:25,VID_393595,Education,Urdu,PK,882,2642,198,21,12,0.85,True
2024-01-24 05:11:48,VID_646289,Education,Hindi,US,2354,93,1,0,0,-0.097,True
2025-06-07 12:30:17,VID_332952,Tech Reviews,English,PK,2623,721,53,8,2,-0.309,True
2025-11-01 04:29:00,VID_446868,Gaming,Japanese,PK,3520,21868,299,41,32,0.271,True
2025-02-27 09:24:21,VID_462844,Vlogs,Urdu,BR,1515,12629,329,38,31,-0.326,False
2025-08-14 22:44:35,VID_283943,Gaming,Urdu,US,884,32410,1859,108,59,-0.7,True
2025-04-07 09:16:44,VID_474414,Gaming,English,UK,1415,3924,117,11,15,0.249,True
2025-08-10 18:48:15,VID_951966,Education,Hindi,US,947,9462,600,90,23,-0.096,True
2025-01-09 09:33:19,VID_451849,Gaming,Urdu,UK,2253,32487,1043,177,42,0.809,False
2025-10-04 22:46:20,VID_401075,Coding,English,IN,848,917,28,3,1,-0.345,True
2024-04-19 00:52:12,VID_712744,Tech Reviews,Urdu,BR,2717,16646,1205,118,55,0.745,False
2025-02-10 19:58:20,VID_571460,Coding,Urdu,IN,2224,8076,576,51,39,0.916,True
2024-04-11 21:22:24,VID_804066,Vlogs,Hindi,PK,401,13857,865,165,14,-0.016,True
2025-03-10 23:21:49,VID_758647,Coding,English,IN,62,5028,152,22,6,0.949,True
2025-11-22 15:49:41,VID_571758,Tech Reviews,Urdu,UK,1403,2273,103,11,3,0.081,True
2025-04-12 17:30:27,VID_649795,Coding,Hindi,IN,1242,11836,682,110,29,-0.9,True
2025-03-06 23:13:32,VID_132227,Music,Spanish,UK,1238,678,11,1,2,-0.28,True
2024-01-07 13:32:53,VID_559481,Music,English,US,620,6743,161,24,10,-0.713,False
2024-05-20 08:47:04,VID_853744,Tech Reviews,English,BR,3097,1978,30,2,2,-0.939,False
2025-09-21 16:07:07,VID_799429,Coding,English,US,141,119,7,1,0,0.877,True
2024-03-12 02:24:01,VID_435896,Coding,Japanese,UK,516,3882,345,21,14,-0.123,True
2025-09-19 18:13:44,VID_721014,Tech Reviews,Spanish,US,3438,18133,701,118,45,-0.377,True
2025-05-25 23:35:07,VID_332478,Coding,English,BR,1265,7580,703,120,17,-0.455,True
2024-06-08 14:44:57,VID_739570,Education,Japanese,US,2032,4745,428,52,19,0.816,True
2025-03-28 09:17:13,VID_906591,Tech Reviews,Hindi,PK,2614,4431,370,66,9,0.448,False
2025-02-24 19:48:29,VID_461052,Vlogs,Urdu,IN,1431,40,3,0,0,-0.526,True
2025-01-29 02:06:08,VID_264395,Coding,Japanese,US,3134,3022,43,6,5,-0.448,True
2025-01-15 19:01:03,VID_411055,Music,Hindi,PK,839,10823,505,38,11,-0.995,True
2025-06-13 13:00:55,VID_462494,Vlogs,Spanish,US,683,23936,870,146,99,-0.392,True
2024-06-03 20:59:24,VID_955589,Education,Spanish,US,2689,22320,467,87,74,-0.295,True
2025-02-16 15:17:34,VID_336805,Gaming,Urdu,US,1509,544,13,2,0,-0.529,True
2024-07-16 16:51:12,VID_623442,Education,Japanese,BR,1125,32616,2077,240,147,0.965,True
2024-11-14 21:03:16,VID_298767,Education,Urdu,IN,1375,12457,1071,176,57,-0.657,True
2025-03-04 19:03:10,VID_345993,Vlogs,Japanese,UK,567,36788,2728,506,178,0.354,True
2025-10-05 09:28:26,VID_472772,Music,Spanish,PK,1463,6541,191,16,19,-0.457,False
2025-02-18 03:12:18,VID_764864,Coding,Japanese,PK,2223,2139,147,27,10,-0.606,True
2025-05-14 12:55:46,VID_746072,Tech Reviews,Hindi,IN,454,8655,165,30,29,-0.527,True
2024-12-30 01:06:37,VID_990542,Tech Reviews,Hindi,BR,3011,637,25,2,3,0.305,True
2024-12-12 05:27:14,VID_960747,Gaming,Japanese,IN,1951,27902,2539,222,28,-0.279,True
2024-08-17 07:23:42,VID_642988,Music,Hindi,BR,1994,194,15,2,0,0.861,True
2024-12-27 05:10:59,VID_577725,Tech Reviews,Spanish,PK,274,3054,124,13,4,0.464,True
2025-03-02 09:43:17,VID_922072,Coding,Japanese,IN,79,1242,83,9,3,0.534,False
2024-04-12 19:19:54,VID_484623,Gaming,Spanish,PK,1728,5266,136,14,13,0.112,True
2024-11-03 05:34:44,VID_570224,Coding,English,PK,2986,13119,1092,197,24,-0.153,True
2024-10-02 16:28:07,VID_320746,Vlogs,Japanese,IN,3399,1310,80,15,5,0.169,True
2025-01-28 22:27:13,VID_237513,Music,Japanese,PK,1427,29823,2720,261,79,0.401,False
2024-07-29 10:55:57,VID_678241,Coding,English,BR,1082,2374,162,27,5,0.292,True
2024-01-12 14:49:17,VID_559574,Gaming,Urdu,UK,2889,8993,640,48,27,0.987,True
2025-12-08 14:47:08,VID_685075,Vlogs,Japanese,IN,3490,14326,807,155,62,0.435,True
2024-09-17 11:57:45,VID_482701,Coding,Urdu,UK,1746,2300,38,4,4,0.462,True
2025-04-28 15:41:42,VID_166784,Gaming,English,PK,1564,6886,209,40,16,0.296,True
2024-02-10 08:58:55,VID_562287,Music,Hindi,IN,2755,4768,338,42,20,-0.628,True
2025-07-16 21:24:58,VID_259130,Gaming,English,US,377,4759,361,19,18,-0.71,True
2024-07-19 13:29:06,VID_631360,Coding,Spanish,PK,2562,8680,393,68,22,0.542,False
2025-06-22 23:56:43,VID_526934,Coding,Hindi,PK,2733,9442,380,72,31,-0.138,True
2025-07-27 09:05:12,VID_958743,Vlogs,Japanese,BR,1318,25079,2138,368,116,0.631,True
2025-04-04 18:13:33,VID_481639,Education,English,UK,1706,17469,1688,270,82,-0.571,True
2025-07-28 17:46:49,VID_617159,Music,Japanese,IN,932,14473,578,96,14,-0.143,True
2024-08-25 04:33:46,VID_104901,Gaming,Japanese,IN,3078,5788,362,22,7,-0.115,True
2024-07-03 11:48:37,VID_588325,Music,English,US,1356,7459,249,25,28,0.571,True
2024-04-30 04:31:14,VID_173483,Coding,English,UK,1631,13532,677,66,48,0.302,True
2024-11-08 04:26:58,VID_612708,Music,Spanish,BR,2098,1297,49,7,5,0.03,True
2024-09-30 21:55:28,VID_747063,Gaming,Spanish,UK,2752,6221,118,9,8,0.578,True
2024-03-10 20:36:15,VID_845914,Education,Hindi,BR,452,1275,43,2,3,0.768,False
2024-02-15 05:36:34,VID_591217,Tech Reviews,English,BR,2339,6496,79,5,29,0.994,True
2025-11-04 17:20:25,VID_694427,Education,Japanese,US,649,25795,538,91,44,0.191,False
2024-07-12 15:47:00,VID_245904,Coding,Hindi,BR,3222,4819,280,29,10,0.947,True
2025-11-09 19:02:16,VID_616328,Vlogs,Japanese,BR,1246,11738,314,55,24,-0.205,True
2024-10-29 09:53:52,VID_981222,Education,Japanese,UK,319,16597,1653,245,62,0.357,True
2024-06-10 07:49:59,VID_871456,Tech Reviews,Spanish,IN,1742,14148,575,42,55,-0.451,True
2024-12-02 02:26:12,VID_113330,Gaming,Hindi,PK,697,6503,444,35,15,-0.945,False
2024-04-24 07:10:41,VID_189476,Coding,Hindi,UK,930,6060,75,5,26,-0.126,True
2025-11-11 08:28:49,VID_752096,Tech Reviews,Urdu,PK,2485,1450,116,7,3,0.924,False
2025-08-13 07:14:39,VID_515800,Coding,Urdu,PK,1142,17629,261,13,61,0.451,True
2024-06-26 16:54:19,VID_179292,Vlogs,Spanish,BR,678,8703,262,18,36,-0.627,True
2025-01-22 11:37:06,VID_910452,Gaming,Hindi,PK,1211,32294,1116,125,121,-0.601,True
2024-09-25 00:24:00,VID_334080,Vlogs,Japanese,PK,134,1677,105,7,2,0.575,True
2024-06-30 03:18:46,VID_315803,Vlogs,English,UK,2517,4880,473,27,5,-0.615,True
2025-10-04 19:00:18,VID_136470,Vlogs,Urdu,BR,3273,4996,365,44,19,-0.896,True
2025-01-01 01:50:26,VID_622251,Vlogs,Spanish,BR,3160,3195,34,3,13,0.474,False
2024-04-25 04:43:49,VID_498713,Music,English,PK,998,4964,457,52,20,-0.672,True
2025-11-16 12:20:51,VID_902596,Gaming,Spanish,PK,331,23254,1721,135,66,0.71,False
2024-02-18 01:58:36,VID_121855,Music,Urdu,US,1306,32774,1993,259,87,0.297,True
2025-12-28 15:31:39,VID_822188,Music,Hindi,PK,2894,623,32,2,2,0.061,True
2024-02-22 23:22:33,VID_398507,Vlogs,Hindi,BR,3184,299,22,4,1,0.626,True
2024-12-02 05:04:15,VID_813197,Gaming,Hindi,IN,974,24835,1442,83,100,-0.027,True
2025-01-14 06:06:54,VID_199119,Vlogs,Spanish,UK,252,4384,214,24,10,0.329,True
2025-11-24 04:15:24,VID_927215,Tech Reviews,Japanese,UK,568,3116,87,5,4,0.867,True
2025-02-22 08:37:04,VID_904658,Gaming,Hindi,BR,1911,721,28,1,1,0.605,True
2025-01-28 20:10:53,VID_927622,Coding,Hindi,UK,2594,8364,475,64,14,0.164,True
2025-08-15 16:47:03,VID_617274,Vlogs,Urdu,BR,3303,4056,43,6,12,0.645,True
2024-03-27 21:12:20,VID_355607,Music,English,US,1419,797,13,0,0,-0.813,False
2025-04-15 11:18:03,VID_146560,Tech Reviews,English,IN,2266,680,20,2,1,-0.92,True
2025-02-22 01:47:11,VID_221571,Education,English,PK,1623,63970,4570,434,231,-0.716,True
2025-09-10 00:39:13,VID_843575,Tech Reviews,English,IN,2636,6093,216,14,20,-0.934,True
2024-06-25 04:40:41,VID_643738,Music,English,BR,2937,403,33,3,1,0.966,True
2025-06-21 07:16:02,VID_910954,Music,Spanish,US,3110,36912,3410,206,81,-0.378,True
2024-09-30 14:11:18,VID_398862,Gaming,Urdu,BR,113,1561,39,4,7,-0.428,True
2025-08-14 10:02:21,VID_528355,Gaming,Japanese,IN,1447,35115,1054,53,174,-0.594,True
2025-10-06 19:08:05,VID_977810,Education,Spanish,UK,3182,11682,928,92,30,0.721,False
2024-02-03 04:45:00,VID_676785,Vlogs,Hindi,IN,317,771,43,8,2,0.749,False
2025-03-19 06:23:56,VID_948930,Education,Hindi,IN,1213,5729,312,46,18,-0.834,True
2024-06-15 21:05:15,VID_956260,Vlogs,Japanese,UK,1519,588,55,3,2,-0.829,True
2025-06-13 09:09:59,VID_974066,Gaming,Spanish,UK,1846,7138,459,81,27,-0.546,True
2024-06-25 07:35:05,VID_408187,Coding,Hindi,PK,3162,23520,1383,140,116,-0.152,True
2024-12-23 09:10:20,VID_932938,Coding,Hindi,PK,895,12762,408,55,45,0.429,True
2025-12-26 03:22:34,VID_575011,Gaming,Hindi,PK,2181,8505,362,68,20,-0.023,True
2025-01-13 19:25:49,VID_539157,Tech Reviews,Hindi,IN,2512,12315,1073,150,57,0.451,True
2025-11-24 08:23:52,VID_366546,Coding,Hindi,IN,3153,10454,698,132,17,-0.868,True
2025-12-26 00:16:42,VID_819827,Tech Reviews,Urdu,US,2972,11421,178,34,27,-0.524,True
2025-08-09 02:00:37,VID_360361,Tech Reviews,Japanese,PK,1092,10419,673,67,38,-0.541,True
2024-04-04 21:26:28,VID_172720,Music,Japanese,UK,3511,14845,1420,279,41,-0.825,True
2025-08-16 07:24:11,VID_788988,Tech Reviews,Spanish,UK,596,311,4,0,1,0.856,True
2025-02-20 16:23:53,VID_286816,Education,Urdu,IN,630,11346,673,40,35,0.998,True
2025-03-08 05:06:15,VID_893976,Tech Reviews,Urdu,US,1320,25,1,0,0,-0.821,True
2024-08-30 01:04:19,VID_236528,Music,Spanish,US,1908,3311,121,12,5,-0.003,True
2024-12-03 14:40:13,VID_582001,Vlogs,Japanese,PK,1589,2065,156,15,7,-0.853,True
2025-01-19 18:03:42,VID_351551,Vlogs,Urdu,US,750,751,19,1,3,0.898,True
2024-07-14 17:19:54,VID_707275,Vlogs,Spanish,US,402,1540,19,2,6,-0.558,True
2025-02-10 14:38:33,VID_599362,Coding,Spanish,US,1374,6940,540,102,27,0.782,True
2024-05-03 23:17:55,VID_981836,Gaming,Hindi,UK,3252,5581,300,19,10,-0.831,True
2024-07-01 09:08:10,VID_733871,Tech Reviews,Japanese,PK,2047,8700,572,57,16,-0.023,True
2025-09-30 02:16:44,VID_336964,Coding,Spanish,IN,441,13673,305,56,38,-0.863,False
2024-03-11 09:54:54,VID_148902,Coding,Japanese,UK,1890,9312,256,44,45,0.981,True
2025-05-29 00:20:13,VID_694594,Music,Spanish,BR,2243,15271,959,111,15,0.355,True
2025-11-11 20:03:17,VID_298645,Gaming,Japanese,PK,1973,7643,710,53,35,0.957,True
2025-07-21 03:49:57,VID_108758,Tech Reviews,Hindi,US,2090,1916,43,5,4,0.145,True
2024-08-20 20:57:48,VID_760743,Vlogs,Hindi,IN,3529,5429,124,18,19,-0.789,True
2025-01-23 22:04:12,VID_805634,Education,Urdu,US,755,2937,292,28,4,0.424,True
2024-05-20 02:09:13,VID_320605,Music,Hindi,US,1323,54652,5018,856,98,-0.465,True
2024-10-19 02:11:49,VID_670119,Tech Reviews,Hindi,PK,2457,276,13,2,0,0.023,True
2024-08-13 06:29:33,VID_600607,Music,Spanish,BR,1010,403,11,1,1,-0.754,False
2024-01-10 21:32:33,VID_674355,Music,Urdu,BR,1273,29390,2193,413,42,-0.518,True
2024-06-20 04:49:03,VID_159067,Coding,English,BR,2231,416,34,3,0,0.096,True
2024-10-25 00:26:06,VID_336552,Tech Reviews,Spanish,US,999,2776,112,16,10,-0.924,False
2025-12-17 20:09:11,VID_673054,Music,Urdu,PK,3232,2192,215,33,2,-0.603,True
2025-06-02 21:22:27,VID_954968,Vlogs,Urdu,BR,282,533,52,8,2,0.063,True
2025-06-26 15:04:03,VID_786902,Tech Reviews,Hindi,PK,2058,4677,322,27,10,0.509,True
2025-03-20 19:05:27,VID_286538,Education,Spanish,US,174,3267,324,57,3,0.982,True
2024-03-17 00:44:40,VID_413018,Music,English,BR,732,353,35,4,0,0.956,True
2025-11-24 10:43:24,VID_291813,Coding,Japanese,BR,1453,14041,963,171,56,0.587,True
2024-11-11 05:02:58,VID_554012,Coding,Hindi,US,1766,18941,812,151,46,0.6,True
2025-01-06 21:43:16,VID_865945,Tech Reviews,Hindi,UK,714,3020,257,18,13,0.757,True
2025-04-06 21:06:51,VID_459617,Education,Urdu,BR,2745,4272,309,39,18,0.453,True
2024-03-06 09:48:38,VID_518241,Tech Reviews,Spanish,UK,2486,3465,118,20,10,0.697,True
2025-08-24 08:03:28,VID_945368,Music,Spanish,US,2395,27779,872,157,129,0.781,True
2025-06-27 09:30:42,VID_354959,Coding,Hindi,IN,1354,399,22,1,1,-0.956,True
2024-11-26 03:03:19,VID_884674,Gaming,Urdu,UK,3198,31021,2358,303,151,-0.556,True
2024-06-17 11:07:31,VID_776523,Gaming,Spanish,UK,1518,2351,118,15,9,0.181,True
2024-03-23 09:22:24,VID_232055,Tech Reviews,English,PK,1019,34214,2877,295,73,-0.551,True
2025-03-29 12:52:57,VID_405324,Coding,Urdu,US,462,11915,1076,79,15,0.842,True
2025-11-06 19:54:20,VID_586526,Vlogs,Japanese,UK,3454,7579,643,89,33,-0.372,True
2025-06-09 14:29:44,VID_706658,Education,Urdu,IN,776,4998,180,21,14,-0.529,True
2024-03-12 11:49:31,VID_938183,Tech Reviews,English,UK,1682,2866,191,32,10,0.372,False
2025-08-22 19:11:36,VID_829676,Tech Reviews,English,BR,3015,10289,409,69,34,0.279,True
2024-04-15 11:46:28,VID_982674,Music,English,IN,1079,17480,1351,199,68,0.596,True
2025-06-14 13:27:12,VID_840918,Vlogs,Japanese,UK,1948,16114,771,104,28,0.624,True
2024-02-17 14:44:31,VID_331470,Education,Japanese,BR,361,908,79,10,4,-0.56,True
2024-03-05 02:36:28,VID_497127,Education,Hindi,US,427,10265,674,108,44,0.542,True
2025-11-21 11:50:18,VID_595505,Education,Japanese,US,2131,10230,919,106,13,-0.605,False
2024-11-03 18:18:22,VID_778314,Vlogs,Spanish,PK,1633,4870,89,15,18,0.548,True
2025-05-24 19:56:22,VID_187582,Tech Reviews,Spanish,PK,165,147,9,1,0,0.813,False
2024-10-05 00:51:49,VID_241431,Gaming,Spanish,UK,1862,8598,325,27,36,-0.631,True
2024-02-16 08:40:55,VID_505723,Coding,English,UK,1705,4870,434,83,14,0.71,True
2025-11-16 02:39:01,VID_139051,Tech Reviews,Japanese,IN,344,999,74,4,1,-0.627,True
2025-07-26 05:58:30,VID_109421,Gaming,Japanese,US,3207,1396,95,9,4,0.952,False
2025-04-21 09:54:36,VID_401944,Music,English,IN,70,5175,492,28,15,0.709,True
2025-09-06 01:29:40,VID_411777,Gaming,Hindi,US,2655,37349,733,102,118,0.788,False
2024-12-14 13:40:58,VID_127909,Gaming,English,US,2385,9458,172,11,13,0.305,True
2025-03-17 23:49:11,VID_801509,Vlogs,English,PK,3268,3380,83,16,9,0.124,True
2025-09-01 13:52:15,VID_492109,Education,Japanese,US,3116,25761,262,51,63,0.729,True
2024-02-06 14:12:38,VID_537485,Vlogs,Spanish,PK,298,14979,1167,160,47,0.888,True
2024-10-04 00:10:10,VID_501194,Coding,English,IN,338,33446,3083,351,137,0.471,True
2024-09-08 07:33:35,VID_362297,Music,Spanish,BR,3017,6565,295,24,11,-0.64,False
2024-04-07 04:04:56,VID_447397,Music,Urdu,IN,1186,3879,161,13,11,-0.93,False
2024-12-27 14:30:46,VID_196602,Vlogs,Hindi,BR,2646,18653,1656,117,62,0.857,True
2024-09-24 23:54:49,VID_725643,Gaming,Japanese,BR,2631,3768,201,36,9,0.476,True
2024-09-04 21:40:36,VID_450291,Vlogs,English,IN,2988,309,3,0,0,0.585,True
2025-01-21 10:21:40,VID_530692,Music,Hindi,UK,2242,16942,1103,191,69,0.986,True
2025-04-03 00:03:33,VID_792676,Music,Urdu,PK,3401,21412,927,77,24,-0.03,True
2024-06-28 18:34:05,VID_543081,Vlogs,Urdu,PK,966,9640,374,37,46,0.724,False
2025-04-28 23:26:05,VID_726220,Coding,English,US,890,14724,961,118,68,-0.151,True
2025-11-23 10:48:22,VID_332785,Tech Reviews,Hindi,UK,3306,8340,568,109,17,-0.907,False
2025-01-26 10:34:09,VID_252433,Tech Reviews,Japanese,IN,1951,1064,14,2,3,-0.611,True
2024-01-05 10:15:34,VID_719722,Coding,Spanish,US,2293,6774,549,108,30,-0.709,True
2024-08-06 20:06:34,VID_427483,Tech Reviews,English,PK,548,7714,194,38,31,-0.594,True
2024-07-20 03:41:44,VID_334708,Education,English,BR,3246,11014,1084,75,32,0.569,True
2025-10-31 04:36:36,VID_460069,Coding,English,UK,466,6820,404,47,10,-0.275,True
2024-06-17 08:42:01,VID_608679,Gaming,Hindi,IN,1871,12366,837,159,56,-0.517,True
2025-02-09 09:57:58,VID_137403,Music,Spanish,IN,661,8729,606,87,37,0.085,True
2024-02-25 01:12:27,VID_458070,Coding,Japanese,US,2749,104,3,0,0,-0.922,True
2025-05-03 05:15:59,VID_987055,Music,English,PK,3103,8683,347,34,18,-0.327,True
2025-12-30 16:16:44,VID_658671,Tech Reviews,English,PK,2479,304,8,0,1,0.612,True
2025-09-01 00:07:49,VID_318526,Gaming,Spanish,US,573,11739,1119,137,50,0.068,True
2025-03-19 12:54:07,VID_655966,Gaming,Spanish,US,3231,15493,258,18,17,0.495,True
2025-03-16 01:29:42,VID_444303,Gaming,Japanese,IN,1180,5640,312,37,23,-0.259,True
2024-05-20 05:57:12,VID_886312,Coding,Spanish,IN,1606,9726,179,28,42,0.338,True
2025-07-11 21:39:34,VID_808860,Gaming,Urdu,PK,2298,5585,367,64,10,0.358,False
2025-10-20 18:52:29,VID_905697,Vlogs,Japanese,IN,565,16400,303,44,59,0.691,True
2024-06-27 02:07:58,VID_476197,Music,Spanish,PK,2722,10646,207,30,46,0.053,True
2025-02-17 19:39:11,VID_307688,Education,Hindi,US,203,4058,359,26,18,-0.485,True
2025-07-10 15:40:38,VID_484916,Coding,Spanish,US,2926,9263,246,30,34,0.32,True
2024-06-24 07:03:48,VID_197681,Tech Reviews,English,IN,2491,30506,1932,298,124,0.178,True
2024-09-05 09:51:44,VID_967960,Vlogs,Urdu,BR,1992,11879,1068,62,43,-0.448,True
2024-03-07 04:27:40,VID_789523,Coding,Spanish,UK,1434,2608,131,12,9,0.643,True
2025-06-19 06:45:02,VID_973451,Gaming,Hindi,BR,2075,7149,213,40,17,0.922,True
2024-06-26 13:18:49,VID_405090,Tech Reviews,Spanish,UK,1117,19629,426,73,30,-0.132,True
2024-03-16 20:48:40,VID_572800,Coding,Urdu,UK,2187,3249,127,22,12,-0.026,True
2024-06-07 20:33:02,VID_148880,Vlogs,Hindi,UK,1647,16567,1484,291,46,0.972,False
2024-12-12 19:43:57,VID_802748,Music,Hindi,US,706,19255,638,108,59,-0.846,True
2025-08-06 14:58:06,VID_836569,Coding,Spanish,PK,1711,17702,891,163,83,0.06,True
2024-06-19 19:12:57,VID_963912,Education,English,IN,2928,6264,124,8,9,0.934,True
2024-07-12 19:39:22,VID_784461,Vlogs,Japanese,UK,2174,203,15,1,0,-0.276,True
2024-04-18 13:10:02,VID_880877,Music,English,BR,183,5799,475,74,18,0.517,True
2025-09-16 20:49:16,VID_916863,Gaming,Japanese,US,831,4748,172,31,16,0.054,True
2025-02-27 21:57:54,VID_840937,Education,Japanese,PK,2605,4700,399,45,22,0.675,True
2024-01-07 01:47:54,VID_571461,Education,Spanish,BR,2160,3662,152,15,6,-0.578,True
2025-11-19 16:19:04,VID_222894,Gaming,Japanese,US,648,11323,1122,60,27,0.469,True
2025-08-15 13:11:04,VID_475969,Tech Reviews,Hindi,US,1033,12898,1188,140,39,-0.121,False
2024-11-18 15:49:02,VID_401479,Vlogs,Hindi,US,717,9724,174,18,31,-0.823,True
2024-09-12 13:24:59,VID_457602,Coding,Spanish,BR,2994,7120,534,44,23,0.431,True
2025-09-24 11:20:29,VID_240303,Education,English,PK,781,4117,403,36,11,0.951,True
2024-01-25 14:45:20,VID_219707,Gaming,Spanish,UK,70,4289,186,33,20,0.396,True
2024-06-18 16:51:27,VID_239932,Coding,English,BR,1472,19613,1886,108,83,-0.376,True
2024-07-28 04:31:36,VID_737447,Tech Reviews,Urdu,IN,3329,1004,77,6,2,-0.763,False
2024-08-04 17:04:29,VID_699065,Education,English,BR,3308,12999,997,97,19,0.009,True
2024-01-13 23:33:49,VID_362871,Vlogs,Urdu,BR,3285,5098,198,36,20,-0.861,True
2024-12-02 01:11:45,VID_102369,Music,Spanish,BR,260,5349,408,27,11,0.185,False
2025-10-01 18:16:37,VID_333224,Music,English,BR,383,7612,106,11,11,0.954,True
2024-05-16 11:03:25,VID_134700,Vlogs,Hindi,BR,2604,16165,530,80,19,-0.009,True
2025-12-15 07:23:21,VID_768479,Gaming,Japanese,BR,171,2495,164,13,11,-0.244,True
2025-12-01 15:33:41,VID_724954,Music,Urdu,BR,2274,6220,80,8,27,0.877,True
2025-12-10 18:32:28,VID_853362,Tech Reviews,Spanish,UK,1245,3641,47,3,9,0.57,True
2025-02-13 21:23:52,VID_224414,Vlogs,Hindi,IN,1627,12653,383,23,63,-0.244,False
2024-03-13 14:12:19,VID_419622,Coding,Urdu,BR,2589,39921,2241,309,72,-0.737,True
2025-05-31 06:32:27,VID_974570,Tech Reviews,Hindi,BR,3431,6799,189,27,23,0.415,True
2024-02-20 10:13:08,VID_660368,Coding,Japanese,US,3098,18722,635,87,78,0.026,True
2024-04-26 01:48:43,VID_448913,Music,Spanish,UK,3566,13837,186,32,26,0.959,True
2024-06-15 10:54:47,VID_603167,Gaming,Japanese,IN,113,4591,275,35,17,0.146,True
2025-07-06 08:37:07,VID_482925,Music,Spanish,UK,693,24373,495,28,62,0.278,True
2024-01-04 19:56:41,VID_342450,Music,Urdu,IN,427,12434,807,62,53,-0.574,False
2025-12-22 12:11:59,VID_885933,Education,Urdu,IN,1209,16523,1645,123,67,0.206,True
2025-06-04 14:12:56,VID_253059,Gaming,Japanese,BR,2119,2469,232,43,9,0.744,False
2024-04-05 10:30:02,VID_742936,Education,Spanish,PK,2529,34430,2047,135,100,0.425,True
2025-11-05 22:44:44,VID_538075,Music,Japanese,IN,1864,11156,1065,206,36,0.366,True
2024-03-03 14:50:20,VID_847535,Music,English,UK,1307,54995,4087,268,160,-0.54,True
2024-01-25 11:24:21,VID_470310,Coding,Hindi,PK,865,7677,153,9,27,-0.946,True
2025-02-09 08:39:47,VID_268261,Tech Reviews,Japanese,IN,2006,5214,411,37,11,0.162,True
2025-06-02 21:46:07,VID_380953,Music,Urdu,BR,2804,10277,150,28,38,0.057,True
2024-09-26 05:38:28,VID_430613,Coding,Urdu,PK,1243,567,55,6,2,0.158,False
2025-04-30 03:25:31,VID_485801,Music,Spanish,UK,1667,23519,756,48,73,-0.582,True
2024-10-06 05:35:41,VID_860057,Coding,Urdu,PK,1379,6515,626,99,13,-0.194,False
2025-02-13 14:13:23,VID_792674,Tech Reviews,Japanese,BR,3062,4386,263,46,11,-0.703,False
2025-04-11 17:28:09,VID_465674,Gaming,English,BR,1175,15165,1189,169,42,-0.118,True
2025-09-04 13:17:10,VID_149819,Tech Reviews,English,UK,403,3075,77,8,3,0.613,False
2024-12-23 05:36:10,VID_128700,Coding,Hindi,BR,2313,14116,364,70,42,0.455,True
2024-06-22 00:25:48,VID_302313,Music,Hindi,IN,1941,2846,184,31,5,-0.344,True
2024-11-26 19:55:13,VID_604575,Music,Japanese,IN,2339,1549,112,14,5,0.816,True
2024-12-04 07:55:30,VID_749582,Education,Spanish,UK,520,4658,57,5,7,0.746,True
2024-03-23 07:42:55,VID_136129,Music,English,PK,3188,14235,541,83,19,-0.214,True
2024-11-03 23:43:17,VID_166123,Vlogs,Hindi,UK,2727,43311,2579,446,129,0.207,True
2024-08-05 04:38:44,VID_927644,Music,Hindi,PK,2804,11480,1103,177,51,0.058,True
2024-03-10 00:03:43,VID_841432,Coding,Japanese,BR,1713,2131,94,10,3,0.49,False
2025-01-14 06:06:05,VID_659763,Education,Hindi,UK,429,169,14,1,0,-0.789,False
2025-12-02 04:06:40,VID_672248,Education,Urdu,BR,2320,2602,241,34,10,0.112,True
2024-09-23 22:26:12,VID_686900,Education,Japanese,BR,1885,9159,766,97,19,-0.414,True
2024-08-15 05:14:27,VID_194555,Education,English,IN,3002,29420,1064,212,59,-0.154,True
2024-09-01 01:13:56,VID_412923,Tech Reviews,Hindi,PK,2587,17961,1655,198,76,0.604,True
2025-09-12 02:36:30,VID_821896,Gaming,Hindi,US,2229,10925,282,19,21,-0.791,True
2024-04-08 19:06:16,VID_853901,Tech Reviews,Hindi,IN,613,34688,1520,100,82,0.114,True
2024-11-26 01:05:45,VID_127958,Tech Reviews,English,US,2581,19005,335,19,68,0.471,True
2024-04-14 23:06:19,VID_519552,Education,Spanish,IN,1115,9147,474,70,33,-0.882,True
2025-01-10 05:08:22,VID_168938,Education,Japanese,IN,1725,3257,132,24,7,-0.141,True
2024-02-13 23:38:06,VID_117981,Education,Spanish,BR,3137,12666,963,121,26,0.489,True
2025-09-06 15:25:15,VID_343569,Tech Reviews,English,BR,2490,91,4,0,0,-0.842,False
2025-10-08 17:14:02,VID_755486,Gaming,Hindi,PK,3147,19722,1859,143,67,0.507,False
2025-07-03 03:14:15,VID_362288,Vlogs,Japanese,US,2144,12690,152,22,57,0.91,True
2025-05-25 00:02:08,VID_121981,Coding,Urdu,IN,2331,29763,1232,238,41,0.425,True
2024-04-28 16:29:32,VID_612243,Tech Reviews,Urdu,PK,2863,3860,234,15,11,-0.841,False
2025-06-23 18:29:20,VID_592873,Gaming,Urdu,PK,2587,1207,14,2,5,0.239,False
2025-01-31 09:12:42,VID_887013,Coding,English,BR,2699,754,22,1,3,-0.693,True
2025-10-15 07:31:32,VID_419564,Education,Hindi,BR,2461,6807,153,22,32,0.242,False
2024-12-05 04:35:18,VID_558062,Education,Urdu,UK,2891,10151,982,150,47,-0.057,True
2024-12-28 21:32:05,VID_865004,Education,Urdu,US,1868,408,18,2,1,0.355,True
2025-06-24 08:29:46,VID_718079,Education,Hindi,US,2241,2649,150,19,9,-0.552,True
2025-10-17 08:49:07,VID_942072,Coding,Spanish,US,2356,5514,545,86,21,0.191,True
2025-12-08 02:52:21,VID_277127,Vlogs,English,IN,251,7086,156,8,16,0.129,False
2024-05-25 07:45:59,VID_124588,Education,Hindi,US,348,10919,217,25,45,0.327,True
2025-11-10 16:21:47,VID_849890,Education,Spanish,IN,3258,6891,688,37,10,0.642,True
2025-06-27 12:21:47,VID_113699,Vlogs,Urdu,IN,3053,3186,99,19,12,0.692,True
2025-10-18 16:24:30,VID_835009,Coding,Urdu,UK,2081,2474,27,3,12,0.317,False
2024-09-19 08:23:49,VID_499425,Education,Japanese,IN,2253,47300,2971,409,153,-0.462,False
2025-02-28 20:19:45,VID_672880,Coding,Urdu,PK,2233,1943,156,21,5,0.346,True
2024-08-20 21:01:18,VID_710677,Gaming,English,IN,3058,17352,1503,103,72,0.026,True
2025-04-02 15:26:44,VID_314684,Coding,Japanese,UK,2989,1863,28,2,7,-0.725,True
2025-11-10 18:04:58,VID_361246,Gaming,English,US,3368,3556,350,34,7,0.835,False
2024-02-05 20:35:59,VID_299199,Vlogs,Spanish,US,1050,1588,54,6,5,0.315,True
2025-05-09 18:35:12,VID_635588,Gaming,English,US,2492,7763,212,35,14,0.781,False
2024-08-04 14:05:03,VID_159096,Coding,Hindi,UK,1607,116,5,0,0,0.293,True
2025-03-15 21:27:20,VID_288727,Education,Spanish,IN,633,17269,1554,252,37,-0.709,True
2024-10-19 21:50:03,VID_933535,Education,Spanish,UK,2167,18536,623,39,78,0.853,False
2025-07-16 18:47:54,VID_810158,Education,Hindi,IN,1543,7765,562,52,12,-0.194,True
2025-11-15 17:54:17,VID_463430,Coding,Spanish,BR,1372,27517,1368,143,100,-0.493,False
2025-10-05 00:16:13,VID_254001,Coding,Urdu,IN,1010,9336,773,49,20,-0.392,True
2024-10-06 11:00:27,VID_617215,Gaming,English,US,1519,6462,479,43,7,-0.163,True
2024-10-03 15:23:05,VID_576457,Education,Spanish,US,1981,2539,62,9,9,0.461,True
2024-04-07 01:17:04,VID_773159,Gaming,Hindi,UK,2255,14414,699,130,70,0.88,True
2025-03-02 10:54:49,VID_699099,Coding,Japanese,US,1253,24651,999,90,62,0.174,True
2025-05-11 18:10:45,VID_265817,Music,English,BR,2906,3673,224,27,7,-0.316,True
2024-02-29 22:10:01,VID_305829,Tech Reviews,Urdu,IN,598,12200,1135,150,50,0.253,True
2025-05-06 06:44:21,VID_888462,Coding,Hindi,PK,2492,983,45,8,4,0.889,True
2024-01-28 01:40:38,VID_880733,Tech Reviews,Hindi,PK,1112,7055,322,21,25,0.085,True
2024-12-12 17:48:39,VID_655881,Vlogs,English,IN,3048,5525,411,75,24,-0.895,False
2024-07-05 02:00:10,VID_982000,Tech Reviews,Hindi,US,404,22380,589,85,58,0.035,False
2025-05-08 20:20:41,VID_322664,Music,Spanish,US,462,13797,1107,216,25,0.944,False
2024-04-15 15:15:39,VID_105653,Gaming,English,US,3476,1255,89,9,6,-0.158,True
2025-05-17 13:04:43,VID_266370,Tech Reviews,Japanese,IN,1162,2438,107,10,6,0.469,True
2024-02-24 19:03:03,VID_135105,Gaming,English,US,1692,895,50,3,2,-0.983,True
2024-08-27 06:19:41,VID_954678,Vlogs,Japanese,BR,689,26277,2425,247,116,-0.219,True
2024-10-22 02:25:21,VID_696899,Gaming,Hindi,PK,1768,8364,422,64,16,-0.67,True
2025-06-12 19:31:35,VID_804584,Vlogs,English,IN,2984,10688,848,87,16,0.28,True
2025-03-02 19:21:31,VID_854444,Music,English,PK,1232,14945,546,83,27,0.267,True
2025-03-26 22:22:19,VID_287445,Vlogs,English,PK,3338,798,18,3,2,-0.775,True
2025-09-30 09:47:17,VID_550697,Tech Reviews,Hindi,UK,1832,45520,3816,412,171,-0.452,True
2025-03-22 19:19:33,VID_224186,Tech Reviews,Japanese,PK,3262,13295,466,45,44,0.06,True
2024-09-07 18:30:52,VID_334833,Coding,Hindi,BR,1483,3432,222,13,11,0.425,True
2025-11-16 21:56:40,VID_477396,Coding,Urdu,UK,790,5387,417,56,14,-0.181,True
2025-09-21 08:16:42,VID_345024,Education,Japanese,UK,3403,466,44,7,0,-0.727,True
2025-12-04 05:26:07,VID_563988,Tech Reviews,Spanish,PK,347,9199,332,38,35,0.917,True
2024-06-20 17:27:20,VID_148775,Education,Japanese,US,1873,1439,46,8,4,-0.143,True
2025-10-27 14:42:07,VID_685354,Tech Reviews,English,US,313,435,28,5,1,-0.497,True
2025-12-13 16:12:22,VID_532175,Gaming,English,PK,2680,28989,481,57,129,-0.679,True
2025-03-07 00:40:44,VID_209170,Coding,Hindi,PK,3018,8226,250,19,34,0.262,True
2024-12-18 06:13:02,VID_124557,Vlogs,Japanese,IN,93,10979,115,13,45,-0.862,False
2025-08-10 12:10:30,VID_913668,Education,Spanish,IN,1378,2581,84,9,7,0.213,True
2024-08-29 01:56:00,VID_517816,Education,Hindi,US,2379,12214,344,38,18,-0.971,False
2024-03-01 09:39:02,VID_685656,Coding,Urdu,UK,1506,2988,293,15,7,-0.095,False
2025-10-30 03:56:40,VID_446975,Gaming,Japanese,US,717,3903,150,18,19,0.476,True
2025-06-02 07:00:44,VID_999031,Coding,Hindi,PK,714,8890,249,25,17,0.714,True
2024-08-23 08:48:00,VID_867463,Gaming,Urdu,BR,1523,16587,1606,283,32,0.912,True
2025-09-04 09:20:37,VID_340672,Education,Urdu,BR,2555,7747,200,33,11,0.651,False
2025-05-16 12:43:33,VID_433103,Coding,Japanese,US,3497,31139,2113,188,139,-0.327,False
2025-08-29 05:51:54,VID_553727,Gaming,English,PK,701,172,11,0,0,0.441,True
2024-05-03 19:50:55,VID_239846,Coding,Japanese,PK,1827,44697,3223,293,210,-0.199,False
2024-02-20 16:54:58,VID_327805,Music,Japanese,IN,2192,4146,301,20,10,-0.598,True
2025-05-26 13:11:43,VID_747220,Coding,Japanese,UK,2421,4104,63,4,7,0.245,True
2025-01-15 22:08:05,VID_975657,Coding,Hindi,UK,2017,32347,1038,163,137,0.28,False
2025-02-12 15:03:23,VID_475423,Music,Japanese,IN,2616,39035,1997,313,135,-0.766,False
2025-07-26 05:23:20,VID_199432,Music,Spanish,PK,2486,2483,246,27,9,0.865,True
2024-07-30 08:01:02,VID_148523,Music,Japanese,IN,3060,405,5,0,0,0.478,True
2024-01-10 18:36:14,VID_166635,Tech Reviews,Urdu,UK,3555,5578,344,46,7,-0.587,True
2024-07-26 10:55:19,VID_656619,Vlogs,Hindi,UK,1324,2351,28,5,4,0.977,True
2024-08-20 12:46:59,VID_242608,Coding,Japanese,UK,1917,31831,1899,128,149,-0.363,True
2025-07-03 20:47:50,VID_575198,Tech Reviews,Japanese,UK,1112,15021,964,130,44,-0.307,True
2025-10-01 08:34:57,VID_264978,Music,Spanish,BR,766,4342,322,62,7,0.072,False
2024-02-20 03:07:08,VID_324623,Coding,Hindi,US,1440,501,49,4,1,-0.876,True
2024-10-18 04:13:55,VID_815213,Education,Hindi,BR,481,16060,1521,210,32,0.807,False
2025-07-05 15:33:48,VID_129823,Gaming,English,UK,2528,3587,341,42,8,0.952,True
2024-05-17 03:45:03,VID_235330,Coding,English,IN,3004,1303,125,12,3,-0.329,True
2025-07-01 03:53:40,VID_704211,Gaming,Spanish,IN,2997,6126,511,79,7,-0.768,True
2024-07-06 23:15:56,VID_946186,Coding,Japanese,IN,2220,586,7,1,2,-0.892,False
2024-05-05 19:56:12,VID_867034,Tech Reviews,Urdu,BR,1601,3333,126,10,8,0.669,True
2024-09-02 19:25:39,VID_505080,Tech Reviews,English,BR,2528,20930,788,151,81,-0.488,True
2025-06-27 20:03:32,VID_102547,Gaming,English,IN,1890,1176,28,2,5,-0.688,False
2024-08-22 19:08:48,VID_823175,Coding,Japanese,BR,2344,2957,33,5,11,-0.037,True
2025-01-22 23:24:10,VID_880159,Tech Reviews,English,UK,736,2481,158,23,5,0.084,True
2024-07-21 04:50:53,VID_471709,Coding,Spanish,PK,2321,1467,35,2,4,-0.119,True
2025-06-16 23:49:34,VID_777289,Vlogs,English,IN,3412,6959,156,17,15,-0.806,True
2025-10-31 20:09:22,VID_745171,Music,Spanish,BR,747,1868,158,12,3,0.025,False
2024-04-03 13:36:00,VID_348620,Tech Reviews,Spanish,IN,3225,1683,140,21,3,0.369,False
2025-03-06 17:18:33,VID_796354,Gaming,Urdu,UK,2764,23402,1226,189,105,0.955,False
2025-12-13 13:01:17,VID_989539,Vlogs,Japanese,US,2845,17264,1218,68,75,0.051,True
2024-08-24 17:55:40,VID_595141,Education,Japanese,BR,1257,1066,91,15,4,-0.622,True
2025-10-04 11:15:53,VID_999808,Education,Urdu,UK,1556,7167,672,53,9,0.48,False
2024-01-27 21:47:35,VID_669385,Education,Japanese,IN,3453,3139,152,8,6,-0.698,True
2024-05-08 16:23:18,VID_580133,Education,Hindi,US,1364,7257,536,44,34,0.773,True
2024-10-20 10:45:41,VID_584438,Education,Japanese,PK,3040,7781,548,36,27,0.475,True
2024-05-06 16:06:06,VID_168900,Vlogs,Spanish,UK,3494,5943,146,25,6,0.331,True
2024-06-17 09:52:44,VID_469769,Gaming,English,UK,1975,4111,137,22,12,0.541,True
2025-07-03 07:24:04,VID_328879,Vlogs,Spanish,IN,612,32505,2129,231,106,0.191,True
2025-02-08 03:38:37,VID_562891,Tech Reviews,Urdu,UK,1351,2524,123,16,5,-0.228,True
2024-01-17 08:52:44,VID_547781,Vlogs,English,US,3538,6702,115,17,30,-0.24,True
2024-07-18 08:55:52,VID_762798,Gaming,English,US,2028,14036,594,110,22,0.008,True
2025-12-20 02:44:50,VID_503255,Gaming,Japanese,UK,2997,11663,881,102,44,-0.672,True
2025-11-13 17:43:00,VID_304567,Tech Reviews,Spanish,IN,1517,3673,292,14,14,0.62,True
2024-09-08 05:19:55,VID_853061,Tech Reviews,Urdu,IN,2137,4073,397,63,5,0.614,True
2025-12-23 10:28:35,VID_557050,Vlogs,Spanish,US,2382,32793,3045,549,162,-0.358,True
2024-01-13 02:27:28,VID_550349,Tech Reviews,Japanese,BR,106,3177,143,27,13,-0.195,True
2024-12-08 05:41:14,VID_788878,Education,Spanish,IN,486,27493,744,52,53,-0.24,False
2025-09-15 09:43:50,VID_257643,Vlogs,English,BR,2143,8322,402,75,11,-0.991,True
2025-11-06 03:03:26,VID_575387,Vlogs,Spanish,PK,3407,9545,593,37,30,0.358,True
2024-04-25 18:29:20,VID_514743,Gaming,English,BR,482,6591,606,34,10,0.18,True
2024-05-05 21:52:36,VID_514725,Music,Japanese,IN,2115,9124,374,74,44,0.856,True
2025-01-24 15:48:00,VID_194467,Tech Reviews,Japanese,PK,852,1807,80,13,5,-0.606,True
2024-04-23 03:59:06,VID_114309,Coding,English,BR,755,2753,90,11,10,0.772,True
2024-06-13 15:07:07,VID_456817,Tech Reviews,Urdu,PK,1455,11142,381,31,31,0.984,True
2025-10-05 02:13:11,VID_724697,Vlogs,English,PK,1637,341,14,1,1,-0.55,True
2024-11-08 19:10:30,VID_586455,Music,Urdu,US,580,8006,565,33,37,-0.717,True
2024-02-10 15:26:41,VID_900747,Education,Hindi,PK,159,996,77,13,3,-0.556,True
2024-07-15 11:40:34,VID_503354,Gaming,Urdu,BR,1698,5425,516,84,25,0.818,True
2025-10-15 11:39:53,VID_245159,Education,English,PK,2904,1807,91,4,7,0.018,True
2025-02-05 20:12:52,VID_638989,Vlogs,English,UK,2614,1524,24,4,2,0.147,True
2025-03-03 16:34:23,VID_241973,Music,Japanese,BR,2453,6482,262,26,25,0.846,True
2025-03-03 15:05:07,VID_456086,Tech Reviews,Hindi,US,972,1750,53,8,6,0.694,True
2025-06-07 01:19:54,VID_354736,Gaming,Spanish,IN,621,2662,110,15,8,-0.789,True
2025-05-20 09:35:15,VID_377100,Education,Spanish,BR,1328,7019,213,35,26,-0.398,True
2025-07-21 00:28:54,VID_155571,Music,Urdu,UK,129,33509,520,33,122,-0.862,True
2024-08-16 07:16:43,VID_697292,Music,Japanese,UK,2440,4958,401,25,16,-0.835,True
2025-03-11 22:12:52,VID_800521,Vlogs,Japanese,IN,570,27818,1514,272,97,0.581,False
